var communes = {
"type": "FeatureCollection",
"name": "les communes",
"crs": { "type": "name", "properties": { "name": "urn:ogc:def:crs:OGC:1.3:CRS84" } },
"features": [
{ "type": "Feature", "properties": { "Code_Commu": "04.501.01.09.", "Code_Provi": "04.501.", "CODE_REGIO": "04.", "nom": "Commune d'Ain Attig", "Marocains_": 73616, "Etrangers_": 369, "Populati_1": 73985, "Menages_": 21033, "nom_arabe": "Ш¬Щ…Ш§Ш№Ш© Ш№ЩЉЩ† Ш№ШЄЩЉЩ‚" }, "geometry": { "type": "MultiPolygon", "coordinates": [ [ [ [ -6.942487722999886, 33.916320599000187 ], [ -6.943487722999919, 33.915120599000204 ], [ -6.944575431999851, 33.915203041000098 ], [ -6.951810712999873, 33.90729246699999 ], [ -6.948337777999939, 33.902468946000113 ], [ -6.948187722999876, 33.901520599000094 ], [ -6.947787722999919, 33.901020599000105 ], [ -6.947787722999919, 33.900620599000035 ], [ -6.947787722999919, 33.898620599000083 ], [ -6.947787722999919, 33.898220599000069 ], [ -6.947782790999952, 33.898067717000174 ], [ -6.936587722999946, 33.889620599000068 ], [ -6.937587722999922, 33.888820598999985 ], [ -6.938887723999926, 33.887920598999926 ], [ -6.923209493999877, 33.87987095800014 ], [ -6.925287723999872, 33.878220599000088 ], [ -6.930387723999957, 33.873820599000169 ], [ -6.932587723999916, 33.871620599000039 ], [ -6.936187722999875, 33.869420599000136 ], [ -6.939687723999953, 33.867720599000165 ], [ -6.938087723999899, 33.863620599000171 ], [ -6.936687723999853, 33.858520599000087 ], [ -6.946890721999864, 33.850953742000115 ], [ -6.935989563999954, 33.840631406999989 ], [ -6.942838963999918, 33.833299655000189 ], [ -6.947721658999853, 33.830858308000074 ], [ -6.951617771999906, 33.828958487000136 ], [ -6.961020977999908, 33.826017131000128 ], [ -6.961021157999937, 33.826017074999982 ], [ -6.964975433999882, 33.8247893140001 ], [ -6.965987723999888, 33.824620599000241 ], [ -6.966487723999933, 33.824320599000089 ], [ -6.967587722999951, 33.823720599000183 ], [ -6.968687723999892, 33.823320599000169 ], [ -6.970787722999944, 33.822920599000099 ], [ -6.971104796999953, 33.823459673000116 ], [ -6.970815385999913, 33.823845554000172 ], [ -6.96977421899993, 33.824486925000201 ], [ -6.967978866999943, 33.825150425000231 ], [ -6.968060179999952, 33.8262481430001 ], [ -6.966887723999946, 33.827420599000106 ], [ -6.964787723999905, 33.826520599000048 ], [ -6.963712684999848, 33.826597387000049 ], [ -6.963183782999863, 33.826395901000069 ], [ -6.962747866999848, 33.826894092000146 ], [ -6.963925434999851, 33.828464183000108 ], [ -6.964055616999872, 33.828637758000184 ], [ -6.963995556999919, 33.828704600000037 ], [ -6.960599294999895, 33.832484309999927 ], [ -6.959987722999927, 33.832720599000027 ], [ -6.959487723999871, 33.833820599000092 ], [ -6.959523752999928, 33.833878245000108 ], [ -6.959073711999906, 33.834678318000101 ], [ -6.9596964499999, 33.835799247000068 ], [ -6.961797260999901, 33.836449498000093 ], [ -6.962249675999942, 33.837231545000236 ], [ -6.961866024999892, 33.838099828000225 ], [ -6.957330044999935, 33.839597950000041 ], [ -6.954465448999883, 33.840905700000235 ], [ -6.954839091999929, 33.842026629000145 ], [ -6.955377628999884, 33.842436942000063 ], [ -6.956209115999911, 33.842960736000066 ], [ -6.957516865999935, 33.844953498000109 ], [ -6.957287723999912, 33.845620599000142 ], [ -6.957340508999948, 33.845696006000082 ], [ -6.957080949999863, 33.84669716500008 ], [ -6.958326425999871, 33.848067189000062 ], [ -6.960056790999943, 33.848692043000085 ], [ -6.960696875999929, 33.849192979000179 ], [ -6.960755104999919, 33.849561760000199 ], [ -6.960692830999903, 33.850309046000234 ], [ -6.959945544999925, 33.851367701000129 ], [ -6.95938508099988, 33.852488630000096 ], [ -6.960319187999914, 33.853671832000089 ], [ -6.96150238999985, 33.853298188999986 ], [ -6.962374223999859, 33.851865890999989 ], [ -6.963121509999951, 33.85062041499998 ], [ -6.964242437999815, 33.849374939000086 ], [ -6.964491533999819, 33.847880367000243 ], [ -6.96561246199991, 33.847568997999986 ], [ -6.966359747999945, 33.848503105000077 ], [ -6.967356128999938, 33.849063570000169 ], [ -6.969037521999894, 33.850184498000203 ], [ -6.970781188999922, 33.850122225000121 ], [ -6.970819581999933, 33.84935435400007 ], [ -6.970905736999953, 33.847942641000088 ], [ -6.971287723999922, 33.846820599000125 ], [ -6.97161389799993, 33.846657512000093 ], [ -6.972088938999946, 33.846634891000235 ], [ -6.973209867999799, 33.847070808000183 ], [ -6.974517617999823, 33.846198974000117 ], [ -6.97514035599994, 33.845825331000242 ], [ -6.976634927999953, 33.846510343000034 ], [ -6.978004950999946, 33.845451689000242 ], [ -6.978040711999824, 33.844772232000025 ], [ -6.978487723999933, 33.84352059899993 ], [ -6.978799198999866, 33.843427157000235 ], [ -6.984232332999909, 33.843209831000195 ], [ -6.987727562999908, 33.843840119000106 ], [ -6.988653773999886, 33.84426848600009 ], [ -6.987346023999862, 33.845576236000113 ], [ -6.985726904999922, 33.847880367000243 ], [ -6.986038273999952, 33.848440832000165 ], [ -6.988031035999882, 33.848440832000165 ], [ -6.988466951999897, 33.848689927000123 ], [ -6.993075214999863, 33.850744963000125 ], [ -6.993075214999863, 33.85118087900014 ], [ -6.990833356999929, 33.852177261000179 ], [ -6.990895630999944, 33.853360463000172 ], [ -6.99139382199985, 33.853671832000089 ], [ -6.991767464999953, 33.854294570000093 ], [ -6.990148344999909, 33.854356844000108 ], [ -6.990148344999909, 33.854792761000226 ], [ -6.992918007999947, 33.855942432000234 ], [ -6.993116941999858, 33.856120425000086 ], [ -6.992950666999889, 33.856785523000042 ], [ -6.991456095999922, 33.858217821000096 ], [ -6.99077108399996, 33.859899214000222 ], [ -6.990646535999929, 33.860957868000241 ], [ -6.99077108399996, 33.862327892000053 ], [ -6.991020178999918, 33.863137452000103 ], [ -6.991150593999919, 33.863919941000063 ], [ -6.990587722999862, 33.864920599000129 ], [ -6.989991535999934, 33.864966460000062 ], [ -6.988404678999871, 33.864818845000229 ], [ -6.987906487999908, 33.865130214000146 ], [ -6.988093309999954, 33.866188869000041 ], [ -6.989087723999944, 33.867020599000114 ], [ -6.99068772399994, 33.868220598999926 ], [ -6.992390202999957, 33.868866643000104 ], [ -6.993511130999877, 33.869489381000108 ], [ -6.993884773999923, 33.869925298000226 ], [ -6.993947047999882, 33.871046227000136 ], [ -6.994490157999905, 33.871951409000076 ], [ -6.994694333999917, 33.872291703000144 ], [ -6.992687723999893, 33.872520599000097 ], [ -6.992696523999882, 33.872661405000201 ], [ -6.991642916999865, 33.872789893000174 ], [ -6.992763845999946, 33.876526322000132 ], [ -6.993573404999893, 33.880885488999979 ], [ -6.995379345999936, 33.88318962000011 ], [ -6.995254797999905, 33.887361966000185 ], [ -6.995566166999936, 33.890475657000138 ], [ -6.996597448999921, 33.896182610000096 ], [ -6.996811643999933, 33.897574872000177 ], [ -6.997060738999949, 33.900065824000023 ], [ -6.996384298999942, 33.899942585000076 ], [ -6.996091987999932, 33.899889330000178 ], [ -6.996048307999956, 33.899933737000026 ], [ -6.995787723999854, 33.900020599000129 ], [ -6.994987723999941, 33.900220599000136 ], [ -6.994221118999917, 33.900713417000077 ], [ -6.992327928999941, 33.902307682000071 ], [ -6.98671152199995, 33.895958700000222 ], [ -6.9851877239999, 33.896720599000105 ], [ -6.978787722999925, 33.900420599000199 ], [ -6.975887722999914, 33.902020599000025 ], [ -6.971287723999922, 33.905920599000126 ], [ -6.970987722999951, 33.906120599000189 ], [ -6.964187723999885, 33.911220599000103 ], [ -6.959287723999921, 33.914920599000141 ], [ -6.957387722999954, 33.916520599000194 ], [ -6.953687722999859, 33.919520599000123 ], [ -6.95208772299992, 33.920920599000112 ], [ -6.951187723999851, 33.921520599000189 ], [ -6.950887723999926, 33.921820599000171 ], [ -6.948087723999947, 33.923920598999985 ], [ -6.94680545499989, 33.924917919000109 ], [ -6.946287723999887, 33.925320599000202 ], [ -6.945387723999943, 33.925920599000108 ], [ -6.944768371999942, 33.926297138999985 ], [ -6.939944851999883, 33.918675976000088 ], [ -6.940687722999883, 33.918220599000165 ], [ -6.94118772399986, 33.917620599000088 ], [ -6.94178772399988, 33.916920599000093 ], [ -6.942487722999886, 33.916320599000187 ] ] ] ] } },
{ "type": "Feature", "properties": { "Code_Commu": "04.481.03.01.", "Code_Provi": "04.481.", "CODE_REGIO": "04.", "nom": "Commune d'Ain Dfali", "Marocains_": 23017, "Etrangers_": 1, "Populati_1": 23018, "Menages_": 5659, "nom_arabe": "Ш¬Щ…Ш§Ш№Ш© Ш№ЩЉЩ† Ш§Щ„ШЇЩЃШ§Щ„ЩЉ" }, "geometry": { "type": "MultiPolygon", "coordinates": [ [ [ [ -5.580497631999947, 34.694369503000189 ], [ -5.57439514899994, 34.693444884000144 ], [ -5.568387722999944, 34.69372059900013 ], [ -5.559971098999938, 34.693444884000144 ], [ -5.552019378999887, 34.693999655000141 ], [ -5.552236394999909, 34.692408210000167 ], [ -5.552356978999853, 34.689469667000139 ], [ -5.551402118999818, 34.684377079000114 ], [ -5.550924688999942, 34.678966205000222 ], [ -5.550149329999897, 34.676950271000237 ], [ -5.550125215999856, 34.676654869000117 ], [ -5.54973111399994, 34.676260767000201 ], [ -5.549174111999946, 34.672998328000176 ], [ -5.549792042999911, 34.672573500999931 ], [ -5.549868990999869, 34.672520599000165 ], [ -5.550170689999959, 34.672313181000106 ], [ -5.550287722999883, 34.672020599000234 ], [ -5.550487722999833, 34.671520599000075 ], [ -5.551887722999936, 34.671020599000087 ], [ -5.552387723999914, 34.670320599000036 ], [ -5.552287722999893, 34.669620599000041 ], [ -5.552187723999907, 34.669020599000135 ], [ -5.55211826399983, 34.667905741000084 ], [ -5.550924688999942, 34.667189596000071 ], [ -5.548855824999919, 34.668781029000229 ], [ -5.547105247999923, 34.66782616900008 ], [ -5.54455895399991, 34.668701458000101 ], [ -5.542569661999892, 34.669178888000204 ], [ -5.5408986569999, 34.668144456000221 ], [ -5.540739513999881, 34.66599602000008 ], [ -5.539625509999837, 34.663688441000204 ], [ -5.537636217999932, 34.656606561999979 ], [ -5.528980232999913, 34.639399850000245 ], [ -5.528405902999907, 34.638623361000043 ], [ -5.525700464999886, 34.638384646000077 ], [ -5.521483165999939, 34.639021220000188 ], [ -5.517186294999931, 34.642999804000226 ], [ -5.514082999999857, 34.645068668000135 ], [ -5.509786128999849, 34.645148239000093 ], [ -5.50540968599995, 34.644591236999986 ], [ -5.500995221999915, 34.643009937000045 ], [ -5.499882991999925, 34.64239578300004 ], [ -5.49442879399993, 34.63886207600018 ], [ -5.491882499999917, 34.634963064000146 ], [ -5.491166354999962, 34.63233719800013 ], [ -5.489256633999958, 34.631302766000147 ], [ -5.48710819899992, 34.632018910999989 ], [ -5.484522221999953, 34.632235133000108 ], [ -5.48057231599995, 34.63167453300008 ], [ -5.474854159999893, 34.629790904000117 ], [ -5.470318573999862, 34.629393046000075 ], [ -5.465782987999944, 34.629631760999985 ], [ -5.461326972999927, 34.628358614000092 ], [ -5.459258109999894, 34.6252553180002 ], [ -5.456950530999961, 34.622470309000221 ], [ -5.452176229999907, 34.622152023000183 ], [ -5.445133469999917, 34.623728642000174 ], [ -5.443839003999926, 34.620584939000196 ], [ -5.439230557999906, 34.619313643000169 ], [ -5.438476215999913, 34.619105548999983 ], [ -5.434592817999942, 34.616516617000229 ], [ -5.422018004999927, 34.60893474400018 ], [ -5.41838772299991, 34.600620599000194 ], [ -5.417187722999927, 34.598120599000083 ], [ -5.413696436999885, 34.595250389000114 ], [ -5.414444788999901, 34.59330467500024 ], [ -5.415695262999918, 34.589991955000073 ], [ -5.413658547999944, 34.587227842000232 ], [ -5.412313251999933, 34.586982305000106 ], [ -5.415986221999901, 34.583445370999982 ], [ -5.419399276999854, 34.581170001000203 ], [ -5.419865390999803, 34.580990727000142 ], [ -5.420787049999944, 34.579953860000046 ], [ -5.422823764999862, 34.577917145000185 ], [ -5.427042673999892, 34.576316869000095 ], [ -5.4287884299999, 34.574716593000232 ], [ -5.429661306999947, 34.572970838000117 ], [ -5.430388705999917, 34.570643164000046 ], [ -5.431562750999888, 34.56806026300012 ], [ -5.432134460999919, 34.565987815000085 ], [ -5.4306796649999, 34.56482397799999 ], [ -5.4306796649999, 34.562350825000237 ], [ -5.43358925799987, 34.560896028000229 ], [ -5.434262596999872, 34.560415072000069 ], [ -5.434509395999953, 34.560360227000047 ], [ -5.435480492999943, 34.557986436000192 ], [ -5.434607614999948, 34.55594972099999 ], [ -5.433152818999929, 34.552749169000037 ], [ -5.432296849999943, 34.552064394000126 ], [ -5.431987723999953, 34.552120599000034 ], [ -5.431637390999924, 34.552164391000133 ], [ -5.430097745999888, 34.55143985199993 ], [ -5.4296149299999, 34.550635157999977 ], [ -5.429687723999905, 34.550620599000126 ], [ -5.429787723999937, 34.550520599000038 ], [ -5.429883202999918, 34.550499381000236 ], [ -5.429515827999921, 34.549985056000196 ], [ -5.429515827999921, 34.549014343000067 ], [ -5.429515827999921, 34.548821219000104 ], [ -5.429634304999922, 34.548347308000075 ], [ -5.429806786999904, 34.547657382000182 ], [ -5.430243225999959, 34.546348065000075 ], [ -5.430731803999947, 34.545468625000183 ], [ -5.430627576999939, 34.54543388299993 ], [ -5.431261582999923, 34.544165870000086 ], [ -5.430534184999942, 34.543002033000164 ], [ -5.429851327999927, 34.542443332000232 ], [ -5.429978810999899, 34.542422084000236 ], [ -5.4287884299999, 34.541401757000131 ], [ -5.429786075999857, 34.540766892000079 ], [ -5.430388705999917, 34.540383400000167 ], [ -5.432716379999931, 34.540383400000167 ], [ -5.444645709999861, 34.540819839000108 ], [ -5.446973383999875, 34.541692717000046 ], [ -5.448864618999949, 34.547511902000224 ], [ -5.452801451999903, 34.551041476000194 ], [ -5.453987723999944, 34.551320599000121 ], [ -5.454487722999886, 34.551520599000128 ], [ -5.454987723999807, 34.551720599000191 ], [ -5.455987723999954, 34.551520599000128 ], [ -5.456887723999955, 34.551620599000103 ], [ -5.457887723999931, 34.551520599000128 ], [ -5.459887723999941, 34.551520599000128 ], [ -5.461387722999916, 34.551720599000191 ], [ -5.46268772399992, 34.552020599000116 ], [ -5.463587723999922, 34.552220599000179 ], [ -5.464187723999942, 34.552520599000104 ], [ -5.465287722999904, 34.553020599000092 ], [ -5.465787723999881, 34.553320599000244 ], [ -5.467987723999954, 34.554120598999987 ], [ -5.470887723999908, 34.554620599000145 ], [ -5.473685068999885, 34.553578622000146 ], [ -5.476812279999933, 34.551588578000178 ], [ -5.481787388999862, 34.545902740000088 ], [ -5.4893211239999, 34.540785486000175 ], [ -5.498134173999915, 34.53197243599999 ], [ -5.499349757999937, 34.532203976000176 ], [ -5.499383393999949, 34.532439428000089 ], [ -5.506269380999925, 34.534240378000106 ], [ -5.50568772399987, 34.535320599000045 ], [ -5.504625679999947, 34.536768841000139 ], [ -5.50348772399991, 34.538320599000087 ], [ -5.502787722999926, 34.53952059900007 ], [ -5.502887723999947, 34.540220599000065 ], [ -5.503027831999873, 34.540255626000032 ], [ -5.502803869999923, 34.540767541000037 ], [ -5.503012178999938, 34.54088326800013 ], [ -5.5041423159999, 34.541511123000078 ], [ -5.508306372999925, 34.54210598800023 ], [ -5.511726847999853, 34.53942909400007 ], [ -5.516931918999944, 34.534224023000036 ], [ -5.523887723999906, 34.531420599000114 ], [ -5.523960562999832, 34.531433842000013 ], [ -5.525141905999874, 34.530977415000223 ], [ -5.529548429999863, 34.529698101000236 ], [ -5.532287722999854, 34.529920598999979 ], [ -5.533954954999956, 34.530124538999985 ], [ -5.540493668999886, 34.526570890000187 ], [ -5.546463798999866, 34.527139474000194 ], [ -5.552291782999873, 34.526855182000077 ], [ -5.555276847999949, 34.524438701000065 ], [ -5.560820540999885, 34.52159578100003 ], [ -5.562666952999905, 34.521910064000224 ], [ -5.567501400999959, 34.522732948999987 ], [ -5.571765778999918, 34.519321446000049 ], [ -5.577735909999888, 34.518895008000129 ], [ -5.579299514999946, 34.524012263000145 ], [ -5.582995309999944, 34.528276641000048 ], [ -5.582719601999941, 34.530372022000108 ], [ -5.582426725999881, 34.534104626000044 ], [ -5.583421747999864, 34.538937588000238 ], [ -5.582000287999961, 34.545192010000108 ], [ -5.589107585999955, 34.559264460000236 ], [ -5.590754896999897, 34.560315285000229 ], [ -5.592803380999953, 34.561680941000077 ], [ -5.599484240999914, 34.562249525000027 ], [ -5.600763554999958, 34.560543774000223 ], [ -5.60517007899989, 34.559122314000035 ], [ -5.607870851999905, 34.561823087000107 ], [ -5.608987723999917, 34.5608179030001 ], [ -5.608987723999917, 34.560420599000224 ], [ -5.609287723999955, 34.559720599000229 ], [ -5.609587723999937, 34.559120598999982 ], [ -5.610776581999858, 34.559545191000097 ], [ -5.611993084999881, 34.559264460000236 ], [ -5.612419522999915, 34.556421541000134 ], [ -5.613706471999933, 34.556692477000126 ], [ -5.613887723999881, 34.556420599000035 ], [ -5.614364352999814, 34.556398934000129 ], [ -5.616151714999887, 34.557292615000051 ], [ -5.617598427999951, 34.558164107000039 ], [ -5.618958236999958, 34.560543774000223 ], [ -5.618709596999906, 34.56278153500017 ], [ -5.617787723999925, 34.562320599000088 ], [ -5.615515466999909, 34.561798869000086 ], [ -5.615545802999861, 34.562649835000116 ], [ -5.617987723999931, 34.56322059900009 ], [ -5.619387723999864, 34.563720599000078 ], [ -5.619387723999864, 34.565120599000124 ], [ -5.619442983999932, 34.565685111000107 ], [ -5.618022214999939, 34.567414743000199 ], [ -5.617681150999886, 34.567856673000165 ], [ -5.620931887999916, 34.570731008000223 ], [ -5.621087723999949, 34.571120599000039 ], [ -5.621287723999956, 34.57192059900018 ], [ -5.621687723999912, 34.571720599000116 ], [ -5.622062442999948, 34.571720599000116 ], [ -5.622474975999864, 34.572076877000143 ], [ -5.623900089999836, 34.571720599000116 ], [ -5.624113889999933, 34.571667149000177 ], [ -5.624207427999863, 34.571720599000116 ], [ -5.626981990999923, 34.573306063000246 ], [ -5.627204273999951, 34.572941824000168 ], [ -5.62862416199988, 34.571631158000116 ], [ -5.630898496999862, 34.574047639000128 ], [ -5.631458055999929, 34.575390580000146 ], [ -5.633783485999913, 34.576583892000087 ], [ -5.634807806999959, 34.576747784000133 ], [ -5.638147940999829, 34.577032705000192 ], [ -5.638147940999829, 34.579022748000114 ], [ -5.636876160999918, 34.581778272000179 ], [ -5.637187723999944, 34.582020599000089 ], [ -5.638687722999919, 34.583820598999978 ], [ -5.638687722999919, 34.584492301000125 ], [ -5.639285108999957, 34.584850732000177 ], [ -5.638290086999859, 34.587551505000079 ], [ -5.63857437899992, 34.589115111000183 ], [ -5.64013798499991, 34.588972964999925 ], [ -5.642554465999922, 34.586840776000201 ], [ -5.642647109999928, 34.586961212000176 ], [ -5.642787722999856, 34.586820599000191 ], [ -5.64368772399996, 34.586920599000109 ], [ -5.64408772399986, 34.587420599000097 ], [ -5.644296558999883, 34.587671202000138 ], [ -5.64468665499993, 34.587125066999988 ], [ -5.643123049999872, 34.585135024000067 ], [ -5.644187722999959, 34.584389752999982 ], [ -5.644187722999959, 34.58372059900023 ], [ -5.644887723999943, 34.58372059900023 ], [ -5.645587722999892, 34.583820598999978 ], [ -5.646329775999902, 34.584085618000131 ], [ -5.649456106999935, 34.582745762000116 ], [ -5.649519617999943, 34.582718543000055 ], [ -5.649528689999897, 34.582713503000036 ], [ -5.652772445999915, 34.580911416000049 ], [ -5.654400748999876, 34.580979262000142 ], [ -5.655631893999953, 34.582434251000166 ], [ -5.658048374999908, 34.582434251000166 ], [ -5.658048374999908, 34.580444208000131 ], [ -5.657479790999901, 34.578596310000137 ], [ -5.658170703999872, 34.578345069000079 ], [ -5.658087723999927, 34.578220599000076 ], [ -5.658087723999927, 34.577720599000088 ], [ -5.658677121999858, 34.577215401000046 ], [ -5.661087722999923, 34.577416284000037 ], [ -5.661087722999923, 34.577820599000177 ], [ -5.66112744499992, 34.577939764000178 ], [ -5.662865342999908, 34.579494726000235 ], [ -5.663387723999961, 34.579320599000141 ], [ -5.663987723999867, 34.579620599000066 ], [ -5.663926346999858, 34.580357123000113 ], [ -5.664587088999895, 34.580302062000044 ], [ -5.665837812999939, 34.58322041800011 ], [ -5.668969245999961, 34.588228502999982 ], [ -5.672444554999913, 34.595050405999984 ], [ -5.674890142999914, 34.601614879000181 ], [ -5.675791148999849, 34.608308068000042 ], [ -5.675533718999873, 34.612169523000034 ], [ -5.675178575999894, 34.615591998000184 ], [ -5.667041932999894, 34.616331693000177 ], [ -5.658350517999907, 34.617626159000167 ], [ -5.65428219599994, 34.616516617000229 ], [ -5.650583721999908, 34.614297532000194 ], [ -5.647624941999936, 34.610229211000103 ], [ -5.644296314999906, 34.609119668000233 ], [ -5.639787723999859, 34.609320599000228 ], [ -5.639087722999932, 34.609320599000228 ], [ -5.636188770999922, 34.610622169000123 ], [ -5.63618772399991, 34.610620599000129 ], [ -5.636184020999849, 34.61062430200019 ], [ -5.634187722999911, 34.611520599000187 ], [ -5.633043482999881, 34.611991557000238 ], [ -5.629687340999851, 34.613372914000081 ], [ -5.628392874999861, 34.616331693000177 ], [ -5.626833276999946, 34.61902144600009 ], [ -5.626358714999867, 34.623173871000176 ], [ -5.623487723999915, 34.631720599000175 ], [ -5.624013923999939, 34.633825399999978 ], [ -5.62173562199996, 34.637967768000237 ], [ -5.61896176599987, 34.639632082000105 ], [ -5.611934663999932, 34.641851167000141 ], [ -5.604907562999927, 34.642036090000033 ], [ -5.603058325999939, 34.644070251000244 ], [ -5.599116432999949, 34.651285481000173 ], [ -5.598990003999859, 34.651652124000236 ], [ -5.597325690999924, 34.65775460600014 ], [ -5.598065384999927, 34.663302317999978 ], [ -5.599359851999907, 34.667555563000235 ], [ -5.598250308999866, 34.672363580000081 ], [ -5.595661376999885, 34.674212817000239 ], [ -5.594366910999895, 34.680315300000018 ], [ -5.591593054999862, 34.688082096000187 ], [ -5.588802568999938, 34.700356882000222 ], [ -5.586045343999956, 34.69769813 ], [ -5.582901640999921, 34.695479045000127 ], [ -5.580497631999947, 34.694369503000189 ] ] ] ] } },
{ "type": "Feature", "properties": { "Code_Commu": "04.501.01.01.", "Code_Provi": "04.501.", "CODE_REGIO": "04.", "nom": "Commune d'Ain El Aouda", "Marocains_": 98419, "Etrangers_": 83, "Populati_1": 98502, "Menages_": 23899, "nom_arabe": "Ш¬Щ…Ш§Ш№Ш© Ш№ЩЉЩ† Ш§Щ„Ш№Щ€ШЇШ©" }, "geometry": { "type": "MultiPolygon", "coordinates": [ [ [ [ -6.778008077999914, 33.817923334999989 ], [ -6.775269931999901, 33.808187703000044 ], [ -6.7773996009999, 33.800885979000043 ], [ -6.7773996009999, 33.796626641000046 ], [ -6.785429231999842, 33.782946530000117 ], [ -6.785309801999915, 33.782631670000171 ], [ -6.789873378999914, 33.781718955000088 ], [ -6.79054168599987, 33.781551463000085 ], [ -6.796442762999902, 33.784891695000226 ], [ -6.806240776999857, 33.790570089000198 ], [ -6.812691265999888, 33.7957139250002 ], [ -6.812691265999888, 33.796098226000083 ], [ -6.812691265999888, 33.796504945000095 ], [ -6.812691265999888, 33.80304028900008 ], [ -6.81279819599996, 33.8042123580002 ], [ -6.812813125999924, 33.804376009000123 ], [ -6.813603980999915, 33.811230088000116 ], [ -6.810293952999871, 33.813776264000126 ], [ -6.809405422999873, 33.814304934000177 ], [ -6.805085302999942, 33.814880950000031 ], [ -6.802892790999806, 33.814515531000097 ], [ -6.797110808999946, 33.813617690000171 ], [ -6.792884085999901, 33.815416961000096 ], [ -6.792577568999945, 33.815547443000241 ], [ -6.785614039999928, 33.818531812000117 ], [ -6.778008077999914, 33.817923334999989 ] ] ] ] } },
{ "type": "Feature", "properties": { "Code_Commu": "04.291.09.02.", "Code_Provi": "04.291.", "CODE_REGIO": "04.", "nom": "Commune d'Ain Johra-Sidi Boukhalkhal", "Marocains_": 16639, "Etrangers_": 5, "Populati_1": 16644, "Menages_": 4050, "nom_arabe": "Ш¬Щ…Ш§Ш№Ш© Ш№ЩЉЩ† Ш§Щ„Ш¬Щ€Щ‡Ш±Ш©-ШіЩЉШЇЩЉ ШЁЩ€Ш®Щ„Ш®Ш§Щ„" }, "geometry": { "type": "MultiPolygon", "coordinates": [ [ [ [ -6.421420637999915, 34.160110327000041 ], [ -6.385887723999872, 34.155220599000074 ], [ -6.379087722999941, 34.160920599000065 ], [ -6.362770531999956, 34.168992782000146 ], [ -6.348060799999928, 34.152648635999981 ], [ -6.310877866999874, 34.152240032000122 ], [ -6.305077635999908, 34.154220598999927 ], [ -6.279523377999851, 34.162293426000076 ], [ -6.278487722999955, 34.162620599000036 ], [ -6.274587722999854, 34.162520599000118 ], [ -6.269599477999861, 34.162463699000227 ], [ -6.278598177999868, 34.136713093000196 ], [ -6.28431862899987, 34.124454984000124 ], [ -6.292443837999883, 34.095802931000094 ], [ -6.29178772399996, 34.094320599000184 ], [ -6.288587723999797, 34.086920599000223 ], [ -6.285487723999893, 34.079020599000103 ], [ -6.273286330999952, 34.057852587000127 ], [ -6.279415385999926, 34.048046100000079 ], [ -6.288813269999878, 34.039874026000177 ], [ -6.296168134999959, 34.030067539000129 ], [ -6.29984556799991, 34.020669654000187 ], [ -6.283092817999886, 34.008002941000086 ], [ -6.26634006799992, 34.005142715000034 ], [ -6.268149596999933, 34.000920482000197 ], [ -6.270017500999927, 33.994519020000041 ], [ -6.285135836999928, 33.965916763999985 ], [ -6.302705793999905, 33.965099557000087 ], [ -6.312032586999919, 33.958011194000107 ], [ -6.317887723999888, 33.956620599000019 ], [ -6.318055554999944, 33.955986569000174 ], [ -6.31898473799987, 33.955614896000043 ], [ -6.319287454999881, 33.95258772699998 ], [ -6.322718246999955, 33.945625237000115 ], [ -6.328469868999889, 33.938259124000012 ], [ -6.330387076999898, 33.932507502000192 ], [ -6.3364414159999, 33.920701541000085 ], [ -6.335533264999924, 33.917977088000043 ], [ -6.333913551999899, 33.914332735000187 ], [ -6.333111528999893, 33.91252818300012 ], [ -6.347687723999798, 33.901320599000201 ], [ -6.350063677999913, 33.895071506000193 ], [ -6.357387723999921, 33.89602059900011 ], [ -6.357460672999878, 33.895925205000196 ], [ -6.361869639999952, 33.896383279000077 ], [ -6.363988657999926, 33.890127129000064 ], [ -6.365769233999913, 33.882714197000098 ], [ -6.367172095999877, 33.877262238000128 ], [ -6.367419449999943, 33.876202149000051 ], [ -6.369538468999849, 33.875596715000086 ], [ -6.378014543999939, 33.875596715000086 ], [ -6.384270693999952, 33.873477697000226 ], [ -6.385487723999915, 33.87412059899998 ], [ -6.393699326999922, 33.87323878400008 ], [ -6.40493453799985, 33.873761352000201 ], [ -6.411727920999908, 33.87402263600012 ], [ -6.416953599999886, 33.875851623000187 ], [ -6.420872859999918, 33.875329055000122 ], [ -6.425314687999901, 33.87428391899999 ], [ -6.426621106999903, 33.871932364000202 ], [ -6.429495230999862, 33.866967967999926 ], [ -6.43628861399992, 33.865138979999983 ], [ -6.439587723999921, 33.864820598999984 ], [ -6.449091528999872, 33.862787425000192 ], [ -6.453794639999899, 33.859652017000087 ], [ -6.458187722999867, 33.859120599000164 ], [ -6.461894443999881, 33.856777893000128 ], [ -6.462939578999851, 33.854426338000167 ], [ -6.467903974999899, 33.852074782000102 ], [ -6.472229034999941, 33.850946505000138 ], [ -6.473913505999917, 33.850507078000078 ], [ -6.475787723999929, 33.857920599000181 ], [ -6.475587723999922, 33.861120599000117 ], [ -6.47534227899996, 33.862035437000145 ], [ -6.492308968999907, 33.866856158000132 ], [ -6.5052877239998, 33.865420599000061 ], [ -6.510487723999915, 33.865820599000131 ], [ -6.513687723999908, 33.86802059900009 ], [ -6.512266332999957, 33.869238934000066 ], [ -6.520576140999935, 33.874615869000081 ], [ -6.537405510999918, 33.900934885000083 ], [ -6.533672014999865, 33.901401572000054 ], [ -6.529044423999892, 33.901980020000167 ], [ -6.526954152999849, 33.901980020000167 ], [ -6.523034892999931, 33.900673601000165 ], [ -6.518787723999822, 33.902620598999931 ], [ -6.513628669999889, 33.898060761000124 ], [ -6.511277113999938, 33.895970489000035 ], [ -6.505790150999871, 33.895709205000117 ], [ -6.497951631999854, 33.893618933000141 ], [ -6.490635679999912, 33.892573798000114 ], [ -6.48305844499987, 33.89126737800018 ], [ -6.479139185999941, 33.89205123000005 ], [ -6.467381406999948, 33.890483526000196 ], [ -6.461633159999849, 33.89022224200005 ], [ -6.45693004799989, 33.892573798000114 ], [ -6.450659232999953, 33.897276909000141 ], [ -6.447523824999848, 33.898844613000165 ], [ -6.44151429399983, 33.901196169000229 ], [ -6.437595033999912, 33.901457452999978 ], [ -6.430279082999959, 33.900934885000083 ], [ -6.427666242999862, 33.901196169000229 ], [ -6.423224415999869, 33.90276387199998 ], [ -6.417998735999959, 33.906421847999979 ], [ -6.413295624999932, 33.909295972000109 ], [ -6.405457105999915, 33.91347651500007 ], [ -6.402321697999923, 33.916089355000224 ], [ -6.398663721999867, 33.922360170000104 ], [ -6.398925005999899, 33.924711726000169 ], [ -6.396573450999938, 33.926540714000168 ], [ -6.396050882999873, 33.928892270000233 ], [ -6.393176758999914, 33.928892270000233 ], [ -6.391609054999947, 33.928369702000168 ], [ -6.391347770999914, 33.925495578000039 ], [ -6.38978006699989, 33.924711726000169 ], [ -6.385860807999961, 33.925234294000234 ], [ -6.383509251999897, 33.930198689000235 ], [ -6.385076955999864, 33.935946936999926 ], [ -6.388968575999911, 33.938600314000041 ], [ -6.396587723999858, 33.954520599000034 ], [ -6.398925005999899, 33.959462494000093 ], [ -6.399447573999907, 33.962859186000117 ], [ -6.401276561999794, 33.96364303799993 ], [ -6.406763525999907, 33.971220273000085 ], [ -6.392816342999936, 33.977471525999988 ], [ -6.395820690999926, 33.985840780000046 ], [ -6.394855007999865, 33.999682238000048 ], [ -6.395090528999901, 34.010025473000098 ], [ -6.395770548999849, 34.018730711999979 ], [ -6.395857144999923, 34.020116242000199 ], [ -6.393287723999947, 34.027420598999981 ], [ -6.392279852999934, 34.029511117000141 ], [ -6.406335906999914, 34.046142326000165 ], [ -6.412585645999911, 34.053324657000132 ], [ -6.43625939899988, 34.087636431000135 ], [ -6.437409546999902, 34.116677669000126 ], [ -6.437486529999887, 34.118621496000117 ], [ -6.443375506999928, 34.119270777000111 ], [ -6.47085622599991, 34.122300620000033 ], [ -6.432838877999927, 34.16639077799999 ], [ -6.426660701999879, 34.173713378000116 ], [ -6.420896668999944, 34.180545122000126 ], [ -6.421420637999915, 34.160110327000041 ] ] ] ] } },
{ "type": "Feature", "properties": { "Code_Commu": "04.291.07.01.", "Code_Provi": "04.291.", "CODE_REGIO": "04.", "nom": "Commune d'Ain Sbit", "Marocains_": 10424, "Etrangers_": 1, "Populati_1": 10425, "Menages_": 2538, "nom_arabe": "Ш¬Щ…Ш§Ш№Ш© Ш№ЩЉЩ† Ш§Щ„ШіШЁЩЉШЄ" }, "geometry": { "type": "MultiPolygon", "coordinates": [ [ [ [ -6.522256601999857, 33.614454513000112 ], [ -6.514470913999958, 33.610302146000038 ], [ -6.508221101999936, 33.613467811000191 ], [ -6.512654252999937, 33.592914109000105 ], [ -6.510897241999942, 33.594842207000113 ], [ -6.488518619999923, 33.611859284000104 ], [ -6.478397225999913, 33.600959320000243 ], [ -6.477302704999943, 33.597756835000041 ], [ -6.46645917099994, 33.568259431000115 ], [ -6.458413959999916, 33.555802330000176 ], [ -6.452185408999924, 33.54542141200011 ], [ -6.447254473999863, 33.542826183000045 ], [ -6.439209262999952, 33.534002403000045 ], [ -6.435835464999911, 33.531147651000083 ], [ -6.389121335999903, 33.528552422000018 ], [ -6.362447648999876, 33.529068925999979 ], [ -6.36238772299987, 33.52772059900002 ], [ -6.36298772299989, 33.523220599000012 ], [ -6.363198304999912, 33.522333146000221 ], [ -6.363688088999936, 33.510904862000018 ], [ -6.367321409999818, 33.500264421999987 ], [ -6.36706188699992, 33.494295394000119 ], [ -6.360228114999927, 33.480121644000121 ], [ -6.36009921099992, 33.479854287000137 ], [ -6.360314290999952, 33.479762110000081 ], [ -6.360059305999869, 33.479405131000078 ], [ -6.360831637999922, 33.41864826900013 ], [ -6.373549959999934, 33.409171872000229 ], [ -6.373549959999934, 33.408023222000224 ], [ -6.373586144999933, 33.408001797000168 ], [ -6.376485420999813, 33.39511612299998 ], [ -6.376512581999918, 33.394995409000103 ], [ -6.377702326999952, 33.389707652000197 ], [ -6.402876051999954, 33.369983909000098 ], [ -6.403356330999941, 33.368456488000106 ], [ -6.403537041999925, 33.368480815000055 ], [ -6.416630766999845, 33.370243432000166 ], [ -6.426233115999935, 33.368167248000134 ], [ -6.432721188999949, 33.368686294000099 ], [ -6.436354509999944, 33.36661011100017 ], [ -6.441285445999881, 33.36505297299999 ], [ -6.449849702999927, 33.366869634000068 ], [ -6.460490142999959, 33.372060092000197 ], [ -6.484366252999905, 33.379067211000063 ], [ -6.506166179999923, 33.388669560000096 ], [ -6.512654252999937, 33.38711242200003 ], [ -6.520958986999858, 33.395157633000224 ], [ -6.546651757999939, 33.396455248000166 ], [ -6.557811243999936, 33.399829046000093 ], [ -6.559108857999831, 33.410729009000192 ], [ -6.56507788599987, 33.415919468000027 ], [ -6.574161188999938, 33.420850404000191 ], [ -6.581687353999939, 33.427078954000194 ], [ -6.586618288999944, 33.43512416499999 ], [ -6.588434949999851, 33.443169376000185 ], [ -6.582991208999943, 33.453141389999928 ], [ -6.572863573999939, 33.454328862000125 ], [ -6.570527867999886, 33.457702660999985 ], [ -6.562742178999883, 33.458481229000085 ], [ -6.552101738999852, 33.455626477000123 ], [ -6.539125591999948, 33.45718361500019 ], [ -6.535689157999911, 33.457587901000238 ], [ -6.532387723999932, 33.459020598999928 ], [ -6.526687723999942, 33.461220599000058 ], [ -6.522387722999952, 33.463120599000092 ], [ -6.515787723999949, 33.465320599000222 ], [ -6.511883685999919, 33.466039764000129 ], [ -6.505906656999912, 33.46912167000005 ], [ -6.506143514999906, 33.4719639650001 ], [ -6.506304268999884, 33.473089244000221 ], [ -6.514748193999878, 33.474587359000111 ], [ -6.514749985999856, 33.474587650000046 ], [ -6.514750015999937, 33.474587683000095 ], [ -6.517585188999874, 33.475090696999985 ], [ -6.527966105999951, 33.495073962999982 ], [ -6.546911279999904, 33.520247687999984 ], [ -6.548987463999936, 33.525438147000045 ], [ -6.548749984999915, 33.525600064000173 ], [ -6.550741928999855, 33.530722204000142 ], [ -6.557004203999952, 33.53989196399999 ], [ -6.558956367999826, 33.542891742999984 ], [ -6.559674268999913, 33.545583872000236 ], [ -6.562223133999908, 33.558916604999979 ], [ -6.553658876999918, 33.566442769999981 ], [ -6.560406472999887, 33.569816568000078 ], [ -6.567413591999866, 33.574747504000243 ], [ -6.568970729999933, 33.579159394000044 ], [ -6.552620784999931, 33.604852164000135 ], [ -6.549506509999958, 33.613935467000204 ], [ -6.548493944999962, 33.625073681000174 ], [ -6.546400802999869, 33.623568809000176 ], [ -6.543018435999954, 33.621461632000035 ], [ -6.534194656999944, 33.617568788000142 ], [ -6.522256601999857, 33.614454513000112 ] ] ] ] } },
{ "type": "Feature", "properties": { "Code_Commu": "04.291.09.03.", "Code_Provi": "04.291.", "CODE_REGIO": "04.", "nom": "Commune d'Ait Belkacem", "Marocains_": 4396, "Etrangers_": 0, "Populati_1": 4396, "Menages_": 1124, "nom_arabe": "Ш¬Щ…Ш§Ш№Ш© ШўЩЉШЄ ШЁЩ„Щ‚Ш§ШіЩ…" }, "geometry": { "type": "MultiPolygon", "coordinates": [ [ [ [ -6.363685940999915, 33.876504866000175 ], [ -6.358640658999946, 33.873275885000226 ], [ -6.35369628199993, 33.874083130000145 ], [ -6.348348281999904, 33.87367950800018 ], [ -6.344009338999911, 33.874789470000167 ], [ -6.3286716799999, 33.876303055000051 ], [ -6.32843502299994, 33.876328411000202 ], [ -6.327460812999959, 33.873275885000226 ], [ -6.323626397999874, 33.870652338000127 ], [ -6.322516435999887, 33.866817924000145 ], [ -6.322239494999906, 33.86637807599999 ], [ -6.322287722999874, 33.865220599000224 ], [ -6.31830800399996, 33.86014537599999 ], [ -6.318287723999958, 33.852920599000186 ], [ -6.317984453999884, 33.85281298699999 ], [ -6.316525787999922, 33.847160658000121 ], [ -6.301758852999853, 33.840031792000048 ], [ -6.297685215999877, 33.836212757000169 ], [ -6.292593168999929, 33.836212757000169 ], [ -6.290047145999949, 33.837994974000082 ], [ -6.285718906999932, 33.839522588000193 ], [ -6.28164526899991, 33.840286395000078 ], [ -6.275280210999881, 33.840540997000176 ], [ -6.272224982999944, 33.842068611000059 ], [ -6.270540028999903, 33.84450075500024 ], [ -6.273243391999927, 33.83824957600018 ], [ -6.272920504999945, 33.827594275000081 ], [ -6.272479585999804, 33.824755653000238 ], [ -6.29462998799994, 33.823737242999982 ], [ -6.308633115999953, 33.822209629000042 ], [ -6.308633115999953, 33.818899799000121 ], [ -6.305323285999918, 33.81406235500009 ], [ -6.295903, 33.81380775299999 ], [ -6.295648396999923, 33.806169683000235 ], [ -6.293987723999919, 33.800520598999981 ], [ -6.296157601999937, 33.791402748000053 ], [ -6.305832489999943, 33.78987513400017 ], [ -6.311942945999874, 33.788602121999986 ], [ -6.319071810999901, 33.788347520000229 ], [ -6.326964483999859, 33.787583713000174 ], [ -6.33689397399985, 33.78554689399999 ], [ -6.346059657999888, 33.783255473000168 ], [ -6.355225341999869, 33.784273883000083 ], [ -6.361081195999873, 33.785292292000236 ], [ -6.36540943499989, 33.787074508000046 ], [ -6.369103308999911, 33.789009394000118 ], [ -6.391087723999931, 33.790420599000072 ], [ -6.40964389099986, 33.792685569000241 ], [ -6.41654703699993, 33.792908252000132 ], [ -6.415990331999865, 33.793687639000041 ], [ -6.415890192999939, 33.7941883310001 ], [ -6.415767648999918, 33.794801050000046 ], [ -6.418144232999907, 33.795567690000098 ], [ -6.421267632999957, 33.796880583000075 ], [ -6.423895546999915, 33.800034079999989 ], [ -6.424940144999937, 33.800882815000136 ], [ -6.425387722999915, 33.801820599000052 ], [ -6.426187722999941, 33.802220599000123 ], [ -6.427042803999882, 33.802184971000202 ], [ -6.427347120999912, 33.80237224199999 ], [ -6.42790382599992, 33.802706266000087 ], [ -6.429573941999877, 33.802817607000122 ], [ -6.430798693999861, 33.802706266000087 ], [ -6.432468809999932, 33.803151630000173 ], [ -6.434250266999925, 33.802817607000122 ], [ -6.435151276999932, 33.80218689899999 ], [ -6.436287723999897, 33.802320599000041 ], [ -6.437277602999927, 33.80274483300019 ], [ -6.441376094999953, 33.80237224199999 ], [ -6.444827667999959, 33.803262971000038 ], [ -6.445161691999886, 33.804042358000117 ], [ -6.445011705999946, 33.804200238000078 ], [ -6.445021968999868, 33.804405492000171 ], [ -6.444270962999894, 33.806157838999923 ], [ -6.443825598999922, 33.807605272999979 ], [ -6.443825598999922, 33.808384660000229 ], [ -6.444493644999852, 33.808941366000113 ], [ -6.445384373999957, 33.808941366000113 ], [ -6.446609124999952, 33.808607342000187 ], [ -6.447722535999958, 33.807605272999979 ], [ -6.44793604799986, 33.806922035000127 ], [ -6.448287723999897, 33.806620599000041 ], [ -6.448487723999961, 33.806120599000224 ], [ -6.448402592999912, 33.805354430000193 ], [ -6.448501923999856, 33.80515576900018 ], [ -6.448501923999856, 33.803708335000124 ], [ -6.448501923999856, 33.802038219000167 ], [ -6.448613264999949, 33.801147491000165 ], [ -6.449281310999879, 33.800479444000018 ], [ -6.450060698999948, 33.800368102999983 ], [ -6.450589454999943, 33.80054435500017 ], [ -6.45541023699991, 33.804926884000167 ], [ -6.455487722999919, 33.805120599000077 ], [ -6.45558772399994, 33.805720598999983 ], [ -6.45558772399994, 33.8071205990002 ], [ -6.455387723999934, 33.808520599000019 ], [ -6.455287722999913, 33.809220599000241 ], [ -6.453587723999931, 33.810720598999978 ], [ -6.452687722999883, 33.811620599000037 ], [ -6.452578587999938, 33.812384543000178 ], [ -6.452398860999892, 33.812615621000134 ], [ -6.452176178999935, 33.813506349000079 ], [ -6.452176178999935, 33.814508419000049 ], [ -6.452287519999913, 33.815065124000171 ], [ -6.453623612999877, 33.816512558000227 ], [ -6.455405069999927, 33.819073403000118 ], [ -6.457587722999961, 33.821020599000121 ], [ -6.458487723999895, 33.823520599000176 ], [ -6.460487723999904, 33.824520598999982 ], [ -6.461187723999956, 33.824620599000241 ], [ -6.461987723999869, 33.824720598999988 ], [ -6.466287722999937, 33.824620599000241 ], [ -6.468687723999835, 33.824420599000234 ], [ -6.470587722999937, 33.823920599000076 ], [ -6.47178772299992, 33.823420599000087 ], [ -6.474687722999874, 33.822920599000099 ], [ -6.475487722999958, 33.823120599000106 ], [ -6.477287722999961, 33.827520599000195 ], [ -6.4774877239999, 33.82942059900023 ], [ -6.478487723999933, 33.830220599000143 ], [ -6.478487723999933, 33.830920599000137 ], [ -6.479087723999953, 33.831320599000037 ], [ -6.478887723999947, 33.831620599000132 ], [ -6.4762654699999, 33.833675879000225 ], [ -6.475990506999949, 33.836333854000145 ], [ -6.474902902999929, 33.838509061000082 ], [ -6.473815299999899, 33.841771871999924 ], [ -6.473913505999917, 33.850507078000078 ], [ -6.472229034999941, 33.850946505000138 ], [ -6.467903974999899, 33.852074782000102 ], [ -6.462939578999851, 33.854426338000167 ], [ -6.461894443999881, 33.856777893000128 ], [ -6.458187722999867, 33.859120599000164 ], [ -6.453794639999899, 33.859652017000087 ], [ -6.449091528999872, 33.862787425000192 ], [ -6.439587723999921, 33.864820598999984 ], [ -6.43628861399992, 33.865138979999983 ], [ -6.429495230999862, 33.866967967999926 ], [ -6.426621106999903, 33.871932364000202 ], [ -6.425314687999901, 33.87428391899999 ], [ -6.420872859999918, 33.875329055000122 ], [ -6.416953599999886, 33.875851623000187 ], [ -6.411727920999908, 33.87402263600012 ], [ -6.40493453799985, 33.873761352000201 ], [ -6.393699326999922, 33.87323878400008 ], [ -6.385487723999915, 33.87412059899998 ], [ -6.384270693999952, 33.873477697000226 ], [ -6.378014543999939, 33.875596715000086 ], [ -6.369538468999849, 33.875596715000086 ], [ -6.367419449999943, 33.876202149000051 ], [ -6.363685940999915, 33.876504866000175 ] ] ] ] } },
{ "type": "Feature", "properties": { "Code_Commu": "04.291.09.05.", "Code_Provi": "04.291.", "CODE_REGIO": "04.", "nom": "Commune d'Ait Bouyahia El Hajjama", "Marocains_": 4489, "Etrangers_": 2, "Populati_1": 4491, "Menages_": 1215, "nom_arabe": "Ш¬Щ…Ш§Ш№Ш© ШўЩЉШЄ ШЁЩ€ЩЉШ­ЩЉЩ‰ Ш§Щ„Ш­Ш¬Ш§Щ…Ш©" }, "geometry": { "type": "MultiPolygon", "coordinates": [ [ [ [ -6.26083550199985, 33.905841502000101 ], [ -6.249009359999945, 33.889679108000223 ], [ -6.229496224999878, 33.878641375000086 ], [ -6.229955959999813, 33.850272123000082 ], [ -6.232787722999888, 33.848920599000166 ], [ -6.240787722999926, 33.847220599000195 ], [ -6.255930433999936, 33.844614633999981 ], [ -6.269802369999866, 33.846206496000036 ], [ -6.270540028999903, 33.84450075500024 ], [ -6.272224982999944, 33.842068611000059 ], [ -6.275280210999881, 33.840540997000176 ], [ -6.28164526899991, 33.840286395000078 ], [ -6.285718906999932, 33.839522588000193 ], [ -6.290047145999949, 33.837994974000082 ], [ -6.292593168999929, 33.836212757000169 ], [ -6.297685215999877, 33.836212757000169 ], [ -6.301758852999853, 33.840031792000048 ], [ -6.316525787999922, 33.847160658000121 ], [ -6.317984453999884, 33.85281298699999 ], [ -6.318287723999958, 33.852920599000186 ], [ -6.31830800399996, 33.86014537599999 ], [ -6.322287722999874, 33.865220599000224 ], [ -6.322239494999906, 33.86637807599999 ], [ -6.322516435999887, 33.866817924000145 ], [ -6.323626397999874, 33.870652338000127 ], [ -6.327460812999959, 33.873275885000226 ], [ -6.32843502299994, 33.876328411000202 ], [ -6.3286716799999, 33.876303055000051 ], [ -6.344009338999911, 33.874789470000167 ], [ -6.348348281999904, 33.87367950800018 ], [ -6.35369628199993, 33.874083130000145 ], [ -6.358640658999946, 33.873275885000226 ], [ -6.363685940999915, 33.876504866000175 ], [ -6.367419449999943, 33.876202149000051 ], [ -6.367172095999877, 33.877262238000128 ], [ -6.365769233999913, 33.882714197000098 ], [ -6.363988657999926, 33.890127129000064 ], [ -6.361869639999952, 33.896383279000077 ], [ -6.357460672999878, 33.895925205000196 ], [ -6.357387723999921, 33.89602059900011 ], [ -6.350063677999913, 33.895071506000193 ], [ -6.347687723999798, 33.901320599000201 ], [ -6.347541036999928, 33.893053393000059 ], [ -6.339064961999895, 33.891438902000175 ], [ -6.331900660999906, 33.884880035000094 ], [ -6.324416929999927, 33.88411398400018 ], [ -6.317168435999861, 33.879834753000068 ], [ -6.315251228999955, 33.880641997999987 ], [ -6.312627681999857, 33.881045620000179 ], [ -6.308591455999874, 33.884173696000175 ], [ -6.298803607999957, 33.888109015999987 ], [ -6.296684588999938, 33.889017167000077 ], [ -6.29628772399991, 33.890020599000138 ], [ -6.295746234999854, 33.892932581000196 ], [ -6.295806085999914, 33.893570990000171 ], [ -6.295913724999934, 33.894314370000075 ], [ -6.296342475999893, 33.894682045000195 ], [ -6.297211769999876, 33.895361181000055 ], [ -6.300435945999936, 33.897747908000099 ], [ -6.303869482999914, 33.900134636000075 ], [ -6.305556106999916, 33.90000159400023 ], [ -6.306968041999937, 33.899925274000168 ], [ -6.310862175999887, 33.89946467700014 ], [ -6.312568382999928, 33.900433065000129 ], [ -6.316110366999908, 33.902520599000184 ], [ -6.317987722999931, 33.902520599000184 ], [ -6.319187722999914, 33.902520599000184 ], [ -6.319206495999936, 33.902517470000021 ], [ -6.324231831999896, 33.90294214700009 ], [ -6.324736359999918, 33.90758380599999 ], [ -6.306674248999855, 33.913234523000085 ], [ -6.29436375899985, 33.915050825000094 ], [ -6.287502174999929, 33.914344485000129 ], [ -6.27811794899992, 33.912427278000166 ], [ -6.266917421999949, 33.908189240000183 ], [ -6.26083550199985, 33.905841502000101 ] ] ] ] } },
{ "type": "Feature", "properties": { "Code_Commu": "04.291.05.01.", "Code_Provi": "04.291.", "CODE_REGIO": "04.", "nom": "Commune d'Ait Ichou", "Marocains_": 1454, "Etrangers_": 0, "Populati_1": 1454, "Menages_": 368, "nom_arabe": "Ш¬Щ…Ш§Ш№Ш© ШўЩЉШЄ ШҐЩЉШґЩ€" }, "geometry": { "type": "MultiPolygon", "coordinates": [ [ [ [ -5.998618430999898, 33.59350117200006 ], [ -5.997760750999817, 33.591356972000142 ], [ -5.993089337999947, 33.586945082000113 ], [ -5.961587723999912, 33.572120599000016 ], [ -5.968434658999854, 33.556061853000017 ], [ -5.969991796999921, 33.54645950400004 ], [ -5.974487722999925, 33.52892059900023 ], [ -5.975441778999937, 33.524400055000115 ], [ -5.97466321, 33.515057228999979 ], [ -5.973466694999843, 33.513501759000235 ], [ -5.978287723999927, 33.504720599000223 ], [ -5.98270842099987, 33.494554917000187 ], [ -5.980113190999816, 33.487028752000185 ], [ -5.980372713999884, 33.47560974300012 ], [ -5.979514599999959, 33.472720995000202 ], [ -5.978815576999921, 33.471457375999989 ], [ -5.978954917999886, 33.470900012000243 ], [ -5.979075099999875, 33.470419284000116 ], [ -5.982448897999916, 33.469640716000185 ], [ -5.985822695999957, 33.470678807000183 ], [ -5.98697114599986, 33.471991321000075 ], [ -5.987044062999871, 33.471900175000144 ], [ -5.988936970999816, 33.473793083000089 ], [ -5.989967036999928, 33.473587070000178 ], [ -5.98936951, 33.47205057299999 ], [ -5.989352608999923, 33.472007113000132 ], [ -5.988936970999816, 33.470938330000081 ], [ -5.988936970999816, 33.470159761000048 ], [ -5.994905998999855, 33.470678807000183 ], [ -5.994827495999857, 33.470940485000142 ], [ -5.994987723999941, 33.471020599000042 ], [ -5.994887723999852, 33.471820599000125 ], [ -5.994887723999852, 33.472220599000195 ], [ -5.995387723999954, 33.473520599000096 ], [ -5.99683891299992, 33.473439977000169 ], [ -5.997760750999817, 33.473014514000226 ], [ -5.999058365999872, 33.474052605000054 ], [ -6.003210732999889, 33.473274037000124 ], [ -6.003470255999957, 33.474831174000087 ], [ -6.003416600999913, 33.474920599000143 ], [ -6.004124199999922, 33.474920599000143 ], [ -6.002951209999935, 33.478204972000185 ], [ -6.003470255999957, 33.479502587000184 ], [ -6.006389644999956, 33.481935412000098 ], [ -6.006210959999919, 33.482417862000034 ], [ -6.007363099999907, 33.484952569000086 ], [ -6.009179759999938, 33.487288275000083 ], [ -6.014031477999936, 33.490320599000142 ], [ -6.01478772299987, 33.490320599000142 ], [ -6.017987723999909, 33.490220599000224 ], [ -6.020654631999946, 33.490157101000136 ], [ -6.018782108999915, 33.485731138000119 ], [ -6.021636860999934, 33.484693046000189 ], [ -6.02556727599989, 33.486658253000144 ], [ -6.026387722999914, 33.485720599000047 ], [ -6.026887723999891, 33.485620599000129 ], [ -6.027687723999918, 33.485420599000065 ], [ -6.028887722999912, 33.485720599000047 ], [ -6.030687722999915, 33.485720599000047 ], [ -6.032287723999957, 33.48512059900014 ], [ -6.03288772399992, 33.484220599000082 ], [ -6.033787722999875, 33.483220598999935 ], [ -6.035287723999829, 33.483220598999935 ], [ -6.036587722999911, 33.483020599000099 ], [ -6.037487723999959, 33.482920599000181 ], [ -6.039387723999937, 33.482220599000186 ], [ -6.039787723999837, 33.482220599000186 ], [ -6.041887722999945, 33.484020599000075 ], [ -6.041887722999945, 33.484520599000234 ], [ -6.042887722999922, 33.485020599000222 ], [ -6.043287723999867, 33.484620598999982 ], [ -6.043587723999906, 33.483720599000094 ], [ -6.044087723999894, 33.483020599000099 ], [ -6.045387722999919, 33.482920599000181 ], [ -6.046387722999953, 33.482620599000029 ], [ -6.048987723999858, 33.479920599000138 ], [ -6.050387723999961, 33.47942059899998 ], [ -6.051287722999916, 33.47942059899998 ], [ -6.051287722999916, 33.480320598999981 ], [ -6.051887722999936, 33.481020599000203 ], [ -6.052387723999914, 33.481120599000121 ], [ -6.05318772399994, 33.48082059900014 ], [ -6.053587723999897, 33.480120599000145 ], [ -6.05388166399996, 33.479826659000139 ], [ -6.057911583999896, 33.481277430000034 ], [ -6.057787722999933, 33.482020599000123 ], [ -6.057587722999926, 33.482820599000092 ], [ -6.059087723999937, 33.483720599000094 ], [ -6.059887723999907, 33.483620599000176 ], [ -6.060487722999881, 33.482520599000111 ], [ -6.060687722999887, 33.482120599000041 ], [ -6.062387723999962, 33.481420599000046 ], [ -6.063387723999938, 33.481920599000034 ], [ -6.063422431999868, 33.481920599000034 ], [ -6.064458144999946, 33.485471615000222 ], [ -6.070601652999869, 33.481857787000195 ], [ -6.070787723999899, 33.482020599000123 ], [ -6.070487723999861, 33.485320599000147 ], [ -6.071287723999887, 33.486620599000048 ], [ -6.072287722999931, 33.486420599000041 ], [ -6.075087722999797, 33.484120599000164 ], [ -6.075987723999901, 33.484120599000164 ], [ -6.07688772399996, 33.484820598999988 ], [ -6.076987722999945, 33.485620599000129 ], [ -6.076987722999945, 33.486322660000042 ], [ -6.077953337999929, 33.487288275000083 ], [ -6.071924483999908, 33.489663278000194 ], [ -6.071487722999905, 33.492720599000108 ], [ -6.072187723999946, 33.492520599000102 ], [ -6.07496606199993, 33.491131430000166 ], [ -6.074060493999866, 33.496112055000083 ], [ -6.076396199999863, 33.495593009000117 ], [ -6.078135728999939, 33.497174399000016 ], [ -6.076087723999933, 33.499420599000246 ], [ -6.078987722999898, 33.502820599000188 ], [ -6.079787722999924, 33.503720599000076 ], [ -6.082890778999911, 33.50160488000023 ], [ -6.084700933999898, 33.503897742999982 ], [ -6.088074731999939, 33.503119174000119 ], [ -6.088334254999893, 33.501562036999985 ], [ -6.089631869999948, 33.502340605000086 ], [ -6.095762728999887, 33.502340605000086 ], [ -6.095341373999929, 33.504935835000083 ], [ -6.098506523999902, 33.505915524000045 ], [ -6.100787722999939, 33.510320599000124 ], [ -6.102862713999912, 33.511659302000112 ], [ -6.103386584999839, 33.514278660000116 ], [ -6.104932422999923, 33.512320599000191 ], [ -6.106787723999958, 33.512320599000191 ], [ -6.107787723999934, 33.515320599000063 ], [ -6.113787723999849, 33.51402059899999 ], [ -6.116362731999857, 33.514019137000048 ], [ -6.116362731999857, 33.517911981000111 ], [ -6.111915869999962, 33.518134325000176 ], [ -6.113248456999941, 33.521026257000187 ], [ -6.116103208999959, 33.520507211000222 ], [ -6.116881777999879, 33.521285780000085 ], [ -6.116622254999925, 33.522842917000048 ], [ -6.114546071999939, 33.524140532000047 ], [ -6.114546071999939, 33.526216715000146 ], [ -6.112210364999839, 33.526216715000146 ], [ -6.110393704999808, 33.527514330000145 ], [ -6.110912749999954, 33.529071467999984 ], [ -6.109355612999877, 33.532185743000184 ], [ -6.111172272999909, 33.533742879999977 ], [ -6.112210364999839, 33.537116679000121 ], [ -6.111172272999909, 33.54645950400004 ], [ -6.111691318999874, 33.551649963000045 ], [ -6.110134181999911, 33.556580898999982 ], [ -6.099380464999911, 33.565235777000225 ], [ -6.09560089699994, 33.568259431000115 ], [ -6.084181887999875, 33.572930844000041 ], [ -6.069908126999849, 33.576304642000082 ], [ -6.059527208999896, 33.583311761000175 ], [ -6.043436787999951, 33.58928078800011 ], [ -6.018522585999904, 33.593173632000173 ], [ -6.013591649999853, 33.594730770000012 ], [ -6.009698805999903, 33.592914109000105 ], [ -6.004767869999853, 33.592654587000141 ], [ -6.002691686999924, 33.594471247000172 ], [ -5.99931788899994, 33.595249815999978 ], [ -5.998618430999898, 33.59350117200006 ] ] ] ] } },
{ "type": "Feature", "properties": { "Code_Commu": "04.291.05.03.", "Code_Provi": "04.291.", "CODE_REGIO": "04.", "nom": "Commune d'Ait Ikkou", "Marocains_": 8179, "Etrangers_": 0, "Populati_1": 8179, "Menages_": 2311, "nom_arabe": "Ш¬Щ…Ш§Ш№Ш© ШўЩЉШЄ ШҐЩЉЩѓЩ€" }, "geometry": { "type": "MultiPolygon", "coordinates": [ [ [ [ -6.168347233999896, 33.717568073000109 ], [ -6.161218367999879, 33.716804266000054 ], [ -6.154344104999893, 33.718841084000189 ], [ -6.141613988999893, 33.712476026000047 ], [ -6.127101655999866, 33.710184605000109 ], [ -6.121245802999852, 33.71222142400012 ], [ -6.11208011899987, 33.709930003000181 ], [ -6.097567785999956, 33.717058867999981 ], [ -6.092984944999955, 33.716804266000054 ], [ -6.08218772399988, 33.719820599000172 ], [ -6.075328027999944, 33.72448315600019 ], [ -6.064787723999927, 33.725620599000081 ], [ -6.051587723999887, 33.72212059900005 ], [ -6.048787723999851, 33.727420599000141 ], [ -6.046233912999924, 33.727613339000129 ], [ -6.034093961999929, 33.716187503000128 ], [ -6.027569409999899, 33.715941294000061 ], [ -6.013591649999853, 33.715927980000231 ], [ -6.005546438999886, 33.709439906999933 ], [ -5.996463135999932, 33.695425669000201 ], [ -5.992570291999868, 33.686082843000236 ], [ -5.981063021999887, 33.673296986000082 ], [ -5.980444228999943, 33.67236106200005 ], [ -5.96583943, 33.656497228000035 ], [ -5.962465631999919, 33.653901999000141 ], [ -5.961868089999939, 33.646611983000071 ], [ -5.959724277999896, 33.630612660999986 ], [ -5.948138569999912, 33.616135936000092 ], [ -5.936253815999862, 33.597325999000077 ], [ -5.936253815999862, 33.593433155000071 ], [ -5.939787722999881, 33.591820599000187 ], [ -5.945187723999936, 33.59162059900018 ], [ -5.95978772299992, 33.593620599000133 ], [ -5.96583943, 33.594730770000012 ], [ -5.99931788899994, 33.595249815999978 ], [ -6.002691686999924, 33.594471247000172 ], [ -6.004767869999853, 33.592654587000141 ], [ -6.009698805999903, 33.592914109000105 ], [ -6.013591649999853, 33.594730770000012 ], [ -6.018522585999904, 33.593173632000173 ], [ -6.043436787999951, 33.58928078800011 ], [ -6.059527208999896, 33.583311761000175 ], [ -6.069908126999849, 33.576304642000082 ], [ -6.084181887999875, 33.572930844000041 ], [ -6.09560089699994, 33.568259431000115 ], [ -6.101829447999876, 33.576045119000185 ], [ -6.107279428999959, 33.584090329999981 ], [ -6.118957960999921, 33.589799834000075 ], [ -6.136345997999911, 33.599661706000177 ], [ -6.146986437999942, 33.60589025600018 ], [ -6.152436419999958, 33.610561669000106 ], [ -6.156588786999919, 33.617828311000039 ], [ -6.157367355999952, 33.620942586000069 ], [ -6.164633997999942, 33.627171137000175 ], [ -6.171381593999854, 33.62976636600024 ], [ -6.174495868999884, 33.628209229000106 ], [ -6.179633257999853, 33.629110617000094 ], [ -6.191439456999888, 33.631586110000171 ], [ -6.202210299999876, 33.625266619000172 ], [ -6.203821960999903, 33.624575907000235 ], [ -6.210050510999849, 33.626652091000039 ], [ -6.211348125999962, 33.631583027000204 ], [ -6.215500492999865, 33.639628238000171 ], [ -6.223118242999931, 33.649687928999981 ], [ -6.220887723999908, 33.650720599000181 ], [ -6.21544866399995, 33.655190503000199 ], [ -6.205009968999889, 33.660282548999987 ], [ -6.205861970999933, 33.66198655400018 ], [ -6.208065196999826, 33.666138403000105 ], [ -6.216976277999947, 33.668939028000239 ], [ -6.228178779999951, 33.67403107500013 ], [ -6.23352542899994, 33.679886928000144 ], [ -6.233598115999882, 33.681705688000193 ], [ -6.232252417999916, 33.685742782000091 ], [ -6.228687984999794, 33.691344033000178 ], [ -6.229197189999923, 33.693380852000189 ], [ -6.233780031999913, 33.697963694000123 ], [ -6.222322926999936, 33.707893184000113 ], [ -6.211375026999917, 33.717568073000109 ], [ -6.200172523999925, 33.726224552000076 ], [ -6.199832931999936, 33.728941291000012 ], [ -6.195080477999909, 33.738954668000133 ], [ -6.194424915999832, 33.73905552399998 ], [ -6.187314642999922, 33.740149412000221 ], [ -6.185150986999872, 33.740482282000244 ], [ -6.182907624999814, 33.733848314999989 ], [ -6.182350361999909, 33.731061996000108 ], [ -6.178022121999959, 33.724442336000038 ], [ -6.175221495999949, 33.722150915000043 ], [ -6.168347233999896, 33.717568073000109 ] ] ] ] } },
{ "type": "Feature", "properties": { "Code_Commu": "04.291.09.07.", "Code_Provi": "04.291.", "CODE_REGIO": "04.", "nom": "Commune d'Ait Malek", "Marocains_": 3806, "Etrangers_": 3, "Populati_1": 3809, "Menages_": 927, "nom_arabe": "Ш¬Щ…Ш§Ш№Ш© ШўЩЉШЄ Щ…Ш§Щ„Щѓ" }, "geometry": { "type": "MultiPolygon", "coordinates": [ [ [ [ -6.4746250419999, 33.994158294999977 ], [ -6.4700795669998, 33.99314819000017 ], [ -6.461998721999919, 33.99314819000017 ], [ -6.457287723999912, 33.994920599000181 ], [ -6.448187722999876, 33.995620599000176 ], [ -6.443256389999931, 33.994838802000231 ], [ -6.440741361999926, 33.993581288000087 ], [ -6.436296982999863, 33.991359098000089 ], [ -6.434630340999945, 33.989877638999985 ], [ -6.433480672999906, 33.989820155000189 ], [ -6.432787723999866, 33.989020599000128 ], [ -6.428625882999938, 33.98602822100014 ], [ -6.420128077999948, 33.975367338000126 ], [ -6.417737451999926, 33.97174284099998 ], [ -6.408069944999909, 33.955020666999985 ], [ -6.40493453799985, 33.950578839000173 ], [ -6.399447573999907, 33.945614444000228 ], [ -6.39162403499995, 33.940410854000106 ], [ -6.388968575999911, 33.938600314000041 ], [ -6.385076955999864, 33.935946936999926 ], [ -6.383509251999897, 33.930198689000235 ], [ -6.385860807999961, 33.925234294000234 ], [ -6.38978006699989, 33.924711726000169 ], [ -6.391347770999914, 33.925495578000039 ], [ -6.391609054999947, 33.928369702000168 ], [ -6.393176758999914, 33.928892270000233 ], [ -6.396050882999873, 33.928892270000233 ], [ -6.396573450999938, 33.926540714000168 ], [ -6.398925005999899, 33.924711726000169 ], [ -6.398663721999867, 33.922360170000104 ], [ -6.402321697999923, 33.916089355000224 ], [ -6.405457105999915, 33.91347651500007 ], [ -6.413295624999932, 33.909295972000109 ], [ -6.417998735999959, 33.906421847999979 ], [ -6.423224415999869, 33.90276387199998 ], [ -6.427666242999862, 33.901196169000229 ], [ -6.430279082999959, 33.900934885000083 ], [ -6.437595033999912, 33.901457452999978 ], [ -6.44151429399983, 33.901196169000229 ], [ -6.447523824999848, 33.898844613000165 ], [ -6.450659232999953, 33.897276909000141 ], [ -6.45693004799989, 33.892573798000114 ], [ -6.461633159999849, 33.89022224200005 ], [ -6.467381406999948, 33.890483526000196 ], [ -6.479139185999941, 33.89205123000005 ], [ -6.48305844499987, 33.89126737800018 ], [ -6.490635679999912, 33.892573798000114 ], [ -6.497951631999854, 33.893618933000141 ], [ -6.505790150999871, 33.895709205000117 ], [ -6.511277113999938, 33.895970489000035 ], [ -6.513628669999889, 33.898060761000124 ], [ -6.518787723999822, 33.902620598999931 ], [ -6.523034892999931, 33.900673601000165 ], [ -6.526954152999849, 33.901980020000167 ], [ -6.529044423999892, 33.901980020000167 ], [ -6.533672014999865, 33.901401572000054 ], [ -6.537405510999918, 33.900934885000083 ], [ -6.541324770999893, 33.904854144000126 ], [ -6.549287722999907, 33.901320599000201 ], [ -6.552887722999856, 33.901120599000194 ], [ -6.560987723999858, 33.902620598999931 ], [ -6.560947855999927, 33.902879741000106 ], [ -6.548103316999857, 33.915871928000115 ], [ -6.541787723999903, 33.921920599000089 ], [ -6.529934539999829, 33.934033960000193 ], [ -6.533013550999954, 33.95782631600008 ], [ -6.54007955499992, 33.964647123000134 ], [ -6.552830569999855, 33.978673238999988 ], [ -6.547045799999864, 33.981813942000088 ], [ -6.536347636999949, 33.984177490000093 ], [ -6.534538623999936, 33.985624701000177 ], [ -6.533237705999909, 33.986665435000134 ], [ -6.528013021999925, 33.989153380000175 ], [ -6.522663939999916, 33.986914229000092 ], [ -6.518310036999821, 33.989650969000081 ], [ -6.519113009999899, 33.994368434000194 ], [ -6.519254711999906, 33.998369613000079 ], [ -6.518253058999903, 33.999269056000173 ], [ -6.514140009999949, 34.002682831000243 ], [ -6.510218468999938, 34.006161067000107 ], [ -6.506151699999862, 34.006655626999986 ], [ -6.499709331999895, 34.006952967000075 ], [ -6.492806942999891, 34.009478231000116 ], [ -6.479002165999873, 33.995673453999984 ], [ -6.4746250419999, 33.994158294999977 ] ] ] ] } },
{ "type": "Feature", "properties": { "Code_Commu": "04.291.03.01.", "Code_Provi": "04.291.", "CODE_REGIO": "04.", "nom": "Commune d'Ait Mimoune", "Marocains_": 7065, "Etrangers_": 0, "Populati_1": 7065, "Menages_": 1915, "nom_arabe": "Ш¬Щ…Ш§Ш№Ш© ШўЩЉШЄ Щ…ЩЉЩ…Щ€Щ†" }, "geometry": { "type": "MultiPolygon", "coordinates": [ [ [ [ -5.720590256999913, 33.76990875100023 ], [ -5.727597375999892, 33.759787356000231 ], [ -5.732528311999943, 33.75329928299999 ], [ -5.732560857999943, 33.753042355999924 ], [ -5.73438772399993, 33.738620599000114 ], [ -5.735387723999906, 33.732020599000066 ], [ -5.741084179999802, 33.708992828000191 ], [ -5.741725960999872, 33.706277602999933 ], [ -5.748462595999911, 33.701837548000185 ], [ -5.760557916999915, 33.693110544000035 ], [ -5.765763497999956, 33.688211173000127 ], [ -5.775817084999915, 33.677744425000242 ], [ -5.77807527899995, 33.675383322000187 ], [ -5.782524176999914, 33.670711979000146 ], [ -5.785514085999864, 33.667082638000124 ], [ -5.783887723999953, 33.663720599000044 ], [ -5.782387723999932, 33.662220599000079 ], [ -5.778373267999939, 33.653430058000083 ], [ -5.777567918999921, 33.651129062000166 ], [ -5.791710251999859, 33.612518249000175 ], [ -5.797698746999856, 33.608787134000067 ], [ -5.804192936999925, 33.606514167999933 ], [ -5.795797660999938, 33.590922942000077 ], [ -5.785723329999939, 33.571493875000044 ], [ -5.780206433999922, 33.554463459000146 ], [ -5.783564544999933, 33.536953312000037 ], [ -5.782979742999942, 33.533639432000143 ], [ -5.782911294999906, 33.533574788000124 ], [ -5.779542977999881, 33.515202148000128 ], [ -5.787000500999909, 33.511853872000017 ], [ -5.787044919999857, 33.511621907000119 ], [ -5.806897485999798, 33.502146819000245 ], [ -5.809037599999954, 33.501575613999933 ], [ -5.814687722999906, 33.498920599000087 ], [ -5.816391437999926, 33.499506126000142 ], [ -5.819187722999914, 33.498020599000085 ], [ -5.82058772399995, 33.498020599000085 ], [ -5.823187723999922, 33.501920599000186 ], [ -5.820687723999924, 33.505620599000224 ], [ -5.820687723999924, 33.50622059900013 ], [ -5.823387723999872, 33.506720599000118 ], [ -5.825487722999924, 33.507720599000095 ], [ -5.829487723999932, 33.507720599000095 ], [ -5.830187722999938, 33.509120599000084 ], [ -5.826187723999908, 33.514520598999979 ], [ -5.828687723999906, 33.515620599000044 ], [ -5.828987722999955, 33.517620599000168 ], [ -5.821587723999869, 33.525920599000131 ], [ -5.821987723999939, 33.528020599000172 ], [ -5.827187722999952, 33.529120599000237 ], [ -5.827187722999952, 33.532620599000097 ], [ -5.823787723999942, 33.536220599000103 ], [ -5.823987723999949, 33.537120599000104 ], [ -5.828187722999928, 33.538820599000076 ], [ -5.82568772299993, 33.542820599000095 ], [ -5.829887723999889, 33.544720599000129 ], [ -5.829687723999939, 33.545820599000194 ], [ -5.827187722999952, 33.54782059900009 ], [ -5.830887723999922, 33.551020599000196 ], [ -5.830787722999844, 33.552820599000086 ], [ -5.824087722999877, 33.557420599000181 ], [ -5.824387723999905, 33.559820598999977 ], [ -5.828287723999949, 33.559720599000059 ], [ -5.831087723999872, 33.558420598999987 ], [ -5.832787723999957, 33.559820598999977 ], [ -5.831787723999867, 33.562620599000013 ], [ -5.831787723999867, 33.565020599000036 ], [ -5.827687723999929, 33.565520599000195 ], [ -5.824987723999925, 33.567820599000243 ], [ -5.825487722999924, 33.56882059899999 ], [ -5.828087723999886, 33.568520599000237 ], [ -5.831187722999914, 33.569220599000232 ], [ -5.834887722999952, 33.570720599000197 ], [ -5.837787723999952, 33.571020599000121 ], [ -5.838887723999903, 33.574120599000139 ], [ -5.837787723999952, 33.578720599000235 ], [ -5.841687723999939, 33.579620599000123 ], [ -5.84558772399987, 33.579020599000046 ], [ -5.844187723999937, 33.576920599000175 ], [ -5.844487722999872, 33.575120599000115 ], [ -5.846887722999952, 33.575320599000122 ], [ -5.850087723999877, 33.578820598999982 ], [ -5.853387723999958, 33.580620599000042 ], [ -5.852387722999936, 33.58372059900023 ], [ -5.85128772399986, 33.587020599000084 ], [ -5.848887723999951, 33.596720599000093 ], [ -5.851487723999867, 33.597920599000076 ], [ -5.856587723999894, 33.595820599000035 ], [ -5.859687723999798, 33.598020599000165 ], [ -5.85938772399993, 33.602920599000072 ], [ -5.847787723999886, 33.60302059899999 ], [ -5.842887723999922, 33.602120598999988 ], [ -5.842487723999852, 33.603620599000067 ], [ -5.845687722999855, 33.604020599000137 ], [ -5.84558772399987, 33.605520599000101 ], [ -5.841987722999875, 33.606520599000021 ], [ -5.839187722999952, 33.609620599000039 ], [ -5.840749375999906, 33.611340238000139 ], [ -5.847496971999931, 33.614454513000112 ], [ -5.851130292999869, 33.614454513000112 ], [ -5.856719061999911, 33.617337366000186 ], [ -5.885646842999961, 33.617568788000142 ], [ -5.896806329999947, 33.617309265000245 ], [ -5.9064865199999, 33.61874568799999 ], [ -5.905889631999912, 33.620683063000172 ], [ -5.91004199899993, 33.634178256000041 ], [ -5.91134448199989, 33.641807082000128 ], [ -5.907987723999952, 33.648520599000221 ], [ -5.907787723999945, 33.654420599000105 ], [ -5.908006145999877, 33.654685352999934 ], [ -5.914972934999923, 33.658313889000169 ], [ -5.917049117999909, 33.663244825000106 ], [ -5.919237605999911, 33.663413170000126 ], [ -5.918787723999799, 33.662320599000225 ], [ -5.921156018999909, 33.662578022000105 ], [ -5.922758622999879, 33.66168768700004 ], [ -5.928987172999939, 33.665840054000171 ], [ -5.93080383399996, 33.670251944000199 ], [ -5.932422374999931, 33.670575652000139 ], [ -5.932787723999866, 33.669820599000104 ], [ -5.934587723999869, 33.670020599000111 ], [ -5.934587723999869, 33.671290036000073 ], [ -5.937032383999906, 33.671290036000073 ], [ -5.93729190699986, 33.674923357000239 ], [ -5.943779980999921, 33.675182880000136 ], [ -5.944039503999875, 33.678556678000234 ], [ -5.947672824999927, 33.678816201000132 ], [ -5.955198989999928, 33.686601889000201 ], [ -5.958572787999856, 33.686342366000133 ], [ -5.959610879999957, 33.688159026000164 ], [ -5.956231803999856, 33.691960486000085 ], [ -5.956887723999955, 33.692320599000141 ], [ -5.959087723999914, 33.692620599000065 ], [ -5.958487723999951, 33.694220599000118 ], [ -5.956314709999901, 33.694485601000224 ], [ -5.957203525999887, 33.696796523000103 ], [ -5.956363677999946, 33.696640996000099 ], [ -5.953961456999878, 33.696196140000097 ], [ -5.952603759999874, 33.695944714000234 ], [ -5.951046622999911, 33.69750185200013 ], [ -5.956364667999935, 33.699591084000133 ], [ -5.956237081999859, 33.700356604000035 ], [ -5.954186702999948, 33.701125496000088 ], [ -5.954270242999939, 33.701270298000168 ], [ -5.950787099999957, 33.701394696000136 ], [ -5.949738236999849, 33.702293722000093 ], [ -5.949598083999888, 33.70241385200012 ], [ -5.947153778999962, 33.704508971000166 ], [ -5.954956511999853, 33.704508971000166 ], [ -5.954973297999913, 33.704548839000097 ], [ -5.959091833999821, 33.704768494000234 ], [ -5.960129925999922, 33.710737522000102 ], [ -5.954982305999863, 33.71211022000017 ], [ -5.954979445999925, 33.712210318000132 ], [ -5.947932347999938, 33.713073228000098 ], [ -5.943520457999909, 33.716706549000094 ], [ -5.944212947999915, 33.717953032000082 ], [ -5.943987723999953, 33.718020599000113 ], [ -5.940787723999961, 33.719320599000184 ], [ -5.942987723999806, 33.72132059900008 ], [ -5.944887722999908, 33.72132059900008 ], [ -5.945887723999931, 33.720620599000085 ], [ -5.945950115999949, 33.72073647000019 ], [ -5.942482365999922, 33.724751760000231 ], [ -5.941703796999889, 33.728904127000135 ], [ -5.940146659999925, 33.733835063000129 ], [ -5.933139539999956, 33.7403231360002 ], [ -5.915491980999946, 33.753558806000228 ], [ -5.904571420999901, 33.762250679000033 ], [ -5.902775356999825, 33.763680200000124 ], [ -5.8861368929999, 33.762317143000018 ], [ -5.86799928399995, 33.760565925000094 ], [ -5.852687430999936, 33.760046879000129 ], [ -5.851466268999957, 33.761846484999978 ], [ -5.841527943999949, 33.774839687000167 ], [ -5.837635099999829, 33.795341998000026 ], [ -5.837558428999955, 33.795459023000035 ], [ -5.837487723999914, 33.797120599000039 ], [ -5.834087722999925, 33.806620599000041 ], [ -5.834687722999945, 33.81022059899999 ], [ -5.836087722999935, 33.81892059900008 ], [ -5.836418385999878, 33.81964204500008 ], [ -5.83296368799995, 33.821294292000118 ], [ -5.82984941199993, 33.82233238399999 ], [ -5.822842292999951, 33.82233238399999 ], [ -5.812461375999874, 33.828301410999984 ], [ -5.799744751999924, 33.829339503000085 ], [ -5.783394806999922, 33.824408567000091 ], [ -5.778287722999949, 33.821520599000053 ], [ -5.767304384999875, 33.816103833000227 ], [ -5.763287723999895, 33.815620599000226 ], [ -5.761087723999935, 33.814420599000073 ], [ -5.748099687999911, 33.810653852000087 ], [ -5.732009265999807, 33.803387209000221 ], [ -5.728635467999879, 33.800272934000191 ], [ -5.722925962999909, 33.79144915400019 ], [ -5.717735504999951, 33.788075356000093 ], [ -5.714621228999874, 33.785739650000096 ], [ -5.717216458999928, 33.776915870000096 ], [ -5.720590256999913, 33.76990875100023 ] ] ] ] } },
{ "type": "Feature", "properties": { "Code_Commu": "04.281.03.01.", "Code_Provi": "04.281.", "CODE_REGIO": "04.", "nom": "Commune d'Ameur Seflia", "Marocains_": 37935, "Etrangers_": 0, "Populati_1": 37935, "Menages_": 7486, "nom_arabe": "Ш¬Щ…Ш§Ш№Ш© Ш№Ш§Щ…Ш± Ш§Щ„ШіЩЃЩ„ЩЉШ©" }, "geometry": { "type": "MultiPolygon", "coordinates": [ [ [ [ -6.361621584999909, 34.399231333999978 ], [ -6.325552670999912, 34.369546299000092 ], [ -6.319168792999903, 34.363162420000094 ], [ -6.316587722999884, 34.360620599000185 ], [ -6.315372713999921, 34.359113987000228 ], [ -6.314087722999886, 34.357520599000225 ], [ -6.311005516999955, 34.350658883000222 ], [ -6.312102857999889, 34.34156663499999 ], [ -6.311475805999862, 34.334982594000167 ], [ -6.310848754999938, 34.332474388000094 ], [ -6.312616189999915, 34.326440198000171 ], [ -6.31308398799996, 34.32258924700011 ], [ -6.316533981999953, 34.31741425600012 ], [ -6.31780503199991, 34.31459978700002 ], [ -6.323887915999933, 34.314327419999984 ], [ -6.324069494999947, 34.309969532000196 ], [ -6.323615547999907, 34.30706427400014 ], [ -6.318176537999875, 34.302917067000124 ], [ -6.318260885999848, 34.302079145000221 ], [ -6.318472071999906, 34.300344407000239 ], [ -6.318349767999905, 34.296623503000035 ], [ -6.319166871999926, 34.29462613800024 ], [ -6.318622135999931, 34.291720880000184 ], [ -6.313356355999929, 34.291993247999983 ], [ -6.309361625999941, 34.292628773000104 ], [ -6.30959465199993, 34.286229337000123 ], [ -6.27400947599989, 34.284034656000188 ], [ -6.245478630999855, 34.283250842000143 ], [ -6.245608733999859, 34.278593811000178 ], [ -6.245608733999859, 34.275757149000128 ], [ -6.245949308999911, 34.273247852000111 ], [ -6.248622079999961, 34.269572792000133 ], [ -6.248287722999919, 34.268520599000226 ], [ -6.248365156999853, 34.268451316000096 ], [ -6.248065252999936, 34.265452270000083 ], [ -6.251604687999929, 34.263608814000122 ], [ -6.251687723999851, 34.263420599000142 ], [ -6.253856256999882, 34.259995361999927 ], [ -6.25664039399993, 34.254092992000096 ], [ -6.257587723999904, 34.252820599000074 ], [ -6.261390911999911, 34.250410241000111 ], [ -6.261206377999883, 34.246965602000103 ], [ -6.262876859999835, 34.244404196000119 ], [ -6.263879148999877, 34.239726846000167 ], [ -6.265660996999884, 34.236942710000221 ], [ -6.265104168999926, 34.231597167000132 ], [ -6.267987723999909, 34.223420599000235 ], [ -6.268987723999885, 34.221420599000112 ], [ -6.272300925999957, 34.216406625999923 ], [ -6.272687723999866, 34.215020599000127 ], [ -6.27296739499991, 34.214408820000187 ], [ -6.272869588999924, 34.208344886000134 ], [ -6.272851900999854, 34.208327935000227 ], [ -6.272788386999935, 34.203310338000108 ], [ -6.277131639999936, 34.196739775000083 ], [ -6.277205789999869, 34.196458006000171 ], [ -6.279314343999886, 34.193755494000186 ], [ -6.281133969999928, 34.188297983000098 ], [ -6.28281127899993, 34.185937325000168 ], [ -6.282244631999959, 34.184449876000087 ], [ -6.281262224999864, 34.182798712000078 ], [ -6.279502773999923, 34.179059878000203 ], [ -6.278913487999944, 34.178141742000093 ], [ -6.282143085999905, 34.176025798000126 ], [ -6.284481760999881, 34.175134875000083 ], [ -6.285438724999949, 34.173655401000019 ], [ -6.286040877999937, 34.172350737999977 ], [ -6.284704491999946, 34.169789332000164 ], [ -6.282477182999912, 34.167116561000114 ], [ -6.281171952999955, 34.165660727000045 ], [ -6.279523377999851, 34.162293426000076 ], [ -6.305077635999908, 34.154220598999927 ], [ -6.310877866999874, 34.152240032000122 ], [ -6.348060799999928, 34.152648635999981 ], [ -6.362770531999956, 34.168992782000146 ], [ -6.379087722999941, 34.160920599000065 ], [ -6.385887723999872, 34.155220599000074 ], [ -6.421420637999915, 34.160110327000041 ], [ -6.420896668999944, 34.180545122000126 ], [ -6.420612587999869, 34.196529433000137 ], [ -6.423723993999943, 34.214066451000178 ], [ -6.423441138999863, 34.261020404000192 ], [ -6.422875428999873, 34.279688843000201 ], [ -6.424137549999955, 34.279688843000201 ], [ -6.455524350999951, 34.278486336000128 ], [ -6.452987723999854, 34.285620599000197 ], [ -6.449949143999959, 34.298819425000147 ], [ -6.440766399999916, 34.302449812000077 ], [ -6.437652124999943, 34.311273592000077 ], [ -6.434287723999887, 34.332920599000147 ], [ -6.433287722999921, 34.335920599000019 ], [ -6.433187723999936, 34.336120599000083 ], [ -6.431990502999895, 34.341358439000203 ], [ -6.431942619999916, 34.341378253000244 ], [ -6.427987722999831, 34.354120599000112 ], [ -6.424787722999895, 34.361320599000237 ], [ -6.420264087999897, 34.370185298000138 ], [ -6.425849609999943, 34.389200079000034 ], [ -6.421787723999955, 34.390320599000177 ], [ -6.415017069999919, 34.392311968000172 ], [ -6.396907023999916, 34.398732821000237 ], [ -6.393612688999951, 34.387568684000144 ], [ -6.372511867999947, 34.390428087000203 ], [ -6.368192591999957, 34.39413144800011 ], [ -6.361621584999909, 34.399231333999978 ] ] ] ] } },
{ "type": "Feature", "properties": { "Code_Commu": "04.281.07.01.", "Code_Provi": "04.281.", "CODE_REGIO": "04.", "nom": "Commune d'Arbaoua", "Marocains_": 35076, "Etrangers_": 1, "Populati_1": 35077, "Menages_": 7545, "nom_arabe": "Ш¬Щ…Ш§Ш№Ш© Ш№Ш±ШЁШ§Щ€Ш©" }, "geometry": { "type": "MultiPolygon", "coordinates": [ [ [ [ -6.003365692999921, 34.990228441999932 ], [ -5.968467594999936, 34.973049548000176 ], [ -5.967773719999911, 34.97349962900023 ], [ -5.96606389499982, 34.972120738000228 ], [ -5.961070645999939, 34.96953599699998 ], [ -5.946461672999931, 34.957885803000238 ], [ -5.933147164999866, 34.948454693000087 ], [ -5.933142332999921, 34.9484136210001 ], [ -5.918723114999864, 34.940687897000146 ], [ -5.896717191999926, 34.936989422000124 ], [ -5.881553446999931, 34.934585414000139 ], [ -5.878224819999957, 34.934400490000144 ], [ -5.876375582999856, 34.929962321000176 ], [ -5.875635887999863, 34.925709076000089 ], [ -5.876375582999856, 34.92016136400008 ], [ -5.878224819999957, 34.912579491000088 ], [ -5.877854972999899, 34.907401627000127 ], [ -5.877115277999906, 34.902963457999988 ], [ -5.872862031999944, 34.893902196000226 ], [ -5.870587722999915, 34.891820599000198 ], [ -5.86675954999987, 34.884656010000072 ], [ -5.861211837999861, 34.868197799000143 ], [ -5.859362600999873, 34.855622986000071 ], [ -5.858068134999883, 34.850630046000106 ], [ -5.855849049999961, 34.848226037000245 ], [ -5.853497126999798, 34.84699790700023 ], [ -5.851965651999933, 34.846006953000142 ], [ -5.859732447999932, 34.84230847800012 ], [ -5.861941389999913, 34.834991360000231 ], [ -5.863161989999924, 34.830195933000198 ], [ -5.865087722999931, 34.829320599000084 ], [ -5.873971574999928, 34.826035191000187 ], [ -5.880387723999945, 34.828120599000101 ], [ -5.888580547999936, 34.831028130999982 ], [ -5.89965567299987, 34.829435782000132 ], [ -5.901112832999956, 34.832544389000191 ], [ -5.90282930199993, 34.836206189000109 ], [ -5.905579778999936, 34.838110366000194 ], [ -5.90724192499988, 34.838110366000194 ], [ -5.911085870999898, 34.838327081000102 ], [ -5.915007984999875, 34.838719292000121 ], [ -5.916087723999851, 34.838320599000099 ], [ -5.918650055999933, 34.836345263000055 ], [ -5.919428134999919, 34.835255952000125 ], [ -5.919887722999931, 34.835220599000081 ], [ -5.920757275999961, 34.834171835000177 ], [ -5.922803167999859, 34.834605930000123 ], [ -5.925010520999876, 34.835096453000119 ], [ -5.925380368999924, 34.836205995000114 ], [ -5.931098547999909, 34.839905994000105 ], [ -5.933350038999947, 34.84181941200012 ], [ -5.933886859999859, 34.842678326000168 ], [ -5.935212882999906, 34.843909633000123 ], [ -5.934887723999907, 34.844420598999989 ], [ -5.937807075999956, 34.845381894000184 ], [ -5.938509952999937, 34.845452181000041 ], [ -5.941098884999917, 34.845452181000041 ], [ -5.946276748999878, 34.843972791999931 ], [ -5.948865680999859, 34.843972791999931 ], [ -5.950160146999849, 34.842123554000239 ], [ -5.950899841999956, 34.840459241000133 ], [ -5.951202845999887, 34.838237207000134 ], [ -5.952287722999927, 34.837720599000193 ], [ -5.95268772299994, 34.837020599000198 ], [ -5.954587723999907, 34.836120599000139 ], [ -5.955387723999934, 34.83512059899999 ], [ -5.955687722999869, 34.83422059899999 ], [ -5.956447552999862, 34.832322597000143 ], [ -5.956447552999862, 34.82899397000017 ], [ -5.957387722999954, 34.827520599000195 ], [ -5.958087723999938, 34.83132059899998 ], [ -5.96148772399988, 34.834620599000175 ], [ -5.961987723999869, 34.834920598999986 ], [ -5.962487723999857, 34.835320599000227 ], [ -5.966287722999937, 34.838320599000099 ], [ -5.969187722999891, 34.840920599000128 ], [ -5.977806242999918, 34.846191876000091 ], [ -5.983199850999938, 34.842955711000116 ], [ -5.990750902999878, 34.837777846999927 ], [ -5.999812164999923, 34.835404659000233 ], [ -6.010599381999896, 34.838209336000034 ], [ -6.012756825999872, 34.844681665999985 ], [ -6.015390619999948, 34.84901209200018 ], [ -6.015509649999956, 34.849225260000026 ], [ -6.014398519999929, 34.853253105000135 ], [ -6.015649498999949, 34.860181604000104 ], [ -6.015587722999896, 34.860320599000147 ], [ -6.015452944999936, 34.861156227000038 ], [ -6.015992990999848, 34.863451423000186 ], [ -6.015735869999901, 34.864554855000222 ], [ -6.01370406399991, 34.866586661000099 ], [ -6.010092892999921, 34.868114464000087 ], [ -6.002314984999941, 34.872975656000165 ], [ -5.995092641999918, 34.879781325000238 ], [ -5.993842620999885, 34.895614923000096 ], [ -5.99355557999985, 34.902069660000109 ], [ -5.995065789999956, 34.90638454700013 ], [ -5.999164931999928, 34.910699434000037 ], [ -5.999164931999928, 34.91362626300014 ], [ -6.000243653999917, 34.918034741000042 ], [ -5.998517698999933, 34.92234962800012 ], [ -5.994850045999954, 34.92537004899998 ], [ -5.993124090999856, 34.936373010000125 ], [ -5.991587722999952, 34.941920599000184 ], [ -5.988187723999886, 34.945420599000045 ], [ -5.985487722999949, 34.94812059899999 ], [ -5.986087722999855, 34.95002059900014 ], [ -5.988687723999874, 34.954520598999977 ], [ -5.988824214999909, 34.954823912000109 ], [ -5.989918746999933, 34.955111947000091 ], [ -5.990843364999876, 34.955851642000084 ], [ -5.990024063999954, 34.957490243999928 ], [ -5.990487723999934, 34.958520599000224 ], [ -5.990664748999961, 34.95863389499999 ], [ -5.990473517999931, 34.959180269000228 ], [ -5.991213212999924, 34.959919964000051 ], [ -5.992798044999915, 34.959999205000145 ], [ -5.992987722999942, 34.960120599000049 ], [ -5.99548772299994, 34.961720599000103 ], [ -5.998287722999919, 34.96402059899998 ], [ -6.002987722999933, 34.967220599000086 ], [ -6.004551551999896, 34.968290587000126 ], [ -6.004897567999933, 34.968796301999987 ], [ -6.005822185999875, 34.9702756920002 ], [ -6.007272581999814, 34.970143838000126 ], [ -6.008587723999938, 34.971020599000099 ], [ -6.012387722999904, 34.973020599000165 ], [ -6.017787723999959, 34.974320599000123 ], [ -6.02079079899994, 34.975626284000043 ], [ -6.020985930999814, 34.975638479999986 ], [ -6.022615818999952, 34.97579250400014 ], [ -6.024071797999852, 34.975930093999978 ], [ -6.026087723999865, 34.976120599000183 ], [ -6.027105352999854, 34.976411349999978 ], [ -6.007152112999961, 34.992100122000068 ], [ -6.006931728999916, 34.992281614000035 ], [ -6.003365692999921, 34.990228441999932 ] ] ] ] } },
{ "type": "Feature", "properties": { "Code_Commu": "04.491.05.01.", "Code_Provi": "04.491.", "CODE_REGIO": "04.", "nom": "Commune d'Azghar", "Marocains_": 11707, "Etrangers_": 0, "Populati_1": 11707, "Menages_": 2329, "nom_arabe": "Ш¬Щ…Ш§Ш№Ш© ШЈШІШєШ§Ш±" }, "geometry": { "type": "MultiPolygon", "coordinates": [ [ [ [ -5.89994566199988, 34.258112556000128 ], [ -5.898621138999829, 34.257821494000041 ], [ -5.871442176999892, 34.258022819000075 ], [ -5.868487722999873, 34.247220599000173 ], [ -5.868287722999924, 34.245220599000049 ], [ -5.865887722999958, 34.234320599000228 ], [ -5.863087723999911, 34.22112059900013 ], [ -5.86078772299993, 34.213720599000169 ], [ -5.857487722999906, 34.203420599000083 ], [ -5.85588772299991, 34.198420599000087 ], [ -5.855787723999867, 34.198120598999935 ], [ -5.852887723999913, 34.187520599000095 ], [ -5.851487723999867, 34.182220599000118 ], [ -5.851387722999959, 34.182020599000111 ], [ -5.851387722999959, 34.17852059900008 ], [ -5.849987722999856, 34.173620599000174 ], [ -5.848887723999951, 34.17202059900012 ], [ -5.846387723999953, 34.165420599000072 ], [ -5.84398772399993, 34.158220599000174 ], [ -5.842306512999869, 34.14803366600006 ], [ -5.856320751999931, 34.142324162000193 ], [ -5.879418292999901, 34.120005189000096 ], [ -5.880587723999952, 34.110020599000165 ], [ -5.882792090999942, 34.10339572200013 ], [ -5.907187246999911, 34.092236236000133 ], [ -5.910035813999855, 34.092578064000179 ], [ -5.914453888999958, 34.092495758000098 ], [ -5.951387723999915, 34.099220599000091 ], [ -5.951087723999933, 34.101120599000069 ], [ -5.949987722999879, 34.10502059900017 ], [ -5.950587722999956, 34.106320599000071 ], [ -5.947187722999956, 34.11152059900013 ], [ -5.946787722999886, 34.113720599000089 ], [ -5.946887723999907, 34.115120599000079 ], [ -5.945787723999842, 34.11942059900008 ], [ -5.946187723999913, 34.121620599000039 ], [ -5.94611568699986, 34.124157556000227 ], [ -5.947932347999938, 34.124157556000227 ], [ -5.949936061999949, 34.122988723000049 ], [ -5.953252869999858, 34.12476391600012 ], [ -5.953901374999873, 34.126493262999929 ], [ -5.955977558999905, 34.129088492000164 ], [ -5.957794218999936, 34.12960753800013 ], [ -5.961624966999864, 34.1299267670002 ], [ -5.961587723999912, 34.130820599000231 ], [ -5.959887723999941, 34.134620599000073 ], [ -5.956237081999859, 34.138950364000095 ], [ -5.956496603999938, 34.140507501000229 ], [ -5.96038772299994, 34.142120599000123 ], [ -5.95978772299992, 34.142520599000193 ], [ -5.95805374199989, 34.14465986800019 ], [ -5.959870402999911, 34.145957483000132 ], [ -5.962287723999907, 34.149520599000084 ], [ -5.958987722999893, 34.152020599000195 ], [ -5.957087723999905, 34.154920598999979 ], [ -5.955687722999869, 34.155420599000138 ], [ -5.953787723999881, 34.155720599000233 ], [ -5.953787723999881, 34.156820599000127 ], [ -5.955387723999934, 34.15802059900011 ], [ -5.957687723999925, 34.157920599000192 ], [ -5.960187722999876, 34.157920599000192 ], [ -5.963887722999857, 34.157720599000186 ], [ -5.96608772299993, 34.158120599000029 ], [ -5.966887722999957, 34.159120599000175 ], [ -5.967487723999852, 34.160020599000234 ], [ -5.967587723999941, 34.161220599000046 ], [ -5.966587723999908, 34.161920599000041 ], [ -5.963887722999857, 34.163520599000094 ], [ -5.96368772299985, 34.164020599000082 ], [ -5.966287722999937, 34.166020598999978 ], [ -5.967987723999897, 34.167620599000031 ], [ -5.968287723999879, 34.168220599000108 ], [ -5.967787723999891, 34.168720599000096 ], [ -5.965787723999881, 34.169020599000078 ], [ -5.964187723999942, 34.170220599000231 ], [ -5.96148772399988, 34.171320599000126 ], [ -5.958987722999893, 34.172520599000109 ], [ -5.958487723999951, 34.17422059900008 ], [ -5.961087723999924, 34.175820599000133 ], [ -5.963387723999915, 34.176820599000109 ], [ -5.965287722999904, 34.176420599000039 ], [ -5.966487722999887, 34.176420599000039 ], [ -5.967087723999953, 34.176920599000198 ], [ -5.966987723999864, 34.178320599000187 ], [ -5.967187723999814, 34.179320599000164 ], [ -5.968787722999934, 34.180920599000046 ], [ -5.968987722999884, 34.182420599000181 ], [ -5.966287722999937, 34.183620599000164 ], [ -5.966687722999893, 34.186220599000137 ], [ -5.966587723999908, 34.187520599000095 ], [ -5.966187723999951, 34.188020599000083 ], [ -5.962887722999938, 34.187020599000107 ], [ -5.959279072999948, 34.194565960000091 ], [ -5.954160897999941, 34.196823978000225 ], [ -5.954090540999914, 34.199286458000074 ], [ -5.953387723999924, 34.199820599000134 ], [ -5.951987723999821, 34.203420599000083 ], [ -5.952187723999941, 34.213020599000174 ], [ -5.949187722999852, 34.222520599000177 ], [ -5.948587722999946, 34.23022059900012 ], [ -5.947694099999921, 34.235582338000086 ], [ -5.941444273999821, 34.241980969000224 ], [ -5.937850643999923, 34.249586953000176 ], [ -5.933658585999922, 34.248988088000146 ], [ -5.924315760999946, 34.247949996000045 ], [ -5.908225338999898, 34.246652381999979 ], [ -5.905889631999912, 34.244057151999982 ], [ -5.900699173999897, 34.245354766999981 ], [ -5.899759384999925, 34.250546267000175 ], [ -5.89994566199988, 34.258112556000128 ] ] ] ] } },
{ "type": "Feature", "properties": { "Code_Commu": "04.481.09.01.", "Code_Provi": "04.481.", "CODE_REGIO": "04.", "nom": "Commune de Bab Tiouka", "Marocains_": 7626, "Etrangers_": 0, "Populati_1": 7626, "Menages_": 1647, "nom_arabe": "Ш¬Щ…Ш§Ш№Ш© ШЁШ§ШЁ ШЄЩЉЩ€ЩѓШ§" }, "geometry": { "type": "MultiPolygon", "coordinates": [ [ [ [ -5.605787723999924, 34.309420599000134 ], [ -5.605716155999858, 34.305048839999984 ], [ -5.600038951999863, 34.306358964000026 ], [ -5.599090752999928, 34.304620599000202 ], [ -5.597787723999943, 34.304620599000202 ], [ -5.595087722999949, 34.303420599000049 ], [ -5.591387722999855, 34.301220599000089 ], [ -5.586687722999898, 34.299320599000055 ], [ -5.585536249999961, 34.299073855000074 ], [ -5.584081192999918, 34.300892675000114 ], [ -5.581745486999921, 34.30322838100011 ], [ -5.580387722999944, 34.301620598999932 ], [ -5.580226436999908, 34.301902850000147 ], [ -5.57870907899985, 34.300082021000037 ], [ -5.57808822699991, 34.297598612000172 ], [ -5.56287734499989, 34.289217105000034 ], [ -5.555427116999851, 34.282077303000108 ], [ -5.549839445999908, 34.275558354000111 ], [ -5.549529019999909, 34.265003864000107 ], [ -5.540087722999886, 34.250220599000045 ], [ -5.5343181369999, 34.243894885000145 ], [ -5.539496279999867, 34.245929155000226 ], [ -5.54518305299996, 34.248861703000046 ], [ -5.549839445999908, 34.248551276999933 ], [ -5.557764907999854, 34.251270481000233 ], [ -5.571258850999925, 34.257243210000127 ], [ -5.578887723999912, 34.257120599000189 ], [ -5.580287723999902, 34.25742059900017 ], [ -5.58148596399991, 34.254438070000049 ], [ -5.580966917999888, 34.247949996000045 ], [ -5.583562147999942, 34.24743095000008 ], [ -5.610552532999918, 34.246911904000115 ], [ -5.622231064999937, 34.249766657000123 ], [ -5.630195432999869, 34.252915361000078 ], [ -5.632723232999865, 34.25413894799999 ], [ -5.62744598799992, 34.246067868000068 ], [ -5.627756413999862, 34.241411475000177 ], [ -5.630550248999953, 34.225890167000102 ], [ -5.624962577999895, 34.220923348000099 ], [ -5.616523511999958, 34.214343457000041 ], [ -5.611850146999871, 34.210319170999924 ], [ -5.619895357999951, 34.203312051000182 ], [ -5.627162000999874, 34.190595428000222 ], [ -5.630276275999904, 34.182290694000187 ], [ -5.634080263999863, 34.17946838000023 ], [ -5.637023871999816, 34.173466914000187 ], [ -5.636827423999875, 34.170276376000118 ], [ -5.634428642999922, 34.161788382000225 ], [ -5.631054844999937, 34.15685744600006 ], [ -5.630887723999876, 34.154220598999927 ], [ -5.631573889999913, 34.149590804000127 ], [ -5.630535798999915, 34.141545592999989 ], [ -5.626383431999955, 34.137393226000029 ], [ -5.620414403999916, 34.13531704299993 ], [ -5.611590623999916, 34.132202767000194 ], [ -5.608887723999885, 34.130220598999983 ], [ -5.605621596999924, 34.121302804000095 ], [ -5.613147761999869, 34.122600419000094 ], [ -5.626123908999887, 34.122081373000128 ], [ -5.641954807999923, 34.125455171000226 ], [ -5.648183357999869, 34.119745667000132 ], [ -5.684776091999879, 34.118448052000133 ], [ -5.704417298999886, 34.120946290000063 ], [ -5.706316495999943, 34.136614657000223 ], [ -5.705279660999906, 34.152167169000222 ], [ -5.703387723999867, 34.164020599000082 ], [ -5.703687722999916, 34.165720599000224 ], [ -5.70348772299991, 34.167620599000031 ], [ -5.703687722999916, 34.168820599000242 ], [ -5.703387723999867, 34.170220599000231 ], [ -5.702387723999948, 34.171420599000044 ], [ -5.702087722999863, 34.171720599000196 ], [ -5.701587723999921, 34.172420599000191 ], [ -5.700987723999901, 34.173420599000167 ], [ -5.701187723999908, 34.174420599000086 ], [ -5.701587723999921, 34.176720599000191 ], [ -5.701687723999896, 34.178320599000187 ], [ -5.701787723999928, 34.179420599000082 ], [ -5.701676045999932, 34.180158451000239 ], [ -5.701587723999921, 34.180120599000134 ], [ -5.701587723999921, 34.180220599000222 ], [ -5.70088772399987, 34.181020599000135 ], [ -5.700387722999892, 34.181620599000041 ], [ -5.698387722999882, 34.184020599000235 ], [ -5.697687723999877, 34.185020598999984 ], [ -5.697487723999927, 34.185320599000136 ], [ -5.696487723999894, 34.186320599000112 ], [ -5.695487723999918, 34.187520599000095 ], [ -5.693787723999947, 34.188620598999989 ], [ -5.692587723999907, 34.189720599000225 ], [ -5.690887723999936, 34.191220599000133 ], [ -5.690187723999884, 34.192020599000102 ], [ -5.689787722999938, 34.192420599000116 ], [ -5.689387722999868, 34.192720599000097 ], [ -5.688487723999913, 34.193020599000022 ], [ -5.687987722999935, 34.193620598999928 ], [ -5.686687723999853, 34.19472059899999 ], [ -5.676990403999866, 34.199159684999984 ], [ -5.673097559999917, 34.202273960000127 ], [ -5.666349963999949, 34.214731061000123 ], [ -5.667128531999879, 34.217326290000187 ], [ -5.667907100999912, 34.218104859000221 ], [ -5.670387723999909, 34.219020599000146 ], [ -5.674135651999848, 34.221997703000056 ], [ -5.679066586999909, 34.226150070000187 ], [ -5.686073706999935, 34.230042914000023 ], [ -5.694378440999913, 34.236790510000048 ], [ -5.698271284999919, 34.246911904000115 ], [ -5.696187723999856, 34.250620599000115 ], [ -5.694687722999902, 34.254320598999982 ], [ -5.692887722999842, 34.258720599000071 ], [ -5.692487722999942, 34.259720599000048 ], [ -5.690487723999922, 34.263420599000142 ], [ -5.689387722999868, 34.265520599000126 ], [ -5.688087723999956, 34.268420599000081 ], [ -5.686087723999947, 34.272720599000081 ], [ -5.684387723999919, 34.275620599000035 ], [ -5.684387723999919, 34.275820599000099 ], [ -5.684087722999948, 34.276220599000112 ], [ -5.684087722999948, 34.27632059900003 ], [ -5.683187723999879, 34.279020598999978 ], [ -5.682887722999851, 34.280020599000125 ], [ -5.682787723999922, 34.280020599000125 ], [ -5.682387723999796, 34.280320599000106 ], [ -5.67968413299991, 34.280127485000094 ], [ -5.673389059999863, 34.274316649000184 ], [ -5.673389059999863, 34.271522814000036 ], [ -5.667801388999862, 34.270281109000223 ], [ -5.666494548999935, 34.270980946000122 ], [ -5.66193807399992, 34.275199904000146 ], [ -5.648702403999948, 34.284023684000147 ], [ -5.638321486999871, 34.295442693000041 ], [ -5.626387723999869, 34.305020599000045 ], [ -5.622231064999937, 34.304785519000177 ], [ -5.619259424999825, 34.304042609000135 ], [ -5.615028940999935, 34.302255004000131 ], [ -5.612076047999949, 34.305876437000165 ], [ -5.611387722999893, 34.306720599000016 ], [ -5.608735871999954, 34.309716455000114 ], [ -5.605787723999924, 34.309420599000134 ] ] ] ] } },
{ "type": "Feature", "properties": { "Code_Commu": "04.281.05.03.", "Code_Provi": "04.281.", "CODE_REGIO": "04.", "nom": "Commune de Ben Mansour", "Marocains_": 53545, "Etrangers_": 0, "Populati_1": 53545, "Menages_": 9027, "nom_arabe": "Ш¬Щ…Ш§Ш№Ш© ШЁЩ†Щ…Щ†ШµЩ€Ш±" }, "geometry": { "type": "MultiPolygon", "coordinates": [ [ [ [ -6.380754399999887, 34.64629797200007 ], [ -6.377495218999854, 34.630010059000199 ], [ -6.369207594999921, 34.624348453000039 ], [ -6.343215885999882, 34.622396740999989 ], [ -6.312968741999953, 34.627268608000122 ], [ -6.300057994999918, 34.634516586000132 ], [ -6.290214501999912, 34.643351500000165 ], [ -6.290002261999859, 34.643409931000122 ], [ -6.289271067999948, 34.64127732500009 ], [ -6.287187722999931, 34.631420599000023 ], [ -6.287387723999871, 34.63022059900004 ], [ -6.287787723999941, 34.629420599000127 ], [ -6.288087723999922, 34.628620598999987 ], [ -6.288887722999903, 34.625020599000038 ], [ -6.28938772399988, 34.623020599000085 ], [ -6.291487722999932, 34.616320599000176 ], [ -6.293387723999956, 34.610120599000197 ], [ -6.293087723999804, 34.607620599000086 ], [ -6.294987722999906, 34.603720598999985 ], [ -6.299087723999946, 34.597920599000076 ], [ -6.30398772399991, 34.590720599000122 ], [ -6.307287723999934, 34.585420599000201 ], [ -6.306987722999793, 34.584420599000225 ], [ -6.304087723999942, 34.582020599000089 ], [ -6.292787723999936, 34.573520599000233 ], [ -6.298987723999915, 34.568220599000085 ], [ -6.305287723999925, 34.562720599000102 ], [ -6.3114877229998, 34.557220599000175 ], [ -6.317887723999888, 34.551620599000103 ], [ -6.324087722999934, 34.546220599000037 ], [ -6.326787722999882, 34.543720598999926 ], [ -6.330787722999901, 34.539620598999988 ], [ -6.331887723999898, 34.538320599000087 ], [ -6.332887722999942, 34.537420599000029 ], [ -6.334187723999946, 34.538220599000169 ], [ -6.340887723999913, 34.538620599000012 ], [ -6.350587722999933, 34.537620599000093 ], [ -6.357187723999857, 34.536920599000041 ], [ -6.361287723999908, 34.536920599000041 ], [ -6.363587723999956, 34.53562059900014 ], [ -6.3644877239999, 34.526720599000043 ], [ -6.3644877239999, 34.523820599000089 ], [ -6.364687722999861, 34.514720598999986 ], [ -6.363487723999867, 34.508320599000172 ], [ -6.363187722999896, 34.50622059900013 ], [ -6.364687722999861, 34.502020599000048 ], [ -6.369687723999959, 34.497720599000104 ], [ -6.371987722999904, 34.496520599000121 ], [ -6.375587723999956, 34.494620599000086 ], [ -6.383587722999948, 34.490320599000142 ], [ -6.390787723999949, 34.487020599000118 ], [ -6.394187722999902, 34.486620599000048 ], [ -6.404487723999921, 34.4869205990002 ], [ -6.405266369999936, 34.487009081999929 ], [ -6.410661739999853, 34.489046802000132 ], [ -6.409368363999874, 34.484504445000084 ], [ -6.409087722999914, 34.482820599000036 ], [ -6.407587723999882, 34.478920598999935 ], [ -6.405687723999904, 34.473720599000103 ], [ -6.405787722999946, 34.470720599000231 ], [ -6.407387723999875, 34.469320599000014 ], [ -6.409287722999863, 34.469220599000096 ], [ -6.413087723999865, 34.470720599000231 ], [ -6.415187722999917, 34.476420599000221 ], [ -6.415887723999901, 34.481620599000223 ], [ -6.416745226999922, 34.484793359000037 ], [ -6.417668858999946, 34.488787279000064 ], [ -6.42222021799995, 34.48652059900013 ], [ -6.423219948999872, 34.486022710000043 ], [ -6.425787722999871, 34.483620599000176 ], [ -6.428884572999948, 34.480944309000222 ], [ -6.436645022999926, 34.470613625999988 ], [ -6.437167081999917, 34.467370528000231 ], [ -6.443102106999845, 34.472437335000166 ], [ -6.458933005999882, 34.465689738000094 ], [ -6.46412346399984, 34.467506399000229 ], [ -6.472168674999921, 34.467765922000069 ], [ -6.475023427999929, 34.466468307000127 ], [ -6.480992454999921, 34.462834986000132 ], [ -6.485663867999961, 34.460758803000203 ], [ -6.491632894999952, 34.466727830000195 ], [ -6.497082876999912, 34.469063536000192 ], [ -6.521632366999881, 34.476143253000203 ], [ -6.521508934999929, 34.476188240000113 ], [ -6.521216002999893, 34.476295004000235 ], [ -6.521572524999954, 34.476358832000187 ], [ -6.520387723999931, 34.478420599000174 ], [ -6.51869179799985, 34.480380979000188 ], [ -6.517287722999868, 34.483420599000112 ], [ -6.516463309999949, 34.483913948000179 ], [ -6.515919776999908, 34.486631616000182 ], [ -6.515648008999904, 34.486849030000201 ], [ -6.514560942999935, 34.488153510000132 ], [ -6.514615294999828, 34.489349284000127 ], [ -6.514180468999882, 34.489729757000077 ], [ -6.512278101999868, 34.491577772000142 ], [ -6.511191033999921, 34.493697553000118 ], [ -6.50972349299991, 34.495654273000184 ], [ -6.508527719999904, 34.497502288000078 ], [ -6.507603712999924, 34.49891547499999 ], [ -6.5067072499999, 34.500403186000085 ], [ -6.505207249999955, 34.502903185000093 ], [ -6.504559923999864, 34.504024690999984 ], [ -6.503853330999959, 34.505003051000131 ], [ -6.502222729999858, 34.507122832000107 ], [ -6.500537775999874, 34.509731793000185 ], [ -6.4978744619998, 34.51342782200004 ], [ -6.498105493999901, 34.515058772000145 ], [ -6.496847767999952, 34.516760402000102 ], [ -6.496033945999898, 34.518388047000201 ], [ -6.495050985999853, 34.519448000000239 ], [ -6.493592476999879, 34.520903498999985 ], [ -6.491536134999933, 34.524368790000096 ], [ -6.490189218999944, 34.527044160000116 ], [ -6.489449380999929, 34.528227903000243 ], [ -6.488653957999929, 34.530062848000114 ], [ -6.486896531999889, 34.532734135000226 ], [ -6.48499851299988, 34.535756906000131 ], [ -6.482959899999798, 34.539201460000072 ], [ -6.481694553999887, 34.541450964000035 ], [ -6.480569800999945, 34.543559874000039 ], [ -6.479234157999883, 34.545739082000068 ], [ -6.477336138999874, 34.549113338000041 ], [ -6.474594554999953, 34.553752941000141 ], [ -6.471993565999867, 34.557197494000093 ], [ -6.471431189999919, 34.558111355000108 ], [ -6.471501486999955, 34.559306405000086 ], [ -6.470236140999873, 34.561626206000085 ], [ -6.469039807999934, 34.563485462000244 ], [ -6.468549012999915, 34.564156898000192 ], [ -6.467987722999908, 34.565720599000201 ], [ -6.46587772599986, 34.56865590700005 ], [ -6.464963864999902, 34.569991550000168 ], [ -6.464260894999939, 34.570835114000147 ], [ -6.463276736999944, 34.573014322000176 ], [ -6.46187079699996, 34.57512323200018 ], [ -6.460464855999817, 34.577443033000236 ], [ -6.460087723999948, 34.579120599000078 ], [ -6.45938772299985, 34.580020599000136 ], [ -6.458987722999893, 34.580420599000036 ], [ -6.457987722999917, 34.58252059900002 ], [ -6.456887723999955, 34.58422059899999 ], [ -6.455262877999814, 34.586230160000127 ], [ -6.454287722999936, 34.588320598999985 ], [ -6.453887722999809, 34.589220598999987 ], [ -6.453013372999919, 34.590237089000084 ], [ -6.45224010599992, 34.591643029000238 ], [ -6.451787723999871, 34.59282059899999 ], [ -6.450887723999926, 34.593920599000228 ], [ -6.450687723999806, 34.594620599000223 ], [ -6.449587722999922, 34.595720599000117 ], [ -6.448387722999939, 34.598320599000147 ], [ -6.448087723999947, 34.598820599000078 ], [ -6.447287723999864, 34.600120599000036 ], [ -6.446587722999936, 34.601520599000196 ], [ -6.444587723999916, 34.604520599000125 ], [ -6.442187633999936, 34.607319263000193 ], [ -6.441344069999957, 34.609357876000047 ], [ -6.440922287999854, 34.61048262800017 ], [ -6.439787723999871, 34.612920599000233 ], [ -6.439387722999925, 34.61352059900014 ], [ -6.438587722999955, 34.614720599000123 ], [ -6.436774763999892, 34.616668764999986 ], [ -6.43608772399989, 34.618658223000125 ], [ -6.434244071999956, 34.621167774000185 ], [ -6.433541100999946, 34.622503417000132 ], [ -6.432908428999895, 34.62383906000008 ], [ -6.431713378999916, 34.625385594000136 ], [ -6.431234685999812, 34.627315157000169 ], [ -6.429674765999948, 34.629673712000169 ], [ -6.428436238999893, 34.631458222999981 ], [ -6.427736237999909, 34.63295822300006 ], [ -6.426159914999914, 34.635578661000181 ], [ -6.42545694599994, 34.636703413000134 ], [ -6.424964865999925, 34.637265789000139 ], [ -6.424472786999956, 34.638109353000118 ], [ -6.424334713999826, 34.638937792000036 ], [ -6.424332192999884, 34.6389529180002 ], [ -6.42429950099995, 34.638942335000138 ], [ -6.424118420999946, 34.638883719000091 ], [ -6.422119234999911, 34.63838392200023 ], [ -6.419587723999882, 34.638220599000078 ], [ -6.419371079999905, 34.638236073000144 ], [ -6.418187723999949, 34.638320599000224 ], [ -6.414787722999961, 34.637420599000166 ], [ -6.40808772299988, 34.637120599000241 ], [ -6.401787723999917, 34.636720599000171 ], [ -6.399287722999816, 34.636720599000171 ], [ -6.399490760999925, 34.637262033000184 ], [ -6.399587723999957, 34.637520599000084 ], [ -6.396587723999858, 34.642720599000086 ], [ -6.391887723999957, 34.642520599000079 ], [ -6.388487722999912, 34.642220598999927 ], [ -6.386687722999909, 34.642020599000091 ], [ -6.385287723999909, 34.645120599000109 ], [ -6.384587722999868, 34.645820599000103 ], [ -6.38143192699988, 34.647120045000122 ], [ -6.380754399999887, 34.64629797200007 ] ] ] ] } },
{ "type": "Feature", "properties": { "Code_Commu": "04.281.07.03.", "Code_Provi": "04.281.", "CODE_REGIO": "04.", "nom": "Commune de Beni Malek", "Marocains_": 28710, "Etrangers_": 1, "Populati_1": 28711, "Menages_": 5378, "nom_arabe": "Ш¬Щ…Ш§Ш№Ш© ШЁЩ†ЩЉ Щ…Ш§Щ„Щѓ" }, "geometry": { "type": "MultiPolygon", "coordinates": [ [ [ [ -6.016022086143494, 34.608339667320365 ], [ -6.02173459529871, 34.608551263809318 ], [ -6.023427128791809, 34.609185993671417 ], [ -6.026600837707463, 34.612148046493644 ], [ -6.030832290649414, 34.613417506217957 ], [ -6.033401966094971, 34.6148699522019 ], [ -6.035887718200627, 34.615020573139304 ], [ -6.040787696838322, 34.617820620536804 ], [ -6.041521072387695, 34.619336307048741 ], [ -6.043631911277771, 34.621159255504608 ], [ -6.047983765602112, 34.625511050224361 ], [ -6.050387740135079, 34.626620590686912 ], [ -6.052487730979919, 34.62752062082302 ], [ -6.05618774890894, 34.628220617771092 ], [ -6.059987783432007, 34.629320621490479 ], [ -6.060059070587101, 34.629855453967991 ], [ -6.061510682106018, 34.630131959915161 ], [ -6.061510682106018, 34.632459282875118 ], [ -6.052836179733276, 34.639229655265865 ], [ -6.047335147857609, 34.644730627536774 ], [ -6.044872999191284, 34.645879626274166 ], [ -6.045017242431641, 34.646078586578426 ], [ -6.044161558151245, 34.646634817123413 ], [ -6.046277284622136, 34.650443136692104 ], [ -6.048323035240173, 34.652273535728511 ], [ -6.048587679862862, 34.652920603752023 ], [ -6.049387693405095, 34.655520617961827 ], [ -6.051510572433415, 34.656405091285762 ], [ -6.052624583244324, 34.659329295158386 ], [ -6.058202028274479, 34.663047611713523 ], [ -6.058082580566406, 34.663141012191772 ], [ -6.044796228408813, 34.670331239700317 ], [ -6.06000816822052, 34.677430093288478 ], [ -6.062050104141235, 34.678765237331447 ], [ -6.071666359901428, 34.682814180851096 ], [ -6.074768543243408, 34.697672426700592 ], [ -6.075587749481144, 34.697720587253627 ], [ -6.078987717628479, 34.697820603847561 ], [ -6.083387732505798, 34.698020577430725 ], [ -6.083387732505798, 34.699120581150112 ], [ -6.08208775520319, 34.700320601463432 ], [ -6.08208775520319, 34.701920628547782 ], [ -6.085087776184082, 34.706920623779297 ], [ -6.086287736892643, 34.70802062749874 ], [ -6.087887763977051, 34.70802062749874 ], [ -6.089087724685669, 34.707120597362632 ], [ -6.091187715530396, 34.707020580768642 ], [ -6.094487667083683, 34.708120584487915 ], [ -6.100587725639286, 34.711520612239838 ], [ -6.103587746620178, 34.714020609855709 ], [ -6.103687763214111, 34.715920627117271 ], [ -6.103287696838379, 34.719120621681213 ], [ -6.102187752723694, 34.722620606422481 ], [ -6.104187726974487, 34.72322058677679 ], [ -6.107187747955322, 34.723920583725032 ], [ -6.108187675476017, 34.72662061452877 ], [ -6.110487699508667, 34.72812062501913 ], [ -6.11238777637476, 34.729620575904789 ], [ -6.113387703895569, 34.730420589447135 ], [ -6.114487767219543, 34.731020569801444 ], [ -6.114887714385929, 34.730220615863857 ], [ -6.116787672042847, 34.728220582008532 ], [ -6.117987751960754, 34.726120591163635 ], [ -6.121187686920166, 34.722020626068229 ], [ -6.121887683868408, 34.716120600700378 ], [ -6.1244877576828, 34.714920580387229 ], [ -6.127287745475769, 34.711920619011039 ], [ -6.130387783050537, 34.707020580768642 ], [ -6.131987690925598, 34.704820573330039 ], [ -6.133187770843506, 34.704720616340694 ], [ -6.137387752532959, 34.705920577049426 ], [ -6.139187693595829, 34.706220626831112 ], [ -6.142987728118896, 34.706220626831112 ], [ -6.146687746047974, 34.707820594310817 ], [ -6.149487733840886, 34.709320604801235 ], [ -6.15478777885437, 34.710820615291652 ], [ -6.159487724304142, 34.712320625782013 ], [ -6.16288769245142, 34.714420616626683 ], [ -6.164187669754028, 34.71522057056427 ], [ -6.165487766265812, 34.714620590210018 ], [ -6.165687680244446, 34.713420569896641 ], [ -6.165387749671879, 34.712320625782013 ], [ -6.166487693786621, 34.712320625782013 ], [ -6.168587684631291, 34.712820589542389 ], [ -6.169487714767399, 34.713420569896641 ], [ -6.170187711715698, 34.714120626449642 ], [ -6.171187758445683, 34.715020596980992 ], [ -6.171087741851807, 34.71652060747158 ], [ -6.17088770866394, 34.718120574951115 ], [ -6.169187664985657, 34.71892058849329 ], [ -6.167987704276925, 34.719520628452358 ], [ -6.167987704276925, 34.720720589160919 ], [ -6.167987704276925, 34.721620619297028 ], [ -6.167287707328796, 34.721920609474296 ], [ -6.164987683296204, 34.721920609474296 ], [ -6.163487672805729, 34.722020626068229 ], [ -6.163087725639343, 34.722620606422481 ], [ -6.161587715148926, 34.725020587444419 ], [ -6.159387707710209, 34.726120591163635 ], [ -6.157187700271606, 34.72662061452877 ], [ -6.157087683677673, 34.728620588779506 ], [ -6.157187700271606, 34.730720579624176 ], [ -6.159087777137756, 34.730920612812042 ], [ -6.160087704658508, 34.730920612812042 ], [ -6.160087704658508, 34.732220590114594 ], [ -6.159087777137756, 34.732820570468846 ], [ -6.159587740898075, 34.734420597553367 ], [ -6.159287691116276, 34.736720621585789 ], [ -6.158587694168034, 34.736820578575134 ], [ -6.157187700271606, 34.737120628356934 ], [ -6.153787732124329, 34.737920582294521 ], [ -6.15288770198822, 34.738420605659485 ], [ -6.151487708091736, 34.739320576191005 ], [ -6.148387670516911, 34.739420592784938 ], [ -6.146687746047974, 34.739620625972805 ], [ -6.145287752151432, 34.741120576858634 ], [ -6.143287777900696, 34.744920611381588 ], [ -6.138187766075134, 34.747220575809536 ], [ -6.133234739303589, 34.752422392368373 ], [ -6.109115123748779, 34.759827554225978 ], [ -6.107422471046448, 34.763212740421295 ], [ -6.105941534042302, 34.767655849456844 ], [ -6.105734348297119, 34.769934773445186 ], [ -6.112587690353394, 34.769720613956508 ], [ -6.124387741088867, 34.769120573997611 ], [ -6.140005111694279, 34.769348442554531 ], [ -6.142967104911747, 34.774426221847591 ], [ -6.145506024360657, 34.789448082447109 ], [ -6.138100981712341, 34.790717542171421 ], [ -6.130061030387878, 34.7955837249757 ], [ -6.119401216506958, 34.796391308307648 ], [ -6.116520285606384, 34.796853184700069 ], [ -6.113135099411011, 34.798757374286708 ], [ -6.105095148086491, 34.796641647815704 ], [ -6.099594235420227, 34.800238430500031 ], [ -6.093229532241764, 34.800751566886902 ], [ -6.086899757385254, 34.801084697246665 ], [ -6.072724223136845, 34.795372188091335 ], [ -6.068492650985604, 34.791140675544739 ], [ -6.07103157043457, 34.786486029624882 ], [ -6.071471452713013, 34.783296942710876 ], [ -6.071187734603825, 34.783320605755023 ], [ -6.071243166923523, 34.78119665384304 ], [ -6.067857980728093, 34.780138731002864 ], [ -6.065391659736576, 34.78229242563242 ], [ -6.055374979972783, 34.789024889469204 ], [ -6.047758340835514, 34.786062836646977 ], [ -6.041387677192688, 34.787120580673218 ], [ -6.031255483627319, 34.787332296371517 ], [ -6.019287705421448, 34.787120580673218 ], [ -6.012687683105469, 34.787220597267321 ], [ -6.010089755058289, 34.787758111953735 ], [ -6.010097980499154, 34.787755489349422 ], [ -6.013271570205632, 34.782889246940726 ], [ -6.013271570205632, 34.778446137905178 ], [ -6.003115892410278, 34.766386389732475 ], [ -6.002334594726506, 34.765720844268742 ], [ -5.996345520019474, 34.760250687599296 ], [ -5.996557116508427, 34.758134961128292 ], [ -6.000788569450378, 34.75348025560379 ], [ -6.003539085388184, 34.746121108531952 ], [ -6.003539085388184, 34.741420507431087 ], [ -5.999730706214848, 34.737823724746761 ], [ -5.993595123291016, 34.734015345573482 ], [ -5.989536643028202, 34.731610357761383 ], [ -5.991087675094604, 34.729820609092826 ], [ -5.993187665939331, 34.727620601654223 ], [ -5.994187712669373, 34.725520610809383 ], [ -5.993987679481506, 34.723520576953831 ], [ -5.991987705230713, 34.719520628452358 ], [ -5.991987705230713, 34.717820584774074 ], [ -5.984787702560425, 34.716020584106445 ], [ -5.982287764549199, 34.717620611190796 ], [ -5.978887677192688, 34.711920619011039 ], [ -5.977387666702271, 34.710020601749477 ], [ -5.976587772369385, 34.709820628166142 ], [ -5.975598573684692, 34.705149412155208 ], [ -5.957887768745366, 34.710020601749477 ], [ -5.955934643745422, 34.711376845836639 ], [ -5.950957775115967, 34.710802555084229 ], [ -5.94708776473999, 34.711020588874931 ], [ -5.940066576004028, 34.711376845836639 ], [ -5.934332609176636, 34.710644841194323 ], [ -5.933387756347599, 34.710620582103729 ], [ -5.929973721504155, 34.710833966732139 ], [ -5.917004823684692, 34.704183280467987 ], [ -5.907695531845036, 34.70185595750803 ], [ -5.890974640846252, 34.702807545661926 ], [ -5.871939301490784, 34.704394817352352 ], [ -5.871304631233215, 34.688103556633052 ], [ -5.871887683868351, 34.686720609664917 ], [ -5.878498196601811, 34.667369186878261 ], [ -5.880613923072815, 34.658906161785069 ], [ -5.876593947410527, 34.6546746492387 ], [ -5.877440333366337, 34.65277045965189 ], [ -5.883787751197758, 34.65192061662674 ], [ -5.884488344192505, 34.65068107843399 ], [ -5.883663296699524, 34.648523330688533 ], [ -5.881887674331608, 34.648720622062683 ], [ -5.879767656326294, 34.64578849077219 ], [ -5.876250624656677, 34.644256830215568 ], [ -5.873631954193058, 34.64324963092804 ], [ -5.869611978530827, 34.644730627536774 ], [ -5.866438388824463, 34.648750543594417 ], [ -5.864537000656128, 34.652806818485317 ], [ -5.863187670707703, 34.652520596981049 ], [ -5.860287666320687, 34.65072059631359 ], [ -5.860887765884399, 34.646320581436157 ], [ -5.861995339393502, 34.645153760910091 ], [ -5.856494307517949, 34.640499114990234 ], [ -5.850358605384827, 34.635632872581539 ], [ -5.848242878913823, 34.632036089897213 ], [ -5.848537087440434, 34.626004755496979 ], [ -5.857287764549255, 34.62752062082302 ], [ -5.860302686691227, 34.627381443977526 ], [ -5.867919445037842, 34.624842584133205 ], [ -5.871414303779545, 34.623968839645386 ], [ -5.89013481140131, 34.619341611862239 ], [ -5.912561774253845, 34.62314993143093 ], [ -5.922717332839966, 34.622726798057613 ], [ -5.922648787498474, 34.632736980915183 ], [ -5.925869107246342, 34.63567727804184 ], [ -5.931306242942753, 34.641163051128444 ], [ -5.933719277381897, 34.643461167812234 ], [ -5.948587775230351, 34.648320615291709 ], [ -5.950787782669067, 34.649720609188137 ], [ -5.954387664794865, 34.650920569896698 ], [ -5.959287762641907, 34.651120603084621 ], [ -5.967359781265202, 34.650866329670009 ], [ -5.971921682357731, 34.651160657405853 ], [ -5.972068548202458, 34.652740001678467 ], [ -5.972923874854985, 34.655234575271663 ], [ -5.977938532829285, 34.654463112354335 ], [ -5.976880669593811, 34.651501059532279 ], [ -5.980900526046753, 34.6483274102211 ], [ -5.992960333824158, 34.645365357399044 ], [ -5.993595123291016, 34.643038034439087 ], [ -5.992537140846252, 34.641556978225822 ], [ -5.995287656784001, 34.638806521892548 ], [ -6.006924271583557, 34.641556978225822 ], [ -6.011684894561711, 34.634856939315796 ], [ -6.015387773513794, 34.63182061910635 ], [ -6.015456914901677, 34.631712257862091 ], [ -6.017926216125431, 34.630131959915161 ], [ -6.020465135574341, 34.626111984252987 ], [ -6.021099805831852, 34.619553208351192 ], [ -6.020041942596436, 34.617225825786647 ], [ -6.019493579864502, 34.616128981113434 ], [ -6.01900136470789, 34.615144729614315 ], [ -6.018984079360962, 34.615110099315643 ], [ -6.015240311622563, 34.60882061719883 ], [ -6.016022086143494, 34.60882061719883 ], [ -6.016022086143494, 34.608339667320365 ] ], [ [ -6.00178587436676, 34.661562502384299 ], [ -5.992448925971985, 34.661803483963013 ], [ -5.986605763435307, 34.669092237949485 ], [ -5.981545805931034, 34.667887508869285 ], [ -5.973835349082947, 34.672586083412227 ], [ -5.970883727073613, 34.673610150814113 ], [ -5.969739198684692, 34.675176322460175 ], [ -5.970100522041321, 34.678549647331181 ], [ -5.970176458358765, 34.678585350513629 ], [ -5.97323298454279, 34.685537278652191 ], [ -5.974016070365906, 34.689211785793418 ], [ -5.977570056915226, 34.692344188690299 ], [ -5.981847047805786, 34.694572985172272 ], [ -5.983473777770996, 34.694844126701412 ], [ -5.990762233734017, 34.696560859680289 ], [ -5.994677782058716, 34.697102963924465 ], [ -5.99803638458252, 34.696828901767844 ], [ -6.001866459846497, 34.696523666381893 ], [ -6.002327919006348, 34.696500599384365 ], [ -6.00361526012415, 34.692638695240134 ], [ -6.00377368927002, 34.691922485828513 ], [ -6.006578922271729, 34.691823065281028 ], [ -6.00799036026001, 34.691862285137177 ], [ -6.011905789375248, 34.687525093555621 ], [ -6.017748951911926, 34.687525093555621 ], [ -6.021483659744263, 34.683549404144344 ], [ -6.017146587371826, 34.675899147987423 ], [ -6.012267231941166, 34.671260833740234 ], [ -6.005403280258122, 34.667777657508907 ], [ -6.003412246704102, 34.666803240776176 ], [ -6.002921938896179, 34.665320575237388 ], [ -6.00178587436676, 34.661562502384299 ] ] ] ] } },
{ "type": "Feature", "properties": { "Code_Commu": "04.481.09.03.", "Code_Provi": "04.481.", "CODE_REGIO": "04.", "nom": "Commune de Bir Taleb", "Marocains_": 11843, "Etrangers_": 0, "Populati_1": 11843, "Menages_": 2556, "nom_arabe": "Ш¬Щ…Ш§Ш№Ш© ШЁЩЉШ± Ш§Щ„Ш·Ш§Щ„ШЁ" }, "geometry": { "type": "MultiPolygon", "coordinates": [ [ [ [ -5.649573781999891, 34.39951496700013 ], [ -5.650208507999935, 34.398033941000165 ], [ -5.649362206999911, 34.39253298599999 ], [ -5.648092755999926, 34.392321410000079 ], [ -5.645130702999893, 34.394225587000165 ], [ -5.640264472999888, 34.392109835000099 ], [ -5.637937145999956, 34.3927445610002 ], [ -5.63201303999989, 34.391686685000082 ], [ -5.629262562999884, 34.394014012000127 ], [ -5.629631607999954, 34.398442561000195 ], [ -5.628287722999858, 34.399220599000103 ], [ -5.627187723999896, 34.399620599000173 ], [ -5.626097548999951, 34.399776337999981 ], [ -5.626723659999868, 34.395706614000233 ], [ -5.625031058999866, 34.392321410000079 ], [ -5.623973182999919, 34.38957093300013 ], [ -5.621711864999952, 34.388784387000101 ], [ -5.621698286999901, 34.38877966400014 ], [ -5.622708504999935, 34.387143959000241 ], [ -5.626004303999935, 34.381807533000142 ], [ -5.62764612799981, 34.374145690000091 ], [ -5.62764612799981, 34.36648384700004 ], [ -5.62545703, 34.364842023000051 ], [ -5.622173382999961, 34.359369278000145 ], [ -5.621626107999873, 34.358001091000176 ], [ -5.620587722999858, 34.344520599000191 ], [ -5.621487723999905, 34.341520599000091 ], [ -5.621587722999891, 34.341220599000167 ], [ -5.622387722999918, 34.340420599000026 ], [ -5.624287723999942, 34.338120598999978 ], [ -5.625287723999918, 34.337220598999977 ], [ -5.626087722999898, 34.336320599000089 ], [ -5.626787723999939, 34.335020599000188 ], [ -5.626787723999939, 34.33412059900013 ], [ -5.629308544999958, 34.328641228000038 ], [ -5.621237463999876, 34.326157819000173 ], [ -5.616892547999896, 34.325501983000038 ], [ -5.61099340099986, 34.323363984000196 ], [ -5.611924678999912, 34.31808673900008 ], [ -5.615339366999933, 34.313119920000076 ], [ -5.625583430999939, 34.312809494000135 ], [ -5.630587723999838, 34.310220599000104 ], [ -5.629987723999932, 34.309220599000128 ], [ -5.628787723999949, 34.307620599000074 ], [ -5.627587723999852, 34.306420599000091 ], [ -5.626387723999869, 34.305020599000045 ], [ -5.638321486999871, 34.295442693000041 ], [ -5.648702403999948, 34.284023684000147 ], [ -5.66193807399992, 34.275199904000146 ], [ -5.666494548999935, 34.270980946000122 ], [ -5.667801388999862, 34.270281109000223 ], [ -5.673389059999863, 34.271522814000036 ], [ -5.673389059999863, 34.274316649000184 ], [ -5.67968413299991, 34.280127485000094 ], [ -5.682387723999796, 34.280320599000106 ], [ -5.682787723999922, 34.280020599000125 ], [ -5.682887722999851, 34.280020599000125 ], [ -5.683187723999879, 34.279020598999978 ], [ -5.684087722999948, 34.27632059900003 ], [ -5.684087722999948, 34.276220599000112 ], [ -5.687087723999923, 34.276420599000176 ], [ -5.687687723999886, 34.2767205990001 ], [ -5.688687723999863, 34.277420598999925 ], [ -5.688587722999955, 34.278320598999983 ], [ -5.688287723999906, 34.278820599000142 ], [ -5.68728772399993, 34.278820599000142 ], [ -5.686187722999875, 34.278620599000135 ], [ -5.68528772399992, 34.278720599000224 ], [ -5.68488772399985, 34.279420599000048 ], [ -5.685087723999914, 34.280420599000195 ], [ -5.68548772399987, 34.281620599000178 ], [ -5.686187722999875, 34.283220599000231 ], [ -5.687187722999909, 34.283820599000137 ], [ -5.687587722999922, 34.284320599000125 ], [ -5.688287723999906, 34.285720599000115 ], [ -5.688987722999912, 34.286520599000085 ], [ -5.689087723999933, 34.286620599000173 ], [ -5.689587722999931, 34.287220599000079 ], [ -5.689687723999839, 34.287220599000079 ], [ -5.690487723999922, 34.287420599000086 ], [ -5.69118772399986, 34.287520599000175 ], [ -5.691887722999866, 34.287820598999986 ], [ -5.693287722999912, 34.288820599000132 ], [ -5.693887722999875, 34.289420599000039 ], [ -5.693987723999896, 34.29032059900004 ], [ -5.693987723999896, 34.29112059900018 ], [ -5.694287722999945, 34.292220599000075 ], [ -5.69498772399993, 34.292720599000234 ], [ -5.696087723999938, 34.292720599000234 ], [ -5.697687723999877, 34.29252059900017 ], [ -5.69928772399993, 34.292620599000088 ], [ -5.699987722999936, 34.29292059900024 ], [ -5.70088772399987, 34.294120599000223 ], [ -5.701187723999908, 34.295720599000106 ], [ -5.70148772399989, 34.297520599000165 ], [ -5.701587723999921, 34.299920599000131 ], [ -5.701587723999921, 34.301820599000166 ], [ -5.70128772399994, 34.302720599000168 ], [ -5.700587722999956, 34.303020598999979 ], [ -5.700187722999885, 34.302920599000231 ], [ -5.699487723999937, 34.302920599000231 ], [ -5.698687723999853, 34.303420599000049 ], [ -5.697087723999914, 34.304120599000044 ], [ -5.696287723999944, 34.304520599000114 ], [ -5.695887723999817, 34.30512059900019 ], [ -5.695687723999868, 34.305720599000097 ], [ -5.695687723999868, 34.306620599000098 ], [ -5.695687723999868, 34.307520598999986 ], [ -5.695087722999858, 34.308020599000145 ], [ -5.694687722999902, 34.309120599000039 ], [ -5.694787723999923, 34.309820599000034 ], [ -5.695287722999922, 34.310120599000186 ], [ -5.695687723999868, 34.311020599000187 ], [ -5.695687723999868, 34.31182059899993 ], [ -5.695487723999918, 34.312920599000222 ], [ -5.695787723999956, 34.317320599000084 ], [ -5.695387723999943, 34.318620599000042 ], [ -5.694187723999846, 34.321120599000096 ], [ -5.69358772399994, 34.322420599000168 ], [ -5.69558772399995, 34.324420599000121 ], [ -5.695487723999918, 34.324620599000127 ], [ -5.695287722999922, 34.325620599000104 ], [ -5.696187723999856, 34.326820599000087 ], [ -5.696187723999856, 34.327382249000038 ], [ -5.696602718999884, 34.327900992000025 ], [ -5.697149992999869, 34.331458277000138 ], [ -5.697287723999921, 34.336320599000089 ], [ -5.694187723999846, 34.342520599000238 ], [ -5.691787723999937, 34.346520599000087 ], [ -5.689308892999918, 34.351974026000221 ], [ -5.690309061999926, 34.35334925799998 ], [ -5.689761786999838, 34.35663290500014 ], [ -5.686823072999857, 34.358745105000082 ], [ -5.68454618099986, 34.360904954000034 ], [ -5.685787722999919, 34.362420599000075 ], [ -5.688487723999913, 34.364120599000046 ], [ -5.694687257999874, 34.365115660000242 ], [ -5.69961272799992, 34.370041131000221 ], [ -5.703717286999961, 34.377976612000168 ], [ -5.70152818899993, 34.383449357000245 ], [ -5.698244541999941, 34.386185730000079 ], [ -5.695787723999956, 34.392120599000236 ], [ -5.694808676999799, 34.394170477999978 ], [ -5.695134583999959, 34.396995004000075 ], [ -5.6939415249999, 34.39848632799999 ], [ -5.692797066999958, 34.398382287000175 ], [ -5.692685035999943, 34.398616852000146 ], [ -5.687868893999905, 34.39676449000018 ], [ -5.681616678999944, 34.396435425999925 ], [ -5.679617460999907, 34.3927445610002 ], [ -5.66903870099992, 34.390205658000184 ], [ -5.668049387999929, 34.391030086000171 ], [ -5.66795451899992, 34.391109143000222 ], [ -5.667769249999935, 34.391263534000132 ], [ -5.667858410999941, 34.391365433000146 ], [ -5.667687723999961, 34.391820599000141 ], [ -5.667787722999947, 34.392720599000143 ], [ -5.668087723999918, 34.393520599000112 ], [ -5.668487723999874, 34.394520599000032 ], [ -5.668775432999894, 34.395479630000068 ], [ -5.66565349799987, 34.398033941000165 ], [ -5.664595621999922, 34.399091817000112 ], [ -5.66586507299985, 34.40078441899999 ], [ -5.66903870099992, 34.398668667000095 ], [ -5.671579670999904, 34.396921749000114 ], [ -5.671587723999949, 34.396920599000225 ], [ -5.672143934999895, 34.397119246000045 ], [ -5.673904930999925, 34.398880242000075 ], [ -5.675385956999889, 34.40078441899999 ], [ -5.674962806999872, 34.402900171000056 ], [ -5.67284705499992, 34.403958047000231 ], [ -5.666711373999931, 34.403111746000093 ], [ -5.662056718999906, 34.404381197000021 ], [ -5.658036789999926, 34.398880242000075 ], [ -5.656132613999944, 34.398880242000075 ], [ -5.653593710999928, 34.40078441899999 ], [ -5.653382135999891, 34.402688595000143 ], [ -5.650420082999858, 34.406285374000106 ], [ -5.649150631999873, 34.406285374000106 ], [ -5.644707552999876, 34.40374647100009 ], [ -5.645130702999893, 34.40247702 ], [ -5.649573781999891, 34.39951496700013 ] ] ] ] } },
{ "type": "Feature", "properties": { "Code_Commu": "04.481.09.09.", "Code_Provi": "04.481.", "CODE_REGIO": "04.", "nom": "Commune de Tekna", "Marocains_": 7396, "Etrangers_": 0, "Populati_1": 7396, "Menages_": 1425, "nom_arabe": "Ш¬Щ…Ш§Ш№Ш© Ш«ЩѓЩ†Ш©" }, "geometry": { "type": "MultiPolygon", "coordinates": [ [ [ [ -5.579965539999876, 34.410728452999933 ], [ -5.576157185999932, 34.406920100000036 ], [ -5.576253537999889, 34.405378472999985 ], [ -5.576787723999928, 34.404920599000093 ], [ -5.578387722999935, 34.404820599000175 ], [ -5.579887723999946, 34.404920599000093 ], [ -5.58069844299996, 34.404963268000131 ], [ -5.584197043999893, 34.407554825000091 ], [ -5.587159096999926, 34.406708524000123 ], [ -5.587582246999943, 34.401842295000108 ], [ -5.588216972999874, 34.39634133900023 ], [ -5.582716017999928, 34.39253298599999 ], [ -5.582927592999908, 34.389782508000167 ], [ -5.587159096999926, 34.386820455000134 ], [ -5.587159096999926, 34.386584912000103 ], [ -5.587159096999926, 34.386424129000034 ], [ -5.587159096999926, 34.384281553000221 ], [ -5.584831769999937, 34.382377376000136 ], [ -5.582504442999891, 34.379415323000103 ], [ -5.580811840999957, 34.378569022000136 ], [ -5.577215061999937, 34.380896349000238 ], [ -5.575099309999871, 34.384281553000221 ], [ -5.572770040999956, 34.386721740000041 ], [ -5.569687723999948, 34.386920599000234 ], [ -5.569323618999931, 34.386920599000234 ], [ -5.567271027999823, 34.384281553000221 ], [ -5.568328903999941, 34.382165801000099 ], [ -5.567059452999899, 34.377934297000138 ], [ -5.562827948999882, 34.371163890000105 ], [ -5.559231169999919, 34.36968286400014 ], [ -5.556057541999905, 34.367143961000124 ], [ -5.553307063999853, 34.363970333000054 ], [ -5.551191311999958, 34.363970333000054 ], [ -5.546862591999911, 34.368299053000101 ], [ -5.544460399999934, 34.367578396000113 ], [ -5.543092212999852, 34.366210209000144 ], [ -5.545155751999914, 34.364404613000147 ], [ -5.544987722999849, 34.364320599000109 ], [ -5.544822432999865, 34.363898192000079 ], [ -5.548440834999951, 34.360796705000041 ], [ -5.546536657999923, 34.353391573000181 ], [ -5.542728303999866, 34.353179998000144 ], [ -5.540612551999857, 34.358046226999988 ], [ -5.532777648999911, 34.362304214000176 ], [ -5.528703972999892, 34.364470219000225 ], [ -5.520113432999949, 34.365358895000043 ], [ -5.518632305999859, 34.363877768000123 ], [ -5.518336079999926, 34.361211738000179 ], [ -5.519817207999949, 34.360026836000202 ], [ -5.517743628999938, 34.358249483000122 ], [ -5.517151177999949, 34.356472130000043 ], [ -5.513300246999904, 34.356768356000032 ], [ -5.507671962999893, 34.352324973000179 ], [ -5.506783285999916, 34.349955169000225 ], [ -5.491546285999959, 34.343740077000234 ], [ -5.492287723999937, 34.342720599000074 ], [ -5.494587723999928, 34.340820599000097 ], [ -5.498187723999877, 34.338620599000137 ], [ -5.49938772399986, 34.337920599000142 ], [ -5.500187723999886, 34.33762059899999 ], [ -5.500987723999913, 34.337320599000236 ], [ -5.501087723999945, 34.337220598999977 ], [ -5.50138772299988, 34.337020599000084 ], [ -5.501587722999943, 34.336420599000178 ], [ -5.501487723999901, 34.335620599000094 ], [ -5.50178772299995, 34.335220599000195 ], [ -5.502587722999863, 34.33412059900013 ], [ -5.50348772399991, 34.332420598999988 ], [ -5.503787722999959, 34.331820599000082 ], [ -5.503787722999959, 34.331020599000169 ], [ -5.503987722999909, 34.330320599000117 ], [ -5.504287723999937, 34.329220599000053 ], [ -5.504387722999866, 34.328720599000121 ], [ -5.504387722999866, 34.327520599000081 ], [ -5.504487723999887, 34.327320599000245 ], [ -5.504787722999936, 34.32652059899999 ], [ -5.504887723999957, 34.326320599000098 ], [ -5.504787722999936, 34.325220599000033 ], [ -5.504387722999866, 34.324820599000191 ], [ -5.503987722999909, 34.323820599000044 ], [ -5.504287723999937, 34.323420599000144 ], [ -5.504187722999916, 34.323220599000138 ], [ -5.50368772399986, 34.322920598999985 ], [ -5.503187722999883, 34.322320599000079 ], [ -5.502687723999884, 34.321620599000084 ], [ -5.502187722999906, 34.321120599000096 ], [ -5.501887723999857, 34.32052059900019 ], [ -5.501587722999943, 34.32012059900012 ], [ -5.501087723999945, 34.319720599000107 ], [ -5.500587723999956, 34.319220599000118 ], [ -5.500187723999886, 34.318620599000042 ], [ -5.497894244999941, 34.317690072000232 ], [ -5.498287722999919, 34.317020598999989 ], [ -5.505138077999959, 34.303186283000173 ], [ -5.510725748999903, 34.302255004000131 ], [ -5.511557955999933, 34.309952923000139 ], [ -5.511782856999957, 34.312033254000028 ], [ -5.511967452999954, 34.313740772000131 ], [ -5.514371599999947, 34.316582037000103 ], [ -5.51538772299989, 34.316720599000178 ], [ -5.515443035999851, 34.316720599000178 ], [ -5.521590663999916, 34.31808673900008 ], [ -5.52997217099994, 34.317465885999979 ], [ -5.532455579999919, 34.310015658000111 ], [ -5.538664103999849, 34.304427987000224 ], [ -5.540216234999946, 34.299771595000095 ], [ -5.543630921999863, 34.297288185000127 ], [ -5.542389217999869, 34.292942219000054 ], [ -5.543320495999922, 34.286112843000069 ], [ -5.548931191999941, 34.277028860000144 ], [ -5.549839445999908, 34.275558354000111 ], [ -5.555427116999851, 34.282077303000108 ], [ -5.56287734499989, 34.289217105000034 ], [ -5.57808822699991, 34.297598612000172 ], [ -5.57870907899985, 34.300082021000037 ], [ -5.580226436999908, 34.301902850000147 ], [ -5.580387722999944, 34.301620598999932 ], [ -5.581745486999921, 34.30322838100011 ], [ -5.584081192999918, 34.300892675000114 ], [ -5.585536249999961, 34.299073855000074 ], [ -5.586687722999898, 34.299320599000055 ], [ -5.591387722999855, 34.301220599000089 ], [ -5.595087722999949, 34.303420599000049 ], [ -5.597787723999943, 34.304620599000202 ], [ -5.599090752999928, 34.304620599000202 ], [ -5.600038951999863, 34.306358964000026 ], [ -5.605716155999858, 34.305048839999984 ], [ -5.605787723999924, 34.309420599000134 ], [ -5.608735871999954, 34.309716455000114 ], [ -5.611387722999893, 34.306720599000016 ], [ -5.612076047999949, 34.305876437000165 ], [ -5.615028940999935, 34.302255004000131 ], [ -5.619259424999825, 34.304042609000135 ], [ -5.622231064999937, 34.304785519000177 ], [ -5.626387723999869, 34.305020599000045 ], [ -5.627587723999852, 34.306420599000091 ], [ -5.628787723999949, 34.307620599000074 ], [ -5.629987723999932, 34.309220599000128 ], [ -5.630587723999838, 34.310220599000104 ], [ -5.625583430999939, 34.312809494000135 ], [ -5.615339366999933, 34.313119920000076 ], [ -5.611924678999912, 34.31808673900008 ], [ -5.61099340099986, 34.323363984000196 ], [ -5.616892547999896, 34.325501983000038 ], [ -5.621237463999876, 34.326157819000173 ], [ -5.629308544999958, 34.328641228000038 ], [ -5.626787723999939, 34.33412059900013 ], [ -5.626787723999939, 34.335020599000188 ], [ -5.626087722999898, 34.336320599000089 ], [ -5.625287723999918, 34.337220598999977 ], [ -5.624287723999942, 34.338120598999978 ], [ -5.622387722999918, 34.340420599000026 ], [ -5.621587722999891, 34.341220599000167 ], [ -5.621487723999905, 34.341520599000091 ], [ -5.620587722999858, 34.344520599000191 ], [ -5.621626107999873, 34.358001091000176 ], [ -5.622173382999961, 34.359369278000145 ], [ -5.62545703, 34.364842023000051 ], [ -5.62764612799981, 34.36648384700004 ], [ -5.62764612799981, 34.374145690000091 ], [ -5.626004303999935, 34.381807533000142 ], [ -5.622708504999935, 34.387143959000241 ], [ -5.621698286999901, 34.38877966400014 ], [ -5.619106952999914, 34.387878331000081 ], [ -5.616991200999905, 34.389147782000236 ], [ -5.615087023999934, 34.392321410000079 ], [ -5.611913395999863, 34.394014012000127 ], [ -5.613182846999905, 34.395495039000195 ], [ -5.615770541999893, 34.396213843000169 ], [ -5.616587723999942, 34.398120599000038 ], [ -5.616287722999857, 34.399120599000184 ], [ -5.614611749999938, 34.400303639000185 ], [ -5.609162917999925, 34.40078441899999 ], [ -5.60810504199992, 34.402688595000143 ], [ -5.608732201999942, 34.405376423000121 ], [ -5.60878772399991, 34.405820598999924 ], [ -5.608987723999917, 34.406920598999989 ], [ -5.609287723999955, 34.407920599000136 ], [ -5.609187723999867, 34.408520599000042 ], [ -5.608987723999917, 34.4090205990002 ], [ -5.608087722999869, 34.409920599000088 ], [ -5.607887959999857, 34.410075970000037 ], [ -5.603238812999962, 34.408824276000075 ], [ -5.601334635999876, 34.408189551000191 ], [ -5.599218883999868, 34.408189551000191 ], [ -5.595622104999904, 34.409035851999988 ], [ -5.594564228999957, 34.409670576999986 ], [ -5.594792967999865, 34.410219550000193 ], [ -5.594787723999957, 34.410220599000183 ], [ -5.59418772399988, 34.410620599000083 ], [ -5.594087722999859, 34.41082059900009 ], [ -5.594387723999944, 34.411920598999984 ], [ -5.594687722999879, 34.414020599000196 ], [ -5.595187723999857, 34.415920599000231 ], [ -5.595287722999956, 34.416720599000143 ], [ -5.594987723999907, 34.41772059900012 ], [ -5.594087722999859, 34.418520599000203 ], [ -5.593787723999924, 34.419420599000091 ], [ -5.593408475999922, 34.419757708000191 ], [ -5.593083202999878, 34.41982618700024 ], [ -5.590121149999959, 34.420249337000087 ], [ -5.587370671999849, 34.419614612000032 ], [ -5.586312795999959, 34.419403037000222 ], [ -5.585889645999941, 34.418345161000104 ], [ -5.586524370999882, 34.414536807000104 ], [ -5.584831769999937, 34.412209480000172 ], [ -5.579965539999876, 34.410728452999933 ] ] ] ] } },
{ "type": "Feature", "properties": { "Code_Commu": "04.501.01.07.", "Code_Provi": "04.501.", "CODE_REGIO": "04.", "nom": "Commune de TГ©mara", "Marocains_": 295206, "Etrangers_": 1892, "Populati_1": 297098, "Menages_": 82146, "nom_arabe": "Ш¬Щ…Ш§Ш№Ш© ШЄЩ…Ш§Ш±Ш©" }, "geometry": { "type": "MultiPolygon", "coordinates": [ [ [ [ -6.894507283999928, 33.945301812000082 ], [ -6.889394351999954, 33.944915929999979 ], [ -6.886307298999952, 33.94510887100023 ], [ -6.881387306999954, 33.944337107000138 ], [ -6.877432019999958, 33.940092409000101 ], [ -6.879747309999857, 33.938066530000071 ], [ -6.881966129999853, 33.937294767000083 ], [ -6.881976031999955, 33.937286180000171 ], [ -6.882093558999941, 33.937371654000174 ], [ -6.89001324599991, 33.930340156000113 ], [ -6.889883368999904, 33.930249409000169 ], [ -6.885116486999948, 33.926820599000166 ], [ -6.883539339999913, 33.925686160000168 ], [ -6.884071290999941, 33.924877594000236 ], [ -6.885023499999875, 33.923398079000094 ], [ -6.883044619999907, 33.921604719000243 ], [ -6.885023499999875, 33.916966718000083 ], [ -6.884909815999947, 33.913574089000122 ], [ -6.884837979999872, 33.911586637000198 ], [ -6.884095899999863, 33.910844557000075 ], [ -6.885085339999932, 33.910102477000123 ], [ -6.884590619999926, 33.908927517000052 ], [ -6.885209019999934, 33.908494636000228 ], [ -6.885951099999886, 33.910040637000179 ], [ -6.887276547999932, 33.910931775000165 ], [ -6.887806300999898, 33.911339277000138 ], [ -6.891087723999874, 33.912920599000245 ], [ -6.893087723999827, 33.915420599000129 ], [ -6.896436692999885, 33.916264216000229 ], [ -6.902610798999945, 33.913466573000107 ], [ -6.907048438999936, 33.908739523000179 ], [ -6.909170787999869, 33.902661887000193 ], [ -6.917467243999852, 33.896487780000143 ], [ -6.919975474999887, 33.893497197000045 ], [ -6.936587722999946, 33.889620599000068 ], [ -6.947782790999952, 33.898067717000174 ], [ -6.947787722999919, 33.898220599000069 ], [ -6.947787722999919, 33.898620599000083 ], [ -6.947787722999919, 33.900620599000035 ], [ -6.947787722999919, 33.901020599000105 ], [ -6.948187722999876, 33.901520599000094 ], [ -6.948337777999939, 33.902468946000113 ], [ -6.951810712999873, 33.90729246699999 ], [ -6.944575431999851, 33.915203041000098 ], [ -6.943487722999919, 33.915120599000204 ], [ -6.942487722999886, 33.916320599000187 ], [ -6.94178772399988, 33.916920599000093 ], [ -6.94118772399986, 33.917620599000088 ], [ -6.940687722999883, 33.918220599000165 ], [ -6.939944851999883, 33.918675976000088 ], [ -6.944768371999942, 33.926297138999985 ], [ -6.945387723999943, 33.925920599000108 ], [ -6.943487722999919, 33.92752059899999 ], [ -6.941287722999903, 33.929220599000132 ], [ -6.940587723999954, 33.92972059900012 ], [ -6.939787723999871, 33.930420599000115 ], [ -6.938887723999926, 33.931020599000192 ], [ -6.938287723999906, 33.931320599000173 ], [ -6.937787722999929, 33.931720599000187 ], [ -6.93748772399988, 33.93192059900008 ], [ -6.936587722999946, 33.932620599000074 ], [ -6.934887723999907, 33.934020599000064 ], [ -6.933387723999942, 33.935120599000129 ], [ -6.932887722999794, 33.935820599000181 ], [ -6.932287722999888, 33.936420599000087 ], [ -6.931587723999939, 33.93702059899999 ], [ -6.92978772399988, 33.938520599000071 ], [ -6.929187723999917, 33.939120598999978 ], [ -6.927287723999882, 33.940720599000201 ], [ -6.926287723999849, 33.941620599000089 ], [ -6.926087723999899, 33.941820599000096 ], [ -6.924887723999916, 33.942820599000243 ], [ -6.92388772399994, 33.943820599000048 ], [ -6.921187723999935, 33.946420599000021 ], [ -6.919787723999889, 33.947720598999979 ], [ -6.919487722999861, 33.948020599000074 ], [ -6.916787722999914, 33.950720599000192 ], [ -6.914987722999854, 33.952520599000081 ], [ -6.913687723999942, 33.953820598999982 ], [ -6.911040409999941, 33.95652194000013 ], [ -6.907916671999942, 33.954370031000167 ], [ -6.896992067999918, 33.946865169000034 ], [ -6.894507283999928, 33.945301812000082 ] ] ] ] } },
{ "type": "Feature", "properties": { "Code_Commu": "04.291.03.05.", "Code_Provi": "04.291.", "CODE_REGIO": "04.", "nom": "Commune d'Ait Siberne", "Marocains_": 4675, "Etrangers_": 1, "Populati_1": 4676, "Menages_": 1211, "nom_arabe": "Ш¬Щ…Ш§Ш№Ш© ШўЩЉШЄ ШіЩЉШЁШ±Щ†" }, "geometry": { "type": "MultiPolygon", "coordinates": [ [ [ [ -5.917787722999947, 33.91792059900024 ], [ -5.919185952999953, 33.916718828000171 ], [ -5.920833911999921, 33.915302416000031 ], [ -5.918862888999911, 33.911360369000136 ], [ -5.906839643999945, 33.901308148000169 ], [ -5.894027989999927, 33.894015360000196 ], [ -5.866039452999871, 33.888102289000244 ], [ -5.863082917999861, 33.882780525000101 ], [ -5.862097405999862, 33.876276147000169 ], [ -5.863448523999921, 33.86216446899999 ], [ -5.863686347999874, 33.859680523000122 ], [ -5.863871326999913, 33.857748524000101 ], [ -5.855395924999868, 33.853609374000087 ], [ -5.842190065999944, 33.845331074000114 ], [ -5.831349435999869, 33.83389913700023 ], [ -5.826587723999864, 33.831620599000132 ], [ -5.818340678999903, 33.833307830000024 ], [ -5.809087723999937, 33.835220599000138 ], [ -5.803755103999947, 33.835475956000039 ], [ -5.803310287999921, 33.842148193000071 ], [ -5.800887722999903, 33.845320599000047 ], [ -5.797149522999803, 33.847765631000186 ], [ -5.787087723999946, 33.851320599000132 ], [ -5.782842599999867, 33.852818878000221 ], [ -5.780287722999958, 33.853720598999985 ], [ -5.772235320999926, 33.852696567000123 ], [ -5.766266292999887, 33.84984181499999 ], [ -5.753809192999938, 33.83764423700012 ], [ -5.759646171999862, 33.821471631000122 ], [ -5.763287723999895, 33.815620599000226 ], [ -5.767304384999875, 33.816103833000227 ], [ -5.778287722999949, 33.821520599000053 ], [ -5.783394806999922, 33.824408567000091 ], [ -5.799744751999924, 33.829339503000085 ], [ -5.812461375999874, 33.828301410999984 ], [ -5.822842292999951, 33.82233238399999 ], [ -5.82984941199993, 33.82233238399999 ], [ -5.83296368799995, 33.821294292000118 ], [ -5.836418385999878, 33.81964204500008 ], [ -5.836087722999935, 33.81892059900008 ], [ -5.834687722999945, 33.81022059899999 ], [ -5.834087722999925, 33.806620599000041 ], [ -5.837487723999914, 33.797120599000039 ], [ -5.837558428999955, 33.795459023000035 ], [ -5.837635099999829, 33.795341998000026 ], [ -5.841527943999949, 33.774839687000167 ], [ -5.851466268999957, 33.761846484999978 ], [ -5.852687430999936, 33.760046879000129 ], [ -5.86799928399995, 33.760565925000094 ], [ -5.8861368929999, 33.762317143000018 ], [ -5.902775356999825, 33.763680200000124 ], [ -5.901737264999895, 33.782625375000123 ], [ -5.906408677999877, 33.796639613000195 ], [ -5.909058201999926, 33.799169843000129 ], [ -5.914972934999923, 33.802608641000063 ], [ -5.929703490999941, 33.812455398000111 ], [ -5.935287723999863, 33.812620599000184 ], [ -5.939148329999909, 33.81409130600008 ], [ -5.944289093999942, 33.821875892000094 ], [ -5.961239897999917, 33.844148459999928 ], [ -5.970934109999916, 33.865932104000024 ], [ -5.977796497999861, 33.885342856000079 ], [ -5.975998242999935, 33.886370949000138 ], [ -5.973287723999931, 33.887920598999926 ], [ -5.970109504999868, 33.888496494000094 ], [ -5.966167457999859, 33.892044336000197 ], [ -5.964835666999875, 33.899369185000069 ], [ -5.961887723999951, 33.905720599000119 ], [ -5.956987723999873, 33.915820599000199 ], [ -5.95404511299995, 33.918822062000118 ], [ -5.945887723999931, 33.918220599000165 ], [ -5.94378772399989, 33.91792059900024 ], [ -5.935419487999923, 33.917273440000088 ], [ -5.934487723999951, 33.919520599000123 ], [ -5.929387723999923, 33.925920599000108 ], [ -5.922987723999938, 33.936120599000105 ], [ -5.915987722999944, 33.932620599000074 ], [ -5.910587723999868, 33.93152059900018 ], [ -5.908416462999924, 33.930479299000183 ], [ -5.913541124999938, 33.927325661000168 ], [ -5.916087723999851, 33.919820599000047 ], [ -5.917787722999947, 33.91792059900024 ] ] ] ] } },
{ "type": "Feature", "properties": { "Code_Commu": "04.291.03.03.", "Code_Provi": "04.291.", "CODE_REGIO": "04.", "nom": "Commune d'Ait Ouribel", "Marocains_": 9372, "Etrangers_": 3, "Populati_1": 9375, "Menages_": 2293, "nom_arabe": "Ш¬Щ…Ш§Ш№Ш© ШўЩЉШЄ ШЈЩ€Ш±ЩЉШЁЩ„" }, "geometry": { "type": "MultiPolygon", "coordinates": [ [ [ [ -6.099345434999861, 33.803879612000173 ], [ -6.095547835999866, 33.799449079000169 ], [ -6.094895342999905, 33.799608224000053 ], [ -6.09604017199996, 33.793439566000188 ], [ -6.098076990999914, 33.790129736000097 ], [ -6.102405230999921, 33.784273883000083 ], [ -6.098586195999928, 33.7758720060001 ], [ -6.083310055999959, 33.750157171000069 ], [ -6.083819260999803, 33.747101943000018 ], [ -6.067779313999949, 33.738445464000108 ], [ -6.056322208999916, 33.729788985000198 ], [ -6.051484764999884, 33.726988359000075 ], [ -6.048787723999851, 33.727420599000141 ], [ -6.051587723999887, 33.72212059900005 ], [ -6.064787723999927, 33.725620599000081 ], [ -6.075328027999944, 33.72448315600019 ], [ -6.08218772399988, 33.719820599000172 ], [ -6.092984944999955, 33.716804266000054 ], [ -6.097567785999956, 33.717058867999981 ], [ -6.11208011899987, 33.709930003000181 ], [ -6.121245802999852, 33.71222142400012 ], [ -6.127101655999866, 33.710184605000109 ], [ -6.141613988999893, 33.712476026000047 ], [ -6.154344104999893, 33.718841084000189 ], [ -6.161218367999879, 33.716804266000054 ], [ -6.168347233999896, 33.717568073000109 ], [ -6.175221495999949, 33.722150915000043 ], [ -6.178022121999959, 33.724442336000038 ], [ -6.182350361999909, 33.731061996000108 ], [ -6.182907624999814, 33.733848314999989 ], [ -6.185150986999872, 33.740482282000244 ], [ -6.180313542999954, 33.742519101000084 ], [ -6.168601835999823, 33.754485410000143 ], [ -6.170036228999948, 33.766788949000045 ], [ -6.170638653999958, 33.773071380000147 ], [ -6.169874846999903, 33.78554689399999 ], [ -6.169111039999962, 33.804132864000167 ], [ -6.166565016999868, 33.814826162000145 ], [ -6.168345599999952, 33.821552810000185 ], [ -6.168856437999921, 33.823482641000226 ], [ -6.157908537999958, 33.826283267000122 ], [ -6.156890128999862, 33.831629916000111 ], [ -6.128629269999863, 33.831375313000137 ], [ -6.119718188999911, 33.830611506000082 ], [ -6.119718188999911, 33.824501050000038 ], [ -6.110409083999912, 33.823651878000135 ], [ -6.110358473999895, 33.822487849000197 ], [ -6.111750926999946, 33.815145824000126 ], [ -6.10883943399989, 33.811348224000142 ], [ -6.102763274999859, 33.806791105000116 ], [ -6.099345434999861, 33.803879612000173 ] ] ] ] } },
{ "type": "Feature", "properties": { "Code_Commu": "04.481.03.03.", "Code_Provi": "04.481.", "CODE_REGIO": "04.", "nom": "Commune de Bni Oual", "Marocains_": 6623, "Etrangers_": 0, "Populati_1": 6623, "Menages_": 1618, "nom_arabe": "Ш¬Щ…Ш§Ш№Ш© ШЁЩ†ЩЉ Щ€Ш§Щ„" }, "geometry": { "type": "MultiPolygon", "coordinates": [ [ [ [ -5.644296314999906, 34.740415509000115 ], [ -5.64069858899984, 34.739730227999985 ], [ -5.640487722999865, 34.739820599000097 ], [ -5.635789823999914, 34.738381348000132 ], [ -5.632276273999935, 34.737826577000135 ], [ -5.62978944799994, 34.736487517000171 ], [ -5.630981807999945, 34.733758255000112 ], [ -5.63248772399993, 34.732720599000061 ], [ -5.63394058699987, 34.726546230000167 ], [ -5.633200891999934, 34.726176382000119 ], [ -5.619331612999929, 34.724142222000069 ], [ -5.611934663999932, 34.721553288999985 ], [ -5.6082361899999, 34.720998517999988 ], [ -5.605092486999865, 34.722477908000201 ], [ -5.603487723999933, 34.718120599000144 ], [ -5.603487723999933, 34.71692059899999 ], [ -5.598435232999861, 34.717484968000235 ], [ -5.590460123999947, 34.721096338000109 ], [ -5.588264427999889, 34.714896036000084 ], [ -5.579573013999948, 34.708053858000085 ], [ -5.57846347099985, 34.704725231000111 ], [ -5.575689614999931, 34.699917214000095 ], [ -5.574587723999912, 34.696120599000096 ], [ -5.574493583999924, 34.694812574000139 ], [ -5.57439514899994, 34.693444884000144 ], [ -5.580497631999947, 34.694369503000189 ], [ -5.582901640999921, 34.695479045000127 ], [ -5.586045343999956, 34.69769813 ], [ -5.588802568999938, 34.700356882000222 ], [ -5.591593054999862, 34.688082096000187 ], [ -5.594366910999895, 34.680315300000018 ], [ -5.595661376999885, 34.674212817000239 ], [ -5.598250308999866, 34.672363580000081 ], [ -5.599359851999907, 34.667555563000235 ], [ -5.598065384999927, 34.663302317999978 ], [ -5.597325690999924, 34.65775460600014 ], [ -5.598990003999859, 34.651652124000236 ], [ -5.599116432999949, 34.651285481000173 ], [ -5.603058325999939, 34.644070251000244 ], [ -5.604907562999927, 34.642036090000033 ], [ -5.611934663999932, 34.641851167000141 ], [ -5.61896176599987, 34.639632082000105 ], [ -5.62173562199996, 34.637967768000237 ], [ -5.624013923999939, 34.633825399999978 ], [ -5.623487723999915, 34.631720599000175 ], [ -5.626358714999867, 34.623173871000176 ], [ -5.626833276999946, 34.61902144600009 ], [ -5.628392874999861, 34.616331693000177 ], [ -5.629687340999851, 34.613372914000081 ], [ -5.633043482999881, 34.611991557000238 ], [ -5.634187722999911, 34.611520599000187 ], [ -5.636184020999849, 34.61062430200019 ], [ -5.63618772399991, 34.610620599000129 ], [ -5.636188770999922, 34.610622169000123 ], [ -5.639087722999932, 34.609320599000228 ], [ -5.639787723999859, 34.609320599000228 ], [ -5.644296314999906, 34.609119668000233 ], [ -5.647624941999936, 34.610229211000103 ], [ -5.650583721999908, 34.614297532000194 ], [ -5.65428219599994, 34.616516617000229 ], [ -5.658350517999907, 34.617626159000167 ], [ -5.667041932999894, 34.616331693000177 ], [ -5.675178575999894, 34.615591998000184 ], [ -5.682020753999893, 34.614667380000242 ], [ -5.686169242999938, 34.613546167000095 ], [ -5.688741299999947, 34.612851017000139 ], [ -5.688791379999941, 34.612813098000117 ], [ -5.695484568999916, 34.612426953000238 ], [ -5.701019320999933, 34.61603097699998 ], [ -5.701314859999798, 34.616618297000116 ], [ -5.701437744999907, 34.616701541000225 ], [ -5.701687732999915, 34.617951484000173 ], [ -5.695150337999905, 34.625208031999989 ], [ -5.690712168999937, 34.632050209000113 ], [ -5.689047854999899, 34.63852254000011 ], [ -5.690712168999937, 34.643145633000131 ], [ -5.690580314999863, 34.645089069000164 ], [ -5.688862931999893, 34.649433039000201 ], [ -5.694595566999908, 34.656090293000034 ], [ -5.714567328999919, 34.66034353800012 ], [ -5.718080878999956, 34.665336479000132 ], [ -5.716786412999852, 34.672918351000078 ], [ -5.708279921999917, 34.692520266000201 ], [ -5.710572589999913, 34.697105602000192 ], [ -5.714752251999869, 34.705464926000104 ], [ -5.704951294999944, 34.711382485000058 ], [ -5.697184498999889, 34.712861875000101 ], [ -5.684116390999918, 34.71273500000018 ], [ -5.682390600999952, 34.712861875000101 ], [ -5.677952431999813, 34.718224663000058 ], [ -5.673884109999904, 34.720998517999988 ], [ -5.673329338999906, 34.725621611000122 ], [ -5.668521322999936, 34.726546230000167 ], [ -5.666857008999955, 34.734313026000109 ], [ -5.661679144999937, 34.736347186999922 ], [ -5.652248034999957, 34.736347186999922 ], [ -5.650302254999872, 34.738455116000182 ], [ -5.644296314999906, 34.740415509000115 ] ] ] ] } },
{ "type": "Feature", "properties": { "Code_Commu": "04.491.05.11.", "Code_Provi": "04.491.", "CODE_REGIO": "04.", "nom": "Commune d'Ouled Ben Hammadi", "Marocains_": 13491, "Etrangers_": 0, "Populati_1": 13491, "Menages_": 2896, "nom_arabe": "Ш¬Щ…Ш§Ш№Ш© ШЈЩ€Щ„Ш§ШЇ ШЁЩ† Ш­Щ…Ш§ШЇЩЉ" }, "geometry": { "type": "MultiPolygon", "coordinates": [ [ [ [ -5.795592384999907, 34.301671244000147 ], [ -5.795586397999955, 34.301670845000046 ], [ -5.795587905999923, 34.301662445000034 ], [ -5.795592384999907, 34.301671244000147 ] ] ], [ [ [ -5.795592384999907, 34.301671244000147 ], [ -5.797668568999939, 34.295183170000143 ], [ -5.798447136999869, 34.283504638000181 ], [ -5.800263797999889, 34.273642767000183 ], [ -5.803897118999942, 34.264818987000183 ], [ -5.800004274999935, 34.261445189000085 ], [ -5.800263797999889, 34.257292822000181 ], [ -5.791612869999881, 34.254758612999979 ], [ -5.790401925999902, 34.254438070000049 ], [ -5.792478109999934, 34.227447684000083 ], [ -5.792965975999948, 34.218910031000235 ], [ -5.793516201999921, 34.20928107900005 ], [ -5.795332861999952, 34.191114474000187 ], [ -5.821402140999908, 34.189475803000221 ], [ -5.829589888999919, 34.189038289999985 ], [ -5.824399430999904, 34.171650253000223 ], [ -5.815189655999859, 34.159003996000024 ], [ -5.813499467999918, 34.15789553799999 ], [ -5.825697044999913, 34.153743171000087 ], [ -5.842306512999869, 34.14803366600006 ], [ -5.84398772399993, 34.158220599000174 ], [ -5.846387723999953, 34.165420599000072 ], [ -5.848887723999951, 34.17202059900012 ], [ -5.849987722999856, 34.173620599000174 ], [ -5.851387722999959, 34.17852059900008 ], [ -5.851387722999959, 34.182020599000111 ], [ -5.851487723999867, 34.182220599000118 ], [ -5.852887723999913, 34.187520599000095 ], [ -5.855787723999867, 34.198120598999935 ], [ -5.85588772299991, 34.198420599000087 ], [ -5.857487722999906, 34.203420599000083 ], [ -5.86078772299993, 34.213720599000169 ], [ -5.863087723999911, 34.22112059900013 ], [ -5.865887722999958, 34.234320599000228 ], [ -5.868287722999924, 34.245220599000049 ], [ -5.868487722999873, 34.247220599000173 ], [ -5.871442176999892, 34.258022819000075 ], [ -5.86488500899992, 34.258071390999987 ], [ -5.86488500899992, 34.26507851000008 ], [ -5.861770732999901, 34.275199904000146 ], [ -5.861444179999921, 34.286792561000198 ], [ -5.861287723999908, 34.287320599000168 ], [ -5.860687723999945, 34.290820599000199 ], [ -5.861511209999946, 34.301671244000147 ], [ -5.865404053999896, 34.316204528000014 ], [ -5.865525168999909, 34.322718826000084 ], [ -5.863787723999906, 34.321877250999989 ], [ -5.86332787099991, 34.321654510000144 ], [ -5.850611246999961, 34.318021188999978 ], [ -5.847903445999805, 34.31764953000004 ], [ -5.84498772399985, 34.316920599000241 ], [ -5.837387723999939, 34.31402059900006 ], [ -5.830787722999844, 34.311720599000012 ], [ -5.830173497999908, 34.311515858000234 ], [ -5.827513705999934, 34.309975978000182 ], [ -5.819728017999921, 34.308159317000047 ], [ -5.815316127999949, 34.306602179000038 ], [ -5.800004274999935, 34.303747427000076 ], [ -5.795592384999907, 34.301671244000147 ] ] ] ] } },
{ "type": "Feature", "properties": { "Code_Commu": "04.291.05.11.", "Code_Provi": "04.291.", "CODE_REGIO": "04.", "nom": "Commune d'Oulmes", "Marocains_": 19576, "Etrangers_": 3, "Populati_1": 19579, "Menages_": 5562, "nom_arabe": "Ш¬Щ…Ш§Ш№Ш© Ш§Щ€Щ„Щ…Ш§Ші" }, "geometry": { "type": "MultiPolygon", "coordinates": [ [ [ [ -6.084700933999898, 33.503897742999982 ], [ -6.082890778999911, 33.50160488000023 ], [ -6.079787722999924, 33.503720599000076 ], [ -6.078987722999898, 33.502820599000188 ], [ -6.076087723999933, 33.499420599000246 ], [ -6.078135728999939, 33.497174399000016 ], [ -6.076396199999863, 33.495593009000117 ], [ -6.074060493999866, 33.496112055000083 ], [ -6.07496606199993, 33.491131430000166 ], [ -6.072187723999946, 33.492520599000102 ], [ -6.071487722999905, 33.492720599000108 ], [ -6.071924483999908, 33.489663278000194 ], [ -6.077953337999929, 33.487288275000083 ], [ -6.076987722999945, 33.486322660000042 ], [ -6.076987722999945, 33.485620599000129 ], [ -6.07688772399996, 33.484820598999988 ], [ -6.075987723999901, 33.484120599000164 ], [ -6.075087722999797, 33.484120599000164 ], [ -6.072287722999931, 33.486420599000041 ], [ -6.071287723999887, 33.486620599000048 ], [ -6.070487723999861, 33.485320599000147 ], [ -6.070787723999899, 33.482020599000123 ], [ -6.070601652999869, 33.481857787000195 ], [ -6.064458144999946, 33.485471615000222 ], [ -6.063422431999868, 33.481920599000034 ], [ -6.063387723999938, 33.481920599000034 ], [ -6.062387723999962, 33.481420599000046 ], [ -6.060687722999887, 33.482120599000041 ], [ -6.060487722999881, 33.482520599000111 ], [ -6.059887723999907, 33.483620599000176 ], [ -6.059087723999937, 33.483720599000094 ], [ -6.057587722999926, 33.482820599000092 ], [ -6.057787722999933, 33.482020599000123 ], [ -6.057911583999896, 33.481277430000034 ], [ -6.05388166399996, 33.479826659000139 ], [ -6.053587723999897, 33.480120599000145 ], [ -6.05318772399994, 33.48082059900014 ], [ -6.052387723999914, 33.481120599000121 ], [ -6.051887722999936, 33.481020599000203 ], [ -6.051287722999916, 33.480320598999981 ], [ -6.051287722999916, 33.47942059899998 ], [ -6.050387723999961, 33.47942059899998 ], [ -6.048987723999858, 33.479920599000138 ], [ -6.046387722999953, 33.482620599000029 ], [ -6.045387722999919, 33.482920599000181 ], [ -6.044087723999894, 33.483020599000099 ], [ -6.043587723999906, 33.483720599000094 ], [ -6.043287723999867, 33.484620598999982 ], [ -6.042887722999922, 33.485020599000222 ], [ -6.041887722999945, 33.484520599000234 ], [ -6.041887722999945, 33.484020599000075 ], [ -6.039787723999837, 33.482220599000186 ], [ -6.039387723999937, 33.482220599000186 ], [ -6.037487723999959, 33.482920599000181 ], [ -6.036587722999911, 33.483020599000099 ], [ -6.035287723999829, 33.483220598999935 ], [ -6.033787722999875, 33.483220598999935 ], [ -6.03288772399992, 33.484220599000082 ], [ -6.032287723999957, 33.48512059900014 ], [ -6.030687722999915, 33.485720599000047 ], [ -6.028887722999912, 33.485720599000047 ], [ -6.027687723999918, 33.485420599000065 ], [ -6.026887723999891, 33.485620599000129 ], [ -6.026387722999914, 33.485720599000047 ], [ -6.02556727599989, 33.486658253000144 ], [ -6.021636860999934, 33.484693046000189 ], [ -6.018782108999915, 33.485731138000119 ], [ -6.020654631999946, 33.490157101000136 ], [ -6.017987723999909, 33.490220599000224 ], [ -6.01478772299987, 33.490320599000142 ], [ -6.014031477999936, 33.490320599000142 ], [ -6.009179759999938, 33.487288275000083 ], [ -6.007363099999907, 33.484952569000086 ], [ -6.006210959999919, 33.482417862000034 ], [ -6.006389644999956, 33.481935412000098 ], [ -6.003470255999957, 33.479502587000184 ], [ -6.002951209999935, 33.478204972000185 ], [ -6.004124199999922, 33.474920599000143 ], [ -6.003416600999913, 33.474920599000143 ], [ -6.003470255999957, 33.474831174000087 ], [ -6.003210732999889, 33.473274037000124 ], [ -5.999058365999872, 33.474052605000054 ], [ -5.997760750999817, 33.473014514000226 ], [ -5.99683891299992, 33.473439977000169 ], [ -5.995387723999954, 33.473520599000096 ], [ -5.994887723999852, 33.472220599000195 ], [ -5.994887723999852, 33.471820599000125 ], [ -5.994987723999941, 33.471020599000042 ], [ -5.994827495999857, 33.470940485000142 ], [ -5.994905998999855, 33.470678807000183 ], [ -5.988936970999816, 33.470159761000048 ], [ -5.988936970999816, 33.470938330000081 ], [ -5.989352608999923, 33.472007113000132 ], [ -5.98936951, 33.47205057299999 ], [ -5.989967036999928, 33.473587070000178 ], [ -5.988936970999816, 33.473793083000089 ], [ -5.987044062999871, 33.471900175000144 ], [ -5.98697114599986, 33.471991321000075 ], [ -5.985822695999957, 33.470678807000183 ], [ -5.982448897999916, 33.469640716000185 ], [ -5.979075099999875, 33.470419284000116 ], [ -5.978954917999886, 33.470900012000243 ], [ -5.978296530999955, 33.468862146999982 ], [ -5.974403686999892, 33.466526440000223 ], [ -5.968953704999933, 33.465488349000225 ], [ -5.962465631999919, 33.465228825999986 ], [ -5.959870402999911, 33.466266916999984 ], [ -5.955977558999905, 33.466526440000223 ], [ -5.954160897999941, 33.464450257000124 ], [ -5.945337117999941, 33.466007394000087 ], [ -5.942741888999876, 33.463931210999988 ], [ -5.941444273999821, 33.460816936000185 ], [ -5.942482365999922, 33.459778844000084 ], [ -5.942222842999911, 33.457962184000223 ], [ -5.938070475999893, 33.456664569000225 ], [ -5.93495620099992, 33.456664569000225 ], [ -5.933918108999876, 33.455886000000191 ], [ -5.93495620099992, 33.454588385000022 ], [ -5.932620493999821, 33.450955064000084 ], [ -5.930284787999938, 33.451993156000185 ], [ -5.926391943999874, 33.445764606000125 ], [ -5.92613242099992, 33.444726514000195 ], [ -5.923762863999855, 33.442672898000126 ], [ -5.922499099999925, 33.44213128500013 ], [ -5.923277668999958, 33.439017009000224 ], [ -5.925353851999944, 33.436162257000092 ], [ -5.926192310999852, 33.43478478899999 ], [ -5.925872897999909, 33.433826551000095 ], [ -5.922758622999879, 33.432788459000221 ], [ -5.920163393999928, 33.434605119000025 ], [ -5.917049117999909, 33.435383688000059 ], [ -5.914453888999958, 33.433047982000062 ], [ -5.912118182999961, 33.433047982000062 ], [ -5.909522952999907, 33.434605119000025 ], [ -5.907446769999865, 33.431490844000223 ], [ -5.90147774199994, 33.428117046000125 ], [ -5.900699173999897, 33.42526229399999 ], [ -5.898882512999933, 33.423705155999926 ], [ -5.891615870999942, 33.422407540999984 ], [ -5.889799209999865, 33.422667064000223 ], [ -5.887723026999879, 33.420071834999987 ], [ -5.887723026999879, 33.418255175000127 ], [ -5.884349228999952, 33.417476606000093 ], [ -5.886165888999926, 33.414362331000063 ], [ -5.88642541199988, 33.412545669999986 ], [ -5.885089684999855, 33.406534895999982 ], [ -5.885296362999895, 33.406285159999925 ], [ -5.885127796999825, 33.406057597000199 ], [ -5.885646842999961, 33.403202844000191 ], [ -5.889020640999945, 33.400348092000229 ], [ -5.89343253099986, 33.398531432000198 ], [ -5.894018866999886, 33.398560748000136 ], [ -5.893987722999952, 33.39842059900019 ], [ -5.892795443999887, 33.398368761000143 ], [ -5.894989668999926, 33.397233817000199 ], [ -5.894989668999926, 33.395417156000121 ], [ -5.891356347999931, 33.395417156000121 ], [ -5.88642541199988, 33.396974294000131 ], [ -5.884089705999884, 33.388669560000096 ], [ -5.881234952999932, 33.38477671600009 ], [ -5.877861154999948, 33.382181487000196 ], [ -5.876044494999917, 33.380624349000129 ], [ -5.875265925999884, 33.379586257000199 ], [ -5.875525448999952, 33.374655322000194 ], [ -5.87293021999983, 33.369464863000132 ], [ -5.871373081999934, 33.369464863000132 ], [ -5.868518329999915, 33.372060092000197 ], [ -5.866961191999849, 33.370762478000131 ], [ -5.865663576999793, 33.366350587999932 ], [ -5.862808824999945, 33.361419652000166 ], [ -5.855801705999852, 33.361160129000098 ], [ -5.844123173999947, 33.359343468000134 ], [ -5.833742255999937, 33.35622919299999 ], [ -5.829589888999919, 33.355450624000127 ], [ -5.828032751999956, 33.355450624000127 ], [ -5.826735136999901, 33.356748239000126 ], [ -5.824658953999915, 33.360122037000167 ], [ -5.824055867999903, 33.362534380000227 ], [ -5.823587723999879, 33.36292059900012 ], [ -5.822687722999945, 33.363920599000039 ], [ -5.822537203999957, 33.365325449000125 ], [ -5.820766109999852, 33.36505297299999 ], [ -5.820506586999954, 33.358564900000204 ], [ -5.813758989999883, 33.356748239000126 ], [ -5.813780006999934, 33.3567876460001 ], [ -5.813307806999944, 33.356095085999982 ], [ -5.803233475999946, 33.351297786000032 ], [ -5.795557795999912, 33.342422780000106 ], [ -5.794358470999953, 33.33642615500014 ], [ -5.783324679999907, 33.338105210000094 ], [ -5.775234017999878, 33.3344276360001 ], [ -5.774449673999925, 33.333787638999979 ], [ -5.778767243999937, 33.33186871900017 ], [ -5.791719954999905, 33.325392363999981 ], [ -5.796039966999899, 33.322368356000084 ], [ -5.796104254999932, 33.322323354000048 ], [ -5.798153624999941, 33.320888795000144 ], [ -5.798251047999884, 33.320820599000172 ], [ -5.800382315999855, 33.319328712000072 ], [ -5.800409357999854, 33.319309782000119 ], [ -5.80371320699993, 33.316997088000107 ], [ -5.811868616999959, 33.308601812000177 ], [ -5.81622626099994, 33.307812793000039 ], [ -5.817287723999925, 33.307620599000074 ], [ -5.817787722999867, 33.307420599000238 ], [ -5.818487723999908, 33.307320598999979 ], [ -5.81958772299987, 33.307320598999979 ], [ -5.820787723999956, 33.306620598999984 ], [ -5.821487723999951, 33.306620598999984 ], [ -5.822787723999852, 33.306520599000237 ], [ -5.825187723999932, 33.305320599000027 ], [ -5.826687723999953, 33.305020599000102 ], [ -5.827387722999902, 33.305220599000108 ], [ -5.829687723999939, 33.305820599000185 ], [ -5.830187722999938, 33.306520599000237 ], [ -5.830487723999909, 33.307220599000232 ], [ -5.831087723999872, 33.308020599000145 ], [ -5.831287723999935, 33.309920599000179 ], [ -5.831487723999942, 33.310820599000181 ], [ -5.83338772399992, 33.310720599000092 ], [ -5.835587723999879, 33.310020599000097 ], [ -5.836787723999862, 33.309720599000116 ], [ -5.83908772399991, 33.309720599000116 ], [ -5.841087723999863, 33.310320599000192 ], [ -5.843287722999889, 33.310420599000111 ], [ -5.84398772399993, 33.310420599000111 ], [ -5.84538772399992, 33.310420599000111 ], [ -5.845787723999877, 33.310520599000085 ], [ -5.848387723999906, 33.310720599000092 ], [ -5.852587722999942, 33.310320599000192 ], [ -5.853887723999947, 33.310620599000174 ], [ -5.854987723999955, 33.310720599000092 ], [ -5.855187723999961, 33.310720599000092 ], [ -5.856287722999923, 33.309720599000116 ], [ -5.859187723999923, 33.309520599000109 ], [ -5.860387722999917, 33.310220599000104 ], [ -5.861887723999928, 33.312220599000227 ], [ -5.863187722999953, 33.312820599000133 ], [ -5.864087723999944, 33.312720598999988 ], [ -5.865787723999915, 33.311420599000087 ], [ -5.866287722999914, 33.310820599000181 ], [ -5.867787723999925, 33.310520599000085 ], [ -5.868887722999943, 33.311420599000087 ], [ -5.868887722999943, 33.311920599000246 ], [ -5.870387723999954, 33.311920599000246 ], [ -5.870687723999936, 33.31112059899999 ], [ -5.873487723999858, 33.310620599000174 ], [ -5.877387723999959, 33.310420599000111 ], [ -5.880287723999913, 33.310420599000111 ], [ -5.881187723999858, 33.31122059900008 ], [ -5.883987722999905, 33.313720599000135 ], [ -5.886087723999935, 33.314620599000193 ], [ -5.887187723999887, 33.314720599000111 ], [ -5.88898772399989, 33.314620599000193 ], [ -5.890787723999949, 33.313820599000053 ], [ -5.89288772399982, 33.313520599000128 ], [ -5.895687723999856, 33.313220599000147 ], [ -5.897787723999954, 33.313520599000128 ], [ -5.902687723999918, 33.314120599000034 ], [ -5.90608772399986, 33.314120599000034 ], [ -5.906987722999929, 33.314120599000034 ], [ -5.907487723999907, 33.314220599000123 ], [ -5.908087723999813, 33.314420599000186 ], [ -5.909087722999857, 33.314420599000186 ], [ -5.910587723999868, 33.313920599000198 ], [ -5.910987723999938, 33.314020599000116 ], [ -5.911087722999866, 33.314220599000123 ], [ -5.911787723999907, 33.316220599000076 ], [ -5.913187723999897, 33.316820598999982 ], [ -5.914487723999912, 33.316820598999982 ], [ -5.915887723999901, 33.316820598999982 ], [ -5.916687723999928, 33.317320599000141 ], [ -5.915987722999944, 33.320120599000177 ], [ -5.915987722999944, 33.320720599000083 ], [ -5.914287723999792, 33.321820598999977 ], [ -5.913287723999929, 33.322520599000143 ], [ -5.911987723999914, 33.326820599000143 ], [ -5.911987723999914, 33.328020599000126 ], [ -5.91258772399982, 33.329020599000046 ], [ -5.913387723999904, 33.329520599000034 ], [ -5.914187722999941, 33.329720599000098 ], [ -5.916587722999907, 33.32842059900014 ], [ -5.919387723999876, 33.326720599000168 ], [ -5.921087722999914, 33.325420599000097 ], [ -5.922787723999932, 33.323620599000037 ], [ -5.922787723999932, 33.319220599000118 ], [ -5.923587723999958, 33.317920599000047 ], [ -5.923987723999915, 33.317720598999983 ], [ -5.924787722999838, 33.317720598999983 ], [ -5.925887723999892, 33.31872059900013 ], [ -5.925887723999892, 33.319920599000113 ], [ -5.925487723999936, 33.322420599000225 ], [ -5.925487723999936, 33.325620598999933 ], [ -5.927387722999924, 33.326820599000143 ], [ -5.928787722999857, 33.326920599000232 ], [ -5.931387723999933, 33.328220599000133 ], [ -5.932787723999866, 33.329120599000191 ], [ -5.933187723999936, 33.330220599000086 ], [ -5.933487722999871, 33.33082059899999 ], [ -5.934987723999939, 33.331520598999987 ], [ -5.93648772399996, 33.331520598999987 ], [ -5.937787722999872, 33.331620599000075 ], [ -5.938187722999942, 33.331320598999923 ], [ -5.938687723999919, 33.329820599000186 ], [ -5.938487723999799, 33.328220599000133 ], [ -5.939387722999925, 33.326420599000244 ], [ -5.942087722999929, 33.325120599000172 ], [ -5.942887722999956, 33.323720599000126 ], [ -5.945787723999842, 33.319920599000113 ], [ -5.946587722999936, 33.3191205990002 ], [ -5.946887723999907, 33.318820599000048 ], [ -5.948187722999933, 33.31872059900013 ], [ -5.948387722999939, 33.31872059900013 ], [ -5.951887722999913, 33.32092059900009 ], [ -5.953887722999923, 33.322820599000067 ], [ -5.95778772299991, 33.324820599000191 ], [ -5.958587722999937, 33.325120599000172 ], [ -5.961087723999924, 33.327320599000075 ], [ -5.961287723999874, 33.32842059900014 ], [ -5.961287723999874, 33.329220599000109 ], [ -5.961287723999874, 33.330420599000092 ], [ -5.961887723999951, 33.33082059899999 ], [ -5.963387723999915, 33.330920599000081 ], [ -5.963987723999878, 33.331120599000087 ], [ -5.966187723999951, 33.329520599000034 ], [ -5.967787723999891, 33.328220599000133 ], [ -5.969487723999862, 33.325920599000085 ], [ -5.970287723999888, 33.324620599000184 ], [ -5.97138772299985, 33.323120599000049 ], [ -5.972587723999936, 33.322820599000067 ], [ -5.973387723999792, 33.321920599000237 ], [ -5.974487722999925, 33.320820599000172 ], [ -5.974487722999925, 33.320220599000095 ], [ -5.976087722999921, 33.319420599000125 ], [ -5.978787723999915, 33.3195205990001 ], [ -5.979587722999952, 33.319620599000189 ], [ -5.980187722999915, 33.320020599000031 ], [ -5.99136515399988, 33.322176954000042 ], [ -5.993089337999947, 33.317560276000165 ], [ -5.994402238999953, 33.308807603999981 ], [ -5.995566142999849, 33.307078375000174 ], [ -6.015667833999885, 33.306400790000168 ], [ -6.042917741999929, 33.304843652000102 ], [ -6.070167649999917, 33.305622221000135 ], [ -6.082624750999912, 33.310034110999936 ], [ -6.090929484999947, 33.315484092000133 ], [ -6.094562805999942, 33.328719761999935 ], [ -6.100387722999869, 33.334620599000118 ], [ -6.104943722999906, 33.336764973000129 ], [ -6.116103208999959, 33.337284019000094 ], [ -6.125687722999942, 33.342020599000136 ], [ -6.127287722999881, 33.341820599000243 ], [ -6.131155538999906, 33.341695909000236 ], [ -6.138941226999918, 33.337024496000197 ], [ -6.142887723999934, 33.336820599000077 ], [ -6.145387722999942, 33.337420598999984 ], [ -6.146987723999871, 33.335520599000176 ], [ -6.148387723999917, 33.335520599000176 ], [ -6.150587723999934, 33.33802059900006 ], [ -6.158405447999939, 33.336764973000129 ], [ -6.162087722999956, 33.338220599000124 ], [ -6.169045887999857, 33.342993524000235 ], [ -6.177610144999903, 33.348183982000194 ], [ -6.182687722999901, 33.34622059899999 ], [ -6.184387723999862, 33.344820599000172 ], [ -6.192921997999917, 33.345848276000197 ], [ -6.199987722999936, 33.342720599000131 ], [ -6.201387723999858, 33.342820599000049 ], [ -6.203587723999817, 33.343020599000056 ], [ -6.209012419999851, 33.344810184000096 ], [ -6.213424309999937, 33.350000643000101 ], [ -6.212887722999938, 33.352620599000147 ], [ -6.213987723999935, 33.355220599000177 ], [ -6.211201364999852, 33.356133372000102 ], [ -6.210787722999953, 33.359520599000177 ], [ -6.211887723999894, 33.360820599000078 ], [ -6.213087722999887, 33.361920599000143 ], [ -6.213587723999865, 33.36252059900005 ], [ -6.212987723999959, 33.363820599000121 ], [ -6.210787722999953, 33.363920599000039 ], [ -6.209587722999856, 33.364720599000179 ], [ -6.208487723999951, 33.365420599000174 ], [ -6.20858772299988, 33.366520599000069 ], [ -6.209287723999921, 33.367120599000145 ], [ -6.210287723999954, 33.367320598999981 ], [ -6.213687722999907, 33.367120599000145 ], [ -6.21468772299994, 33.367020599000227 ], [ -6.215387723999868, 33.367520599000045 ], [ -6.21528772299996, 33.369120599000098 ], [ -6.212887722999938, 33.371120599000164 ], [ -6.210487723999961, 33.373420599000042 ], [ -6.209187722999957, 33.37652059900023 ], [ -6.209137071999862, 33.376547613000128 ], [ -6.208752896999954, 33.38711242200003 ], [ -6.210829079999883, 33.395417156000121 ], [ -6.210757487999899, 33.395703525000101 ], [ -6.212604335999856, 33.404383712000197 ], [ -6.21038772299994, 33.406420599000228 ], [ -6.21058772299989, 33.407220599000141 ], [ -6.211583698999959, 33.408271906000039 ], [ -6.208970581999949, 33.417679126000166 ], [ -6.208936394999853, 33.417711241000234 ], [ -6.207455281999898, 33.427338477000092 ], [ -6.2061576669999, 33.429933707000089 ], [ -6.201401039999894, 33.434010816000182 ], [ -6.196987755999942, 33.43920291500018 ], [ -6.196923762999916, 33.439278200000103 ], [ -6.196814841999867, 33.439795578000087 ], [ -6.19032676799992, 33.44939792700012 ], [ -6.187991061999867, 33.452512201999923 ], [ -6.185782091999954, 33.454230289000236 ], [ -6.184987723999882, 33.455320599000231 ], [ -6.183293710999862, 33.456677538000122 ], [ -6.182281556999953, 33.45718361500019 ], [ -6.166969703999939, 33.465747872000122 ], [ -6.152436419999958, 33.47560974300012 ], [ -6.134010291999857, 33.491440641999986 ], [ -6.130051557999934, 33.495028244000196 ], [ -6.12985792499984, 33.495593009000117 ], [ -6.126224603999958, 33.498707283999977 ], [ -6.097936603999926, 33.502340605000086 ], [ -6.095762728999887, 33.502340605000086 ], [ -6.089631869999948, 33.502340605000086 ], [ -6.088334254999893, 33.501562036999985 ], [ -6.088074731999939, 33.503119174000119 ], [ -6.084700933999898, 33.503897742999982 ] ] ] ] } },
{ "type": "Feature", "properties": { "Code_Commu": "04.501.03.03.", "Code_Provi": "04.501.", "CODE_REGIO": "04.", "nom": "Commune d'Oumazza", "Marocains_": 4318, "Etrangers_": 4, "Populati_1": 4322, "Menages_": 1094, "nom_arabe": "Ш¬Щ…Ш§Ш№Ш© ШЈЩ… Ш№ШІШ©" }, "geometry": { "type": "MultiPolygon", "coordinates": [ [ [ [ -6.75568772299988, 33.942420599000172 ], [ -6.755287723999913, 33.942220599000166 ], [ -6.75468772399995, 33.942220599000166 ], [ -6.754133156999956, 33.942105283999922 ], [ -6.751126947999921, 33.939544439000088 ], [ -6.749679513999865, 33.936872252999933 ], [ -6.748677444999942, 33.933866045000059 ], [ -6.747786715999951, 33.928410332000112 ], [ -6.746005258999901, 33.9238453480001 ], [ -6.74544855399995, 33.922286573000179 ], [ -6.746450622999873, 33.921395845000177 ], [ -6.746247735999873, 33.917845325000201 ], [ -6.746227940999916, 33.917498906999981 ], [ -6.746505757999898, 33.917132694000145 ], [ -6.748677444999942, 33.914270016000046 ], [ -6.748318646999905, 33.911399639000138 ], [ -6.748368250999931, 33.91137365600008 ], [ -6.748120738999944, 33.910595761000081 ], [ -6.749679513999865, 33.909816374000172 ], [ -6.751021093999952, 33.90998407100011 ], [ -6.751410073999921, 33.909780320000039 ], [ -6.755023885999947, 33.90970503300008 ], [ -6.755105802999879, 33.90716559700013 ], [ -6.757627747999891, 33.905237051000086 ], [ -6.76125898499987, 33.904026638000232 ], [ -6.765823968999939, 33.901577135000139 ], [ -6.763931170999911, 33.894005941999922 ], [ -6.759700209999949, 33.892558508000093 ], [ -6.758182684999895, 33.891372942000203 ], [ -6.757812822999938, 33.890810751000174 ], [ -6.756137295999849, 33.889886322000166 ], [ -6.755203607999874, 33.886618412000132 ], [ -6.753568039999948, 33.883983330000035 ], [ -6.749880884999925, 33.881781330000081 ], [ -6.748009397999908, 33.880533673000173 ], [ -6.750108157999932, 33.87693579800009 ], [ -6.753910474999941, 33.870401635000121 ], [ -6.748987723999846, 33.859520599000234 ], [ -6.745787723999911, 33.854220599000143 ], [ -6.743887723999933, 33.852220599000191 ], [ -6.741190475999872, 33.850366241000074 ], [ -6.736541267999939, 33.847576716000106 ], [ -6.733869082999945, 33.844013802000177 ], [ -6.735984562999874, 33.839114795000114 ], [ -6.735316227999931, 33.8366985090002 ], [ -6.734887722999929, 33.836620599000128 ], [ -6.733187723999947, 33.836420599000121 ], [ -6.731187722999948, 33.836520599000039 ], [ -6.729287723999846, 33.836320599000203 ], [ -6.727387723999925, 33.835420599000145 ], [ -6.726732479999896, 33.834401332000084 ], [ -6.731668144999958, 33.826392518000034 ], [ -6.732287723999889, 33.825820599000224 ], [ -6.732087723999882, 33.82382059899993 ], [ -6.731087723999906, 33.822020599000041 ], [ -6.729545310999924, 33.82104644399999 ], [ -6.726743253999814, 33.820743519000075 ], [ -6.72373704499995, 33.820632178000039 ], [ -6.72095351899992, 33.819630108000069 ], [ -6.720062789999872, 33.818182674000184 ], [ -6.72095351899992, 33.817069264000111 ], [ -6.72114504599989, 33.817041173000177 ], [ -6.723959726999908, 33.814397078000184 ], [ -6.729691795999884, 33.811485551000203 ], [ -6.730687723999949, 33.811420599000201 ], [ -6.733087723999915, 33.810020598999984 ], [ -6.733244910999872, 33.809784819000186 ], [ -6.734425787999953, 33.806157838999923 ], [ -6.732843136999918, 33.802920599000117 ], [ -6.730367416999911, 33.802920599000117 ], [ -6.726409230999877, 33.802260901000068 ], [ -6.723884672999816, 33.800890427000184 ], [ -6.72389060699993, 33.80085185799993 ], [ -6.723291680999864, 33.800702126000147 ], [ -6.72419113299992, 33.795035578000125 ], [ -6.72238772399993, 33.791920599000036 ], [ -6.721187722999957, 33.788520599000094 ], [ -6.721387722999907, 33.786220599000046 ], [ -6.722087723999891, 33.782120599000052 ], [ -6.721787722999863, 33.78032059899999 ], [ -6.721541173999867, 33.779926121000244 ], [ -6.721176200999878, 33.775984409000046 ], [ -6.72373704499995, 33.774202952000167 ], [ -6.728253882999923, 33.775599066000041 ], [ -6.728254725999818, 33.775599864000128 ], [ -6.731642260999877, 33.776318432000039 ], [ -6.732688254999914, 33.775462619000223 ], [ -6.732671829999958, 33.775400204000107 ], [ -6.733535058999905, 33.77453697499999 ], [ -6.729988745999947, 33.768705260000047 ], [ -6.730087723999929, 33.767220599000041 ], [ -6.730087723999929, 33.766920599000059 ], [ -6.729888622999908, 33.765128688000232 ], [ -6.730528849999928, 33.76384823300009 ], [ -6.728858733999857, 33.761398729000064 ], [ -6.72515424199986, 33.759304886000109 ], [ -6.724887722999938, 33.75902059900011 ], [ -6.724787723999839, 33.758720599000185 ], [ -6.724187723999933, 33.757420599000113 ], [ -6.72298772399995, 33.755820599000231 ], [ -6.721887723999941, 33.755320599000243 ], [ -6.719287723999855, 33.754220599000178 ], [ -6.717378378999911, 33.753873445000238 ], [ -6.721275969999908, 33.747028896000131 ], [ -6.721287723999865, 33.747020599000223 ], [ -6.723987723999926, 33.742520599000045 ], [ -6.725487722999958, 33.739520599000173 ], [ -6.726487722999877, 33.737320599000043 ], [ -6.727487723999957, 33.735020599000165 ], [ -6.728387723999958, 33.733520599000201 ], [ -6.73253101399996, 33.721019129000013 ], [ -6.733722163999914, 33.717290311999989 ], [ -6.734544612999855, 33.707420919000242 ], [ -6.735267495999892, 33.700374304000093 ], [ -6.747279990999857, 33.705355095000186 ], [ -6.763404630999958, 33.716611919000229 ], [ -6.7679682079999, 33.718437350000045 ], [ -6.776878211999929, 33.72071224400014 ], [ -6.77738772399988, 33.719820599000172 ], [ -6.778287722999949, 33.718420599000126 ], [ -6.779787723999959, 33.717620599000043 ], [ -6.781463638999924, 33.717423432000146 ], [ -6.785309801999915, 33.714482249000071 ], [ -6.792915763999929, 33.711744103000171 ], [ -6.795653909999942, 33.713873772000056 ], [ -6.804781064999872, 33.725130595999929 ], [ -6.81390821999986, 33.737908613000172 ], [ -6.818167557999857, 33.747035767000227 ], [ -6.818167557999857, 33.754813628000136 ], [ -6.818895225999938, 33.754428392000023 ], [ -6.818776034999928, 33.755858682999985 ], [ -6.828207427999928, 33.750382391000187 ], [ -6.831554051999888, 33.752816299000131 ], [ -6.832303753999952, 33.755172507000225 ], [ -6.831887722999909, 33.756420599000137 ], [ -6.831622349999861, 33.756651358000113 ], [ -6.831858289999957, 33.757988353000144 ], [ -6.826990473999956, 33.76559431499993 ], [ -6.825692468999932, 33.769975082000144 ], [ -6.825870426999927, 33.770654555000135 ], [ -6.825773519999814, 33.770766369000114 ], [ -6.824860804999958, 33.775025708000044 ], [ -6.822731135999959, 33.779589285000043 ], [ -6.827598950999857, 33.785978294000131 ], [ -6.831249812999943, 33.787499486000229 ], [ -6.835813390999874, 33.788716440000201 ], [ -6.839086391999956, 33.790236065999977 ], [ -6.839086391999956, 33.795023732000175 ], [ -6.838551536999944, 33.796018164000202 ], [ -6.836987723999869, 33.799020599000016 ], [ -6.837025127999937, 33.799357239000187 ], [ -6.812691265999888, 33.80304028900008 ], [ -6.812691265999888, 33.796504945000095 ], [ -6.812691265999888, 33.796098226000083 ], [ -6.812691265999888, 33.7957139250002 ], [ -6.806240776999857, 33.790570089000198 ], [ -6.796442762999902, 33.784891695000226 ], [ -6.79054168599987, 33.781551463000085 ], [ -6.789873378999914, 33.781718955000088 ], [ -6.785309801999915, 33.782631670000171 ], [ -6.785429231999842, 33.782946530000117 ], [ -6.7773996009999, 33.796626641000046 ], [ -6.7773996009999, 33.800885979000043 ], [ -6.775269931999901, 33.808187703000044 ], [ -6.778008077999914, 33.817923334999989 ], [ -6.785614039999928, 33.818531812000117 ], [ -6.792577568999945, 33.815547443000241 ], [ -6.792884085999901, 33.815416961000096 ], [ -6.797110808999946, 33.813617690000171 ], [ -6.802892790999806, 33.814515531000097 ], [ -6.805085302999942, 33.814880950000031 ], [ -6.809405422999873, 33.814304934000177 ], [ -6.810293952999871, 33.813776264000126 ], [ -6.815482085999861, 33.82363838700013 ], [ -6.815593426999953, 33.827980688000196 ], [ -6.815066778999892, 33.833623348000231 ], [ -6.815114191999896, 33.833752943000036 ], [ -6.814814038999941, 33.836553950999985 ], [ -6.816094666999959, 33.838508315000183 ], [ -6.816287723999949, 33.84002059900007 ], [ -6.816488404999916, 33.840739706000193 ], [ -6.816150131999905, 33.842677709000043 ], [ -6.817129300999909, 33.843036249000193 ], [ -6.81715932499992, 33.843143833999932 ], [ -6.818599635999874, 33.844236484000135 ], [ -6.819267681999918, 33.844570507000128 ], [ -6.821828526999809, 33.845015872000147 ], [ -6.824055347999945, 33.848244763000196 ], [ -6.824723393999875, 33.850805606999984 ], [ -6.823387301999901, 33.854257180000047 ], [ -6.826059486999952, 33.855481932000146 ], [ -6.829511059999959, 33.854368522000186 ], [ -6.830274442999894, 33.855895287000124 ], [ -6.831587723999917, 33.856420599000046 ], [ -6.832505480999941, 33.857338356000241 ], [ -6.835189454999863, 33.857820095000022 ], [ -6.836087723999924, 33.861020599000199 ], [ -6.837387722999949, 33.861320599000123 ], [ -6.841287723999869, 33.8623205990001 ], [ -6.842528049999885, 33.862734041000181 ], [ -6.845878197999923, 33.861717032000172 ], [ -6.847325630999933, 33.863498489000222 ], [ -6.849107088999915, 33.864277877000234 ], [ -6.849218429999951, 33.86494592300005 ], [ -6.84573828799995, 33.865564615000096 ], [ -6.845285743999909, 33.865677995000226 ], [ -6.844208081999909, 33.865947993000191 ], [ -6.844208081999909, 33.868174813999985 ], [ -6.842092600999933, 33.870067612000071 ], [ -6.84252475999989, 33.873837533000199 ], [ -6.841887723999946, 33.875020598999981 ], [ -6.841787723999914, 33.875820599000122 ], [ -6.840687723999849, 33.877120599000193 ], [ -6.839887723999936, 33.878220599000088 ], [ -6.839287723999917, 33.879320598999982 ], [ -6.839187722999952, 33.880320599000129 ], [ -6.838487723999833, 33.880820599000117 ], [ -6.83768772399992, 33.881420599000194 ], [ -6.837287723999907, 33.882320599000025 ], [ -6.835078113999884, 33.883873905000144 ], [ -6.832739950999951, 33.88732547799998 ], [ -6.830067765999956, 33.89044302799999 ], [ -6.82695021599983, 33.892558508000093 ], [ -6.824357654999915, 33.895710805000022 ], [ -6.816199766999944, 33.905661567000038 ], [ -6.812253194999869, 33.910484420000046 ], [ -6.805350048999912, 33.916496838000114 ], [ -6.804010191999907, 33.917367744999979 ], [ -6.804187723999917, 33.91932059900023 ], [ -6.804887723999911, 33.920120599000199 ], [ -6.806687723999914, 33.927620599000079 ], [ -6.806556394999859, 33.9279817540002 ], [ -6.806797481999922, 33.928855696000198 ], [ -6.794487723999907, 33.936220599000194 ], [ -6.793887723999887, 33.935920599000099 ], [ -6.793287723999924, 33.935920599000099 ], [ -6.792087722999895, 33.935920599000099 ], [ -6.789984980999918, 33.935313478000182 ], [ -6.78742413699996, 33.935090796000054 ], [ -6.784529268999961, 33.934422750000238 ], [ -6.782970493999869, 33.934756773000231 ], [ -6.782079764999878, 33.935424819000104 ], [ -6.781189036999933, 33.937094935000061 ], [ -6.780298307999942, 33.937651641000116 ], [ -6.7794075799999, 33.937762982000038 ], [ -6.776178688999948, 33.937874323000074 ], [ -6.773840525999958, 33.937985664000166 ], [ -6.772727114999952, 33.937762982000038 ], [ -6.771787723999921, 33.936760964000086 ], [ -6.771787723999921, 33.936720599000182 ], [ -6.771587723999914, 33.936420599000087 ], [ -6.771587723999914, 33.935920599000099 ], [ -6.771687723999889, 33.935620599000117 ], [ -6.771387723999851, 33.935320599000192 ], [ -6.770687722999924, 33.93502059900004 ], [ -6.769987723999918, 33.934720599000116 ], [ -6.769287722999934, 33.934520599000223 ], [ -6.768787723999935, 33.934420599000134 ], [ -6.768287722999958, 33.934420599000134 ], [ -6.767787723999959, 33.934420599000134 ], [ -6.767785034999918, 33.934422750000238 ], [ -6.766937379999945, 33.934422750000238 ], [ -6.76571262799996, 33.935090796000054 ], [ -6.76437653499994, 33.936204207000117 ], [ -6.763887723999858, 33.93655335800014 ], [ -6.763597147999917, 33.936760912000238 ], [ -6.763074907999851, 33.93723341499998 ], [ -6.76125898499987, 33.938876393000044 ], [ -6.760264989999882, 33.940131966000081 ], [ -6.760087723999959, 33.940220599000043 ], [ -6.7596877229999, 33.940420599000106 ], [ -6.759387723999851, 33.940720599000201 ], [ -6.758887722999873, 33.941020599000183 ], [ -6.758687722999866, 33.941120599000101 ], [ -6.758187723999868, 33.941420599000026 ], [ -6.757987723999861, 33.941620599000089 ], [ -6.757387723999955, 33.941920599000184 ], [ -6.756787723999935, 33.942120599000077 ], [ -6.756787723999935, 33.942220599000166 ], [ -6.756587723999928, 33.942220599000166 ], [ -6.756387723999921, 33.942420599000172 ], [ -6.756187723999858, 33.942420599000172 ], [ -6.75568772299988, 33.942420599000172 ] ] ] ] } },
{ "type": "Feature", "properties": { "Code_Commu": "04.291.03.07.", "Code_Provi": "04.291.", "CODE_REGIO": "04.", "nom": "Commune d'Ait Yadine", "Marocains_": 21007, "Etrangers_": 0, "Populati_1": 21007, "Menages_": 5227, "nom_arabe": "Ш¬Щ…Ш§Ш№Ш© ШўЩЉШЄ ЩЉШЇЩЉЩ†" }, "geometry": { "type": "MultiPolygon", "coordinates": [ [ [ [ -5.974248654999883, 33.999268026000038 ], [ -5.95388200799988, 33.999155716000189 ], [ -5.939952841999855, 33.999662231000059 ], [ -5.924578856999858, 34.001830357000244 ], [ -5.91383246699985, 34.004160890000094 ], [ -5.906642541999872, 34.005575302000238 ], [ -5.904868619999888, 33.99907092400008 ], [ -5.904474415999914, 33.991778136000107 ], [ -5.90703674599996, 33.988427396000191 ], [ -5.906642541999872, 33.979754891000141 ], [ -5.90672841199995, 33.977608129000146 ], [ -5.906982871999958, 33.972774391000087 ], [ -5.907430950999924, 33.966351930000087 ], [ -5.910044909999897, 33.958817877000115 ], [ -5.911587723999958, 33.954820599000129 ], [ -5.911687722999943, 33.953620599000146 ], [ -5.910978793999902, 33.948809819000189 ], [ -5.905110852999883, 33.945142356000076 ], [ -5.900729469999931, 33.942305441000087 ], [ -5.901320777999899, 33.936983677000114 ], [ -5.904474415999914, 33.933041629000058 ], [ -5.908416462999924, 33.930479299000183 ], [ -5.910587723999868, 33.93152059900018 ], [ -5.915987722999944, 33.932620599000074 ], [ -5.922987723999938, 33.936120599000105 ], [ -5.929387723999923, 33.925920599000108 ], [ -5.934487723999951, 33.919520599000123 ], [ -5.935419487999923, 33.917273440000088 ], [ -5.94378772399989, 33.91792059900024 ], [ -5.945887723999931, 33.918220599000165 ], [ -5.95404511299995, 33.918822062000118 ], [ -5.956987723999873, 33.915820599000199 ], [ -5.961887723999951, 33.905720599000119 ], [ -5.964835666999875, 33.899369185000069 ], [ -5.966167457999859, 33.892044336000197 ], [ -5.970109504999868, 33.888496494000094 ], [ -5.973287723999931, 33.887920598999926 ], [ -5.975998242999935, 33.886370949000138 ], [ -5.977796497999861, 33.885342856000079 ], [ -5.983709568999927, 33.89105882400014 ], [ -5.988637127999937, 33.889679108000223 ], [ -5.994944403999909, 33.895789281000134 ], [ -5.998886450999862, 33.900519738000128 ], [ -6.003616907999856, 33.900322636000169 ], [ -6.011895207999942, 33.901505250000127 ], [ -6.010587723999947, 33.904220598999984 ], [ -6.007687722999947, 33.907920599000079 ], [ -6.011501002999921, 33.916090826000072 ], [ -6.012289411999859, 33.921609692000175 ], [ -6.01741407399993, 33.928311173000168 ], [ -6.019385097999873, 33.93146481000008 ], [ -6.025043265999955, 33.932157647000111 ], [ -6.026287723999815, 33.93112059900011 ], [ -6.030028625999876, 33.928902480000204 ], [ -6.038701129999879, 33.929493787000183 ], [ -6.05821426499989, 33.9328445270001 ], [ -6.063930233999884, 33.9308735030001 ], [ -6.068519760999948, 33.932737998999983 ], [ -6.070237509999856, 33.933435834000079 ], [ -6.078121603999932, 33.933632937000141 ], [ -6.078515808999953, 33.935998165000115 ], [ -6.088568029999863, 33.941911236000237 ], [ -6.081989729999862, 33.948495031000107 ], [ -6.074379452999892, 33.955806865999932 ], [ -6.069272077999926, 33.960476465999932 ], [ -6.068087723999952, 33.96092059900019 ], [ -6.066732587999923, 33.962995650000039 ], [ -6.060887722999951, 33.966420599000173 ], [ -6.05858772299996, 33.968020599000226 ], [ -6.05458772399993, 33.9749205990002 ], [ -6.053786938999849, 33.976548601000104 ], [ -6.053786938999849, 33.980577571000197 ], [ -6.050951737999924, 33.983860435999929 ], [ -6.044535229999894, 33.987889406000079 ], [ -6.037987723999947, 33.991420599000094 ], [ -6.034238972999901, 33.993112145000111 ], [ -6.028451806999897, 33.999465128000224 ], [ -6.011698104999937, 34.010108656000114 ], [ -5.999674860999903, 34.00518109699999 ], [ -5.9963241199999, 34.002224562000094 ], [ -5.988726531999873, 34.000871642999982 ], [ -5.983802234999871, 33.999528653000027 ], [ -5.974248654999883, 33.999268026000038 ] ] ] ] } },
{ "type": "Feature", "properties": { "Code_Commu": "04.481.05.01.", "Code_Provi": "04.481.", "CODE_REGIO": "04.", "nom": "Commune d'Al Haouafate", "Marocains_": 18527, "Etrangers_": 1, "Populati_1": 18528, "Menages_": 3961, "nom_arabe": "Ш¬Щ…Ш§Ш№Ш© Ш§Щ„Ш­Щ€Ш§ЩЃШ§ШЄ" }, "geometry": { "type": "MultiPolygon", "coordinates": [ [ [ [ -5.928930046999938, 34.528143963000048 ], [ -5.92053444599992, 34.527784150999935 ], [ -5.919578901999955, 34.527784150999935 ], [ -5.91838584199985, 34.527336754000146 ], [ -5.917043649999925, 34.52420497300011 ], [ -5.916277958999956, 34.51850482399999 ], [ -5.916025384999955, 34.518096821000086 ], [ -5.915974347999907, 34.517611970000189 ], [ -5.915546475999918, 34.516841801000169 ], [ -5.914861880999865, 34.516242780000084 ], [ -5.913064819999931, 34.515986057000077 ], [ -5.911438906999877, 34.516157206000116 ], [ -5.909299547999865, 34.516157206000116 ], [ -5.906817890999889, 34.515729334000071 ], [ -5.90515870899992, 34.515255282000055 ], [ -5.902331142999913, 34.513175862000139 ], [ -5.900181468999961, 34.51159497000009 ], [ -5.896287283999925, 34.508770545000061 ], [ -5.896783218999815, 34.508594792000167 ], [ -5.897832582999854, 34.507685344000095 ], [ -5.901255556999843, 34.506829600000174 ], [ -5.90561984999988, 34.506401728000128 ], [ -5.908918009999923, 34.507054112000105 ], [ -5.911187723999888, 34.506920599000125 ], [ -5.91169237299988, 34.506584166000096 ], [ -5.914043091999872, 34.49649021800019 ], [ -5.914061000999936, 34.496466339000222 ], [ -5.915999722999857, 34.491395835999981 ], [ -5.915552325999954, 34.487816657999986 ], [ -5.914359265999849, 34.487518393000073 ], [ -5.913986140999953, 34.487530831000072 ], [ -5.913787723999917, 34.487420599000188 ], [ -5.911487722999937, 34.487120599000036 ], [ -5.908287723999933, 34.487420599000188 ], [ -5.905087723999941, 34.487320599000043 ], [ -5.901887723999835, 34.486420599000041 ], [ -5.900087722999956, 34.485120599000084 ], [ -5.899278239999944, 34.483321746000229 ], [ -5.900042551999945, 34.480360035999922 ], [ -5.901533876999849, 34.478421314000116 ], [ -5.905262187999881, 34.478272182000012 ], [ -5.910034425999925, 34.479465241000071 ], [ -5.914210133999916, 34.479912639000133 ], [ -5.918087576999937, 34.478719579000199 ], [ -5.919877165999878, 34.47558779799999 ], [ -5.920473695999931, 34.473499944000082 ], [ -5.920026298999858, 34.470368163000046 ], [ -5.919429768999919, 34.469771633000221 ], [ -5.91869578599983, 34.469733002000112 ], [ -5.918687723999938, 34.469720599000084 ], [ -5.917887723999911, 34.469320599000014 ], [ -5.916487723999921, 34.469320599000014 ], [ -5.914587722999897, 34.469720599000084 ], [ -5.912187723999921, 34.469820599000172 ], [ -5.906927723999956, 34.470720599000231 ], [ -5.907706292999933, 34.461796894000202 ], [ -5.908612839999932, 34.456810881000081 ], [ -5.908744383999874, 34.456087390000164 ], [ -5.912118182999961, 34.447523133000232 ], [ -5.907446769999865, 34.445187426000132 ], [ -5.907279815999914, 34.440512708000085 ], [ -5.914194365999947, 34.438958876000129 ], [ -5.912363714999913, 34.431256612000197 ], [ -5.912321352999868, 34.431078375000084 ], [ -5.912215269999933, 34.430851056000165 ], [ -5.910880752999958, 34.428285986000049 ], [ -5.910765642999934, 34.42806473100012 ], [ -5.90225631099986, 34.411708968000141 ], [ -5.899661081999909, 34.407556601000238 ], [ -5.922816028999932, 34.396206135999989 ], [ -5.923587723999958, 34.39672059899999 ], [ -5.926087723999842, 34.397420599000043 ], [ -5.934587723999869, 34.40152059899998 ], [ -5.944587723999916, 34.406320599000082 ], [ -5.951387723999915, 34.409120599000119 ], [ -5.955687722999869, 34.410620599000083 ], [ -5.958087723999938, 34.411320599000078 ], [ -5.958787722999944, 34.411520599000141 ], [ -5.962787723999895, 34.412920599000131 ], [ -5.967487723999852, 34.414220599000032 ], [ -5.969587722999961, 34.414820599000166 ], [ -5.9711877229999, 34.414920599000084 ], [ -6.011487723999949, 34.42382059900018 ], [ -6.019387723999898, 34.4248205990001 ], [ -6.028187723999906, 34.426420598999982 ], [ -6.036287723999862, 34.428220599000042 ], [ -6.041087722999919, 34.4291205990001 ], [ -6.044087723999894, 34.429820599000095 ], [ -6.0451398099999, 34.429820599000095 ], [ -6.043955832999927, 34.431951757000036 ], [ -6.03980346599991, 34.433768417000238 ], [ -6.036170144999915, 34.4345469860001 ], [ -6.034570517999896, 34.436013311000181 ], [ -6.033187723999959, 34.436320599000226 ], [ -6.031487722999941, 34.43662059899998 ], [ -6.030517660999919, 34.436993700000244 ], [ -6.02786541099988, 34.437401738000233 ], [ -6.02315614399987, 34.439575246000118 ], [ -6.022259492999922, 34.439556168000138 ], [ -6.022155906999956, 34.439737444999935 ], [ -6.013851172999921, 34.442592197000238 ], [ -6.009285475999889, 34.445774349000089 ], [ -6.012587722999854, 34.446220599000071 ], [ -6.018487722999851, 34.447720599000036 ], [ -6.022287723999852, 34.451220599000237 ], [ -6.024487723999925, 34.453720599000178 ], [ -6.024787722999861, 34.454020599000103 ], [ -6.028487722999955, 34.456820599000139 ], [ -6.030387723999922, 34.459220598999934 ], [ -6.031087722999928, 34.461720599000046 ], [ -6.034387722999952, 34.465620599000147 ], [ -6.037187722999931, 34.468920599000171 ], [ -6.037987723999947, 34.47252059900012 ], [ -6.038287723999872, 34.473720599000103 ], [ -6.038987723999924, 34.476220599000044 ], [ -6.041587723999896, 34.477920599000186 ], [ -6.044287723999844, 34.478920598999935 ], [ -6.049687722999863, 34.481320599000128 ], [ -6.05278772399987, 34.482920599000181 ], [ -6.057487723999884, 34.484220599000082 ], [ -6.065387723999947, 34.487220599000125 ], [ -6.071087723999938, 34.489020599000185 ], [ -6.074987723999868, 34.490720598999985 ], [ -6.079987722999931, 34.493020599000033 ], [ -6.080087723999952, 34.493020599000033 ], [ -6.083987723999883, 34.49402059900018 ], [ -6.091187722999905, 34.497920599000111 ], [ -6.087287723999907, 34.499420599000246 ], [ -6.081287723999935, 34.503420599000094 ], [ -6.075387723999938, 34.506520599000055 ], [ -6.068587722999951, 34.509020599000166 ], [ -6.064387723999914, 34.510920599000144 ], [ -6.057587722999926, 34.511620599000196 ], [ -6.054887723999911, 34.511320599000044 ], [ -6.050587723999911, 34.511220599000126 ], [ -6.034872530999849, 34.50228247199999 ], [ -6.019560677999948, 34.49813010500003 ], [ -6.017912411999873, 34.503533567000034 ], [ -6.016787723999926, 34.507220599000107 ], [ -6.016187723999906, 34.51152059900005 ], [ -6.015287723999961, 34.515720599000133 ], [ -6.01378772299995, 34.519320599000082 ], [ -6.013287723999952, 34.519520599000145 ], [ -6.011787722999941, 34.520120599000222 ], [ -6.009987723999927, 34.518920599000239 ], [ -6.00948772299995, 34.516820599000198 ], [ -6.00908772299988, 34.51592059900014 ], [ -6.007987723999918, 34.515320599000233 ], [ -6.006687722999914, 34.515120599000227 ], [ -6.003787722999959, 34.515120599000227 ], [ -6.002687723999884, 34.515420598999981 ], [ -6.00118772299993, 34.513820598999928 ], [ -6.00118772299993, 34.513220599000022 ], [ -5.999487722999959, 34.512420599000109 ], [ -5.998987723999903, 34.511120599000037 ], [ -5.998087722999855, 34.510120599000231 ], [ -5.996387723999874, 34.511920599000121 ], [ -5.994987723999941, 34.513820598999928 ], [ -5.993087723999793, 34.51402059899999 ], [ -5.991387722999889, 34.512420599000109 ], [ -5.988987723999912, 34.510620599000049 ], [ -5.986687722999875, 34.508920599000078 ], [ -5.984587723999937, 34.507520599000202 ], [ -5.981987722999918, 34.507220599000107 ], [ -5.980387722999865, 34.507520599000202 ], [ -5.979187722999882, 34.507820599000183 ], [ -5.976687722999884, 34.508520599000178 ], [ -5.969880529999955, 34.511496301000193 ], [ -5.958832310999924, 34.514739572999929 ], [ -5.946278984999879, 34.52151282900013 ], [ -5.945987723999849, 34.520420599000147 ], [ -5.945387723999943, 34.519020598999987 ], [ -5.945087722999915, 34.518120599000099 ], [ -5.944587723999916, 34.517020599000034 ], [ -5.944497608999939, 34.517072093000195 ], [ -5.940876488999891, 34.522832006000101 ], [ -5.935983469999883, 34.525099767000086 ], [ -5.932553423999934, 34.527336754000146 ], [ -5.92941573499985, 34.527882439000109 ], [ -5.928930046999938, 34.528143963000048 ] ] ] ] } },
{ "type": "Feature", "properties": { "Code_Commu": "04.281.11.11.", "Code_Provi": "04.281.", "CODE_REGIO": "04.", "nom": "Commune de Sidi Boubker El Haj", "Marocains_": 21609, "Etrangers_": 1, "Populati_1": 21610, "Menages_": 4245, "nom_arabe": "Ш¬Щ…Ш§Ш№Ш© ШіЩЉШЇЩЉ ШЁЩ€ШЁЩѓШ± Ш§Щ„Ш­Ш§Ш¬" }, "geometry": { "type": "MultiPolygon", "coordinates": [ [ [ [ -6.06092945499995, 34.983960047000096 ], [ -6.053717429999949, 34.976748021999924 ], [ -6.051665362999927, 34.976757532000192 ], [ -6.028900065999949, 34.976922498000192 ], [ -6.028887722999912, 34.976920599000096 ], [ -6.027105352999854, 34.976411349999978 ], [ -6.026087723999865, 34.976120599000183 ], [ -6.024071797999852, 34.975930093999978 ], [ -6.022615818999952, 34.97579250400014 ], [ -6.020985930999814, 34.975638479999986 ], [ -6.02079079899994, 34.975626284000043 ], [ -6.017787723999959, 34.974320599000123 ], [ -6.012387722999904, 34.973020599000165 ], [ -6.008587723999938, 34.971020599000099 ], [ -6.007272581999814, 34.970143838000126 ], [ -6.005822185999875, 34.9702756920002 ], [ -6.004897567999933, 34.968796301999987 ], [ -6.004551551999896, 34.968290587000126 ], [ -6.002987722999933, 34.967220599000086 ], [ -5.998287722999919, 34.96402059899998 ], [ -5.99548772299994, 34.961720599000103 ], [ -5.992987722999942, 34.960120599000049 ], [ -5.992798044999915, 34.959999205000145 ], [ -5.991213212999924, 34.959919964000051 ], [ -5.990473517999931, 34.959180269000228 ], [ -5.990664748999961, 34.95863389499999 ], [ -5.990487723999934, 34.958520599000224 ], [ -5.990024063999954, 34.957490243999928 ], [ -5.990843364999876, 34.955851642000084 ], [ -5.989918746999933, 34.955111947000091 ], [ -5.988824214999909, 34.954823912000109 ], [ -5.988687723999874, 34.954520598999977 ], [ -5.986087722999855, 34.95002059900014 ], [ -5.985487722999949, 34.94812059899999 ], [ -5.988187723999886, 34.945420599000045 ], [ -5.991587722999952, 34.941920599000184 ], [ -5.993124090999856, 34.936373010000125 ], [ -5.994850045999954, 34.92537004899998 ], [ -5.998517698999933, 34.92234962800012 ], [ -6.000243653999917, 34.918034741000042 ], [ -5.999164931999928, 34.91362626300014 ], [ -5.999164931999928, 34.910699434000037 ], [ -5.995065789999956, 34.90638454700013 ], [ -5.99355557999985, 34.902069660000109 ], [ -5.993842620999885, 34.895614923000096 ], [ -5.995092641999918, 34.879781325000238 ], [ -6.002314984999941, 34.872975656000165 ], [ -6.010092892999921, 34.868114464000087 ], [ -6.01370406399991, 34.866586661000099 ], [ -6.015735869999901, 34.864554855000222 ], [ -6.015992990999848, 34.863451423000186 ], [ -6.015452944999936, 34.861156227000038 ], [ -6.015587722999896, 34.860320599000147 ], [ -6.015649498999949, 34.860181604000104 ], [ -6.014398519999929, 34.853253105000135 ], [ -6.015509649999956, 34.849225260000026 ], [ -6.018909851999922, 34.850925361000122 ], [ -6.021898644999908, 34.852419758000224 ], [ -6.025787598999898, 34.8563087120001 ], [ -6.041621195999937, 34.865197749000117 ], [ -6.049676885999872, 34.875614589000122 ], [ -6.060760549999884, 34.884742312000128 ], [ -6.063241000999938, 34.886751812000114 ], [ -6.066287723999892, 34.88472059899999 ], [ -6.073185432999935, 34.879075977000127 ], [ -6.075510649999956, 34.877003501000104 ], [ -6.08259410199986, 34.876586828000143 ], [ -6.084462258999906, 34.877246178000178 ], [ -6.085587723999936, 34.877220599000111 ], [ -6.087787722999906, 34.877120599000193 ], [ -6.091787722999925, 34.880320599000129 ], [ -6.094770494999864, 34.884286162000194 ], [ -6.097450122999817, 34.88385179900024 ], [ -6.102316652999946, 34.882975823000038 ], [ -6.108087722999869, 34.881920599000125 ], [ -6.110487723999938, 34.881720599000118 ], [ -6.112787722999826, 34.882120599000189 ], [ -6.112287723999941, 34.884120599000084 ], [ -6.113262866999946, 34.886690171000055 ], [ -6.111968400999956, 34.887060018000227 ], [ -6.109987722999961, 34.890020599000138 ], [ -6.10900962199986, 34.891683111000191 ], [ -6.109194544999866, 34.892792653000186 ], [ -6.110780834999957, 34.895308004000185 ], [ -6.111968400999956, 34.896860974999981 ], [ -6.111487723999915, 34.900620599000035 ], [ -6.108887723999885, 34.904720599000143 ], [ -6.10878772399991, 34.908320599000092 ], [ -6.112487723999948, 34.91302059899999 ], [ -6.114557332999937, 34.914798576000067 ], [ -6.114742256999875, 34.921825677000186 ], [ -6.113787723999849, 34.92322059899999 ], [ -6.110787722999873, 34.926820599000109 ], [ -6.108085002999928, 34.929407550000178 ], [ -6.105970663999926, 34.933154279000121 ], [ -6.104386528999953, 34.936619575000179 ], [ -6.101797596999916, 34.938283888000115 ], [ -6.101612672999863, 34.940133125999978 ], [ -6.0955101899998, 34.947530074000042 ], [ -6.092551410999931, 34.949009464000085 ], [ -6.08908772399991, 34.954720599000041 ], [ -6.086087722999935, 34.959620599000061 ], [ -6.084114929999942, 34.962141389000124 ], [ -6.080531368999914, 34.965097828000239 ], [ -6.073134419999917, 34.973419395000121 ], [ -6.064627928999869, 34.980816344000118 ], [ -6.062298841999905, 34.982796068000141 ], [ -6.06092945499995, 34.983960047000096 ] ] ] ] } },
{ "type": "Feature", "properties": { "Code_Commu": "04.291.07.09.", "Code_Provi": "04.291.", "CODE_REGIO": "04.", "nom": "Commune de Jemaat Moul Blad", "Marocains_": 5051, "Etrangers_": 0, "Populati_1": 5051, "Menages_": 1363, "nom_arabe": "Ш¬Щ…Ш§Ш№Ш© Ш¬Щ…Ш№Ш© Щ…Щ€Щ„ Ш§Щ„ШЁЩ„Ш§ШЇ" }, "geometry": { "type": "MultiPolygon", "coordinates": [ [ [ [ -6.41721508299986, 33.74625634400013 ], [ -6.416618365999796, 33.746323897000138 ], [ -6.416619436999952, 33.746296054000084 ], [ -6.41721508299986, 33.74625634400013 ] ] ], [ [ [ -6.417487723999955, 33.792420599000195 ], [ -6.422487722999961, 33.790720599000224 ], [ -6.423487723999926, 33.789720599000077 ], [ -6.423487723999926, 33.789020599000082 ], [ -6.423436100999879, 33.788607611000202 ], [ -6.421557384999801, 33.787563880000221 ], [ -6.421223361999864, 33.78622778800019 ], [ -6.421112020999885, 33.784446330000037 ], [ -6.421205964999956, 33.779937017000236 ], [ -6.420555314999945, 33.779324641000187 ], [ -6.420429548999891, 33.777941216000045 ], [ -6.419145221999941, 33.775943373000189 ], [ -6.418439834999958, 33.775316363000172 ], [ -6.417326423999953, 33.774314293000089 ], [ -6.415878990999886, 33.773200882000026 ], [ -6.414320215999908, 33.772198812999989 ], [ -6.413429486999917, 33.770974061000118 ], [ -6.413429486999917, 33.770083333000116 ], [ -6.4137635099999, 33.769192604000068 ], [ -6.413986191999868, 33.768747239999982 ], [ -6.414320215999908, 33.76796785200014 ], [ -6.415767648999918, 33.767522488000225 ], [ -6.41721508299986, 33.767522488000225 ], [ -6.420587723999859, 33.768720599000176 ], [ -6.422222921999889, 33.768557079000118 ], [ -6.422336771999881, 33.76863589900006 ], [ -6.423450182999886, 33.76896992200011 ], [ -6.423895546999915, 33.769860650000055 ], [ -6.424452252999856, 33.770528697000202 ], [ -6.425435986999901, 33.770747304000054 ], [ -6.425487723999936, 33.77082059899999 ], [ -6.425787722999871, 33.771020599000224 ], [ -6.426387722999948, 33.770620598999983 ], [ -6.428187722999951, 33.768820599000094 ], [ -6.431787723999889, 33.764520599000093 ], [ -6.432687722999958, 33.762720599000204 ], [ -6.431387723999933, 33.76062059899999 ], [ -6.429387723999923, 33.760420598999985 ], [ -6.427287723999882, 33.760820599000226 ], [ -6.424687723999909, 33.762620599000115 ], [ -6.423487723999926, 33.76372059900018 ], [ -6.422187723999912, 33.764020599000105 ], [ -6.421544250999943, 33.763698862000069 ], [ -6.421112020999885, 33.763180186000113 ], [ -6.420777997999949, 33.761732752000114 ], [ -6.419607722999956, 33.760080599999981 ], [ -6.419632437999951, 33.759886998000127 ], [ -6.4189965399999, 33.758615202000101 ], [ -6.418885198999931, 33.757390451000106 ], [ -6.419825769999875, 33.756815657000118 ], [ -6.419887268999901, 33.756833745000222 ], [ -6.420030421999911, 33.756690591999984 ], [ -6.420041962999903, 33.75667905099999 ], [ -6.421112020999885, 33.755608994000227 ], [ -6.421223361999864, 33.75494094700008 ], [ -6.420555314999945, 33.753938878000042 ], [ -6.420529467999927, 33.753932913000199 ], [ -6.420332632999873, 33.753604854000116 ], [ -6.418885198999931, 33.752602785000079 ], [ -6.417437764999931, 33.751934737999932 ], [ -6.417103741999881, 33.751044009999987 ], [ -6.417181949999872, 33.747524673000044 ], [ -6.41721508299986, 33.74625634400013 ], [ -6.416995358999884, 33.743509795000193 ], [ -6.416992400999902, 33.743472817000168 ], [ -6.417011187999947, 33.743457788000228 ], [ -6.418105811999851, 33.742582089000166 ], [ -6.418773857999952, 33.741914042000019 ], [ -6.420666655999923, 33.74146867799999 ], [ -6.421557384999801, 33.740800632000116 ], [ -6.422559454999941, 33.739464538999982 ], [ -6.422516975999883, 33.739280463000171 ], [ -6.422587723999868, 33.739220599000191 ], [ -6.42413784699994, 33.736314118000166 ], [ -6.423561523999865, 33.734008826000036 ], [ -6.422559454999941, 33.732895416000076 ], [ -6.421334702999957, 33.732227368999986 ], [ -6.420109950999915, 33.732227368999986 ], [ -6.419107881999878, 33.732784075000041 ], [ -6.417994470999872, 33.732784075000041 ], [ -6.417326423999953, 33.732672734000118 ], [ -6.416306552999913, 33.731580014000144 ], [ -6.414987722999854, 33.730920599000228 ], [ -6.414387722999948, 33.730320598999924 ], [ -6.414320215999908, 33.730175939999981 ], [ -6.414320215999908, 33.729109819000143 ], [ -6.414876920999859, 33.72743970300013 ], [ -6.41654703699993, 33.724544835000074 ], [ -6.41654703699993, 33.723097402000121 ], [ -6.41721508299986, 33.722318014000109 ], [ -6.418105811999851, 33.722206673000073 ], [ -6.418612601999939, 33.722301695999988 ], [ -6.418787723999856, 33.72252059900012 ], [ -6.420487722999951, 33.724720599000023 ], [ -6.422287722999897, 33.72552059899999 ], [ -6.425487723999936, 33.724820599000168 ], [ -6.427687723999952, 33.723120599000197 ], [ -6.427870671999926, 33.722907159000101 ], [ -6.428905895999947, 33.722763378000195 ], [ -6.430019305999792, 33.721872650000023 ], [ -6.43031246299995, 33.721530634000146 ], [ -6.4303877239999, 33.721520599000144 ], [ -6.431887722999932, 33.720420599000079 ], [ -6.432187723999959, 33.718720599000108 ], [ -6.429907964999927, 33.716639620000137 ], [ -6.434841244999859, 33.714666308000119 ], [ -6.438171170999908, 33.7141113200002 ], [ -6.442842583999948, 33.713332751000166 ], [ -6.447773518999895, 33.709699430000171 ], [ -6.448552087999929, 33.70814229199999 ], [ -6.44751399699993, 33.706844678000095 ], [ -6.445956858999864, 33.705547063000097 ], [ -6.446735427999897, 33.703470880000168 ], [ -6.447731060999956, 33.702530559000081 ], [ -6.447787722999919, 33.702020598999979 ], [ -6.448687723999853, 33.698220599000138 ], [ -6.449087723999924, 33.697320599000136 ], [ -6.449387722999802, 33.694620599000189 ], [ -6.449221957999953, 33.694496276000109 ], [ -6.450109225999881, 33.693609008000237 ], [ -6.443621152999867, 33.690494733000037 ], [ -6.441432051999925, 33.687708605000125 ], [ -6.440930730999924, 33.686800213000083 ], [ -6.442739721999942, 33.684653098000126 ], [ -6.443102106999845, 33.683747137000069 ], [ -6.44180449199996, 33.680892384000231 ], [ -6.439987830999939, 33.676999540000168 ], [ -6.435056895999935, 33.672587650000139 ], [ -6.420783133999862, 33.670770990000108 ], [ -6.415852198999914, 33.666359100000136 ], [ -6.4091046019999, 33.658832935000135 ], [ -6.411699831999954, 33.653382953000175 ], [ -6.408845078999946, 33.651047247000236 ], [ -6.404692711999928, 33.645597265000106 ], [ -6.403395097999919, 33.637811577000036 ], [ -6.398352560999911, 33.631852216000141 ], [ -6.398587723999867, 33.631120599000099 ], [ -6.396480849999932, 33.62901372500005 ], [ -6.39483084099993, 33.625094953000144 ], [ -6.390678473999913, 33.620683063000172 ], [ -6.390159427999947, 33.61315689800017 ], [ -6.386785629999849, 33.604073595999978 ], [ -6.385488014999851, 33.596547431000147 ], [ -6.383671354999933, 33.584609376000117 ], [ -6.379259464999905, 33.574487981000175 ], [ -6.363688088999936, 33.53763572400004 ], [ -6.362587722999933, 33.532220599000027 ], [ -6.362447648999876, 33.529068925999979 ], [ -6.389121335999903, 33.528552422000018 ], [ -6.435835464999911, 33.531147651000083 ], [ -6.439209262999952, 33.534002403000045 ], [ -6.447254473999863, 33.542826183000045 ], [ -6.452185408999924, 33.54542141200011 ], [ -6.458413959999916, 33.555802330000176 ], [ -6.46645917099994, 33.568259431000115 ], [ -6.477302704999943, 33.597756835000041 ], [ -6.478397225999913, 33.600959320000243 ], [ -6.488518619999923, 33.611859284000104 ], [ -6.510897241999942, 33.594842207000113 ], [ -6.512654252999937, 33.592914109000105 ], [ -6.508221101999936, 33.613467811000191 ], [ -6.50779625499996, 33.615437556000188 ], [ -6.506944748999956, 33.619385449000106 ], [ -6.513951867999936, 33.628209229000106 ], [ -6.516806619999954, 33.637292531000071 ], [ -6.519920894999871, 33.643780605000075 ], [ -6.517844711999942, 33.649230586000101 ], [ -6.51732566599992, 33.654940091000071 ], [ -6.518882803999873, 33.659092458000202 ], [ -6.523294692999855, 33.662206733000176 ], [ -6.532118472999855, 33.662985302000038 ], [ -6.541201775999923, 33.661947210000108 ], [ -6.546132711999917, 33.662206733000176 ], [ -6.546392234999871, 33.663763871000242 ], [ -6.545987722999882, 33.664457319000235 ], [ -6.545987722999882, 33.665420599000186 ], [ -6.543487723999874, 33.668620599000121 ], [ -6.539387723999937, 33.670420599000181 ], [ -6.537387723999927, 33.671220598999923 ], [ -6.535587722999935, 33.671320599000069 ], [ -6.534387722999952, 33.67222059900007 ], [ -6.534087723999903, 33.672520599000222 ], [ -6.533587722999926, 33.672720599000229 ], [ -6.533187722999855, 33.672720599000229 ], [ -6.53248772399985, 33.672320598999988 ], [ -6.531887723999944, 33.672120598999982 ], [ -6.527587723999886, 33.673420599000053 ], [ -6.524527857999942, 33.674376806999987 ], [ -6.523294692999855, 33.678816201000132 ], [ -6.524592307999853, 33.681411430000139 ], [ -6.524851830999921, 33.683228091000103 ], [ -6.524794656999916, 33.684082507000085 ], [ -6.519985707999922, 33.686212646000229 ], [ -6.517082785999946, 33.687521585000241 ], [ -6.515417898999885, 33.689014236000048 ], [ -6.51518772299994, 33.689220599000123 ], [ -6.516040640999961, 33.692784416999984 ], [ -6.517580050999925, 33.694195933000231 ], [ -6.520365541999809, 33.696848782000075 ], [ -6.520439940999836, 33.69750185200013 ], [ -6.521104220999916, 33.703746089000106 ], [ -6.521788073999915, 33.702357503000144 ], [ -6.523960386999875, 33.697433287000194 ], [ -6.524377798999865, 33.69637981599999 ], [ -6.530734882999866, 33.697526176000167 ], [ -6.533809209999959, 33.70007943100012 ], [ -6.530720975999884, 33.703829429000052 ], [ -6.530161702999862, 33.704456439000069 ], [ -6.531078058999924, 33.708114427999988 ], [ -6.531319722999854, 33.71101439099999 ], [ -6.531897540999864, 33.713744486999929 ], [ -6.534713702999909, 33.726308898000127 ], [ -6.534454179999955, 33.727866035000091 ], [ -6.533587722999926, 33.728058581000198 ], [ -6.533587722999926, 33.728355785000076 ], [ -6.531339903999935, 33.727606512000193 ], [ -6.524332784999956, 33.72604937500023 ], [ -6.511356637999938, 33.725530329000094 ], [ -6.505263894999871, 33.727522188000137 ], [ -6.501567997999871, 33.728730461000168 ], [ -6.501046763999909, 33.728900865000242 ], [ -6.497342399999923, 33.725011283000129 ], [ -6.494228124999893, 33.723454146000165 ], [ -6.487740050999889, 33.72449223699999 ], [ -6.478358624999942, 33.731293772000072 ], [ -6.478101745999822, 33.731480009000109 ], [ -6.477359133999926, 33.732018402000165 ], [ -6.476672217999919, 33.732705319000104 ], [ -6.476049296999918, 33.733328239000116 ], [ -6.473254182999938, 33.736123353000096 ], [ -6.468431974999874, 33.738685151000141 ], [ -6.45997109699988, 33.744215980000092 ], [ -6.459642893999842, 33.74530999000018 ], [ -6.458487723999895, 33.746820599000046 ], [ -6.458387722999817, 33.747420599000122 ], [ -6.458287723999888, 33.748020599000199 ], [ -6.456787723999923, 33.750520599000083 ], [ -6.455487722999919, 33.753220599000201 ], [ -6.453087722999953, 33.754220599000178 ], [ -6.449687723999944, 33.757820599000127 ], [ -6.447158245999958, 33.761530500999982 ], [ -6.446687723999958, 33.763373377000221 ], [ -6.445941078999908, 33.766297736000126 ], [ -6.446884284999953, 33.76927246299999 ], [ -6.446987722999893, 33.770720599000242 ], [ -6.448755112999947, 33.77484451 ], [ -6.449590179999916, 33.783403943000224 ], [ -6.438171170999908, 33.78833487899999 ], [ -6.427790253999945, 33.79144915400019 ], [ -6.420783133999862, 33.792746769000189 ], [ -6.417487723999955, 33.792420599000195 ] ] ], [ [ [ -6.417487723999955, 33.792420599000195 ], [ -6.417414605999852, 33.792619062000199 ], [ -6.416976606999924, 33.792765062000171 ], [ -6.416987722999863, 33.79272059900012 ], [ -6.417487723999955, 33.792420599000195 ] ] ] ] } },
{ "type": "Feature", "properties": { "Code_Commu": "04.481.01.05.", "Code_Provi": "04.481.", "CODE_REGIO": "04.", "nom": "Commune de Jorf El Melha", "Marocains_": 31963, "Etrangers_": 13, "Populati_1": 31976, "Menages_": 7448, "nom_arabe": "Ш¬Щ…Ш§Ш№Ш© Ш¬Ш±ЩЃ Ш§Щ„Щ…Щ„Ш­Ш©" }, "geometry": { "type": "MultiPolygon", "coordinates": [ [ [ [ -5.505059372999938, 34.484642385000143 ], [ -5.505506481999873, 34.48312221499998 ], [ -5.507206354999937, 34.48315621200004 ], [ -5.507287722999934, 34.483020599000099 ], [ -5.509187723999901, 34.483220599000106 ], [ -5.514046260999919, 34.482540973000198 ], [ -5.519232722999959, 34.482719817000088 ], [ -5.519679831999952, 34.484284698000124 ], [ -5.519635120999851, 34.485894288999987 ], [ -5.520126940999887, 34.487101483000231 ], [ -5.51829379499992, 34.488979340000242 ], [ -5.514477054999929, 34.493297268000106 ], [ -5.513822705999928, 34.494121092000057 ], [ -5.513196753999807, 34.495685972999979 ], [ -5.513662975999921, 34.495990709000125 ], [ -5.516728913999941, 34.497742674000222 ], [ -5.515164032999849, 34.499754664000079 ], [ -5.514670894999938, 34.500220405000164 ], [ -5.513554440999826, 34.501274834000071 ], [ -5.50027530899996, 34.495149443000173 ], [ -5.496251328999904, 34.492556211000192 ], [ -5.49558066599991, 34.490678354000124 ], [ -5.496561719999931, 34.489782609000201 ], [ -5.500677705999919, 34.488263966000034 ], [ -5.503092093999953, 34.486967351000146 ], [ -5.505059372999938, 34.484642385000143 ] ] ] ] } },
{ "type": "Feature", "properties": { "Code_Commu": "04.281.07.05.", "Code_Provi": "04.281.", "CODE_REGIO": "04.", "nom": "Commune de Kariat Ben Aouda", "Marocains_": 11237, "Etrangers_": 1, "Populati_1": 11238, "Menages_": 2273, "nom_arabe": "Ш¬Щ…Ш§Ш№Ш© Щ‚Ш±ЩЉШ© ШЁЩ† Ш№Щ€ШЇШ©" }, "geometry": { "type": "MultiPolygon", "coordinates": [ [ [ [ -5.922803167999859, 34.834605930000123 ], [ -5.920757275999961, 34.834171835000177 ], [ -5.919887722999931, 34.835220599000081 ], [ -5.919428134999919, 34.835255952000125 ], [ -5.918650055999933, 34.836345263000055 ], [ -5.916087723999851, 34.838320599000099 ], [ -5.915007984999875, 34.838719292000121 ], [ -5.911085870999898, 34.838327081000102 ], [ -5.90724192499988, 34.838110366000194 ], [ -5.905579778999936, 34.838110366000194 ], [ -5.90282930199993, 34.836206189000109 ], [ -5.901112832999956, 34.832544389000191 ], [ -5.89965567299987, 34.829435782000132 ], [ -5.893308416999901, 34.815260243000239 ], [ -5.882518081999876, 34.794102723000094 ], [ -5.888331309999955, 34.773594946000117 ], [ -5.890059937999865, 34.767784219000134 ], [ -5.878409743999953, 34.739675814000123 ], [ -5.874283051999953, 34.729661776000228 ], [ -5.872362471999907, 34.725129207000066 ], [ -5.871939321999889, 34.704394837000109 ], [ -5.890974653999876, 34.70280752900004 ], [ -5.907695530999945, 34.701855934000093 ], [ -5.91700483999989, 34.704183261000196 ], [ -5.929973728999926, 34.710833974000082 ], [ -5.933387723999886, 34.710620599000094 ], [ -5.934332602999916, 34.710644827000124 ], [ -5.94006653699995, 34.711376818000076 ], [ -5.947087723999914, 34.711020599000165 ], [ -5.950957819999871, 34.710802565000222 ], [ -5.955934677999892, 34.711376818000076 ], [ -5.957887723999931, 34.710020599000188 ], [ -5.975598532999925, 34.705149421000044 ], [ -5.976587723999955, 34.709820599000182 ], [ -5.977387723999925, 34.710020599000188 ], [ -5.978887723999947, 34.711920599000166 ], [ -5.982287723999946, 34.717620598999986 ], [ -5.984787723999943, 34.716020598999989 ], [ -5.991987722999909, 34.717820599000049 ], [ -5.991987722999909, 34.719520599000191 ], [ -5.993987722999918, 34.72352059900004 ], [ -5.994187723999858, 34.725520598999935 ], [ -5.993187722999892, 34.727620598999977 ], [ -5.991087723999954, 34.729820599000107 ], [ -5.989536603999852, 34.731610352000132 ], [ -5.993595063999919, 34.734015365000118 ], [ -5.999730744999908, 34.737823719000232 ], [ -6.003539098999909, 34.741420496999979 ], [ -6.003539098999909, 34.746121131999928 ], [ -6.000788620999856, 34.753480284000091 ], [ -5.996557116999952, 34.758134938000126 ], [ -5.996345541999858, 34.760250690000191 ], [ -6.00233464299987, 34.765720815000066 ], [ -6.003115947999959, 34.766386371000067 ], [ -6.013271557999929, 34.778446158000236 ], [ -6.013271557999929, 34.782889237000234 ], [ -6.010097929999915, 34.787755467000181 ], [ -6.010089705999917, 34.787758119999921 ], [ -6.007482695999954, 34.78859909099998 ], [ -6.002481222999961, 34.790294369000094 ], [ -5.999096018999808, 34.789024918000109 ], [ -5.992537187999915, 34.794314298000245 ], [ -5.989363559999958, 34.798334227000055 ], [ -5.981535276999864, 34.800449979000177 ], [ -5.979842675999919, 34.803623607000191 ], [ -5.971339796999871, 34.805358889000047 ], [ -5.971087723999915, 34.805320599000083 ], [ -5.96608772299993, 34.805420599000229 ], [ -5.963104806999922, 34.804953887000124 ], [ -5.960885722999933, 34.805323734000069 ], [ -5.96088703699985, 34.806897557000184 ], [ -5.961440493999817, 34.807727742999987 ], [ -5.961440493999817, 34.80846743799998 ], [ -5.95979376199989, 34.811290407000229 ], [ -5.959087723999914, 34.814820599000086 ], [ -5.957487723999861, 34.815820599000233 ], [ -5.957041222999862, 34.816068654999981 ], [ -5.957628116999956, 34.818220599000199 ], [ -5.958587722999937, 34.818220599000199 ], [ -5.958987722999893, 34.819120599000087 ], [ -5.958587722999937, 34.820020599000088 ], [ -5.957187723999937, 34.82072059900014 ], [ -5.955987723999954, 34.820920599000146 ], [ -5.95618772399996, 34.8225205990002 ], [ -5.956198505999851, 34.822725456000171 ], [ -5.957557095999846, 34.823631183000089 ], [ -5.956577650999918, 34.824855489000129 ], [ -5.956887723999955, 34.825320599000236 ], [ -5.958587722999937, 34.825820599000224 ], [ -5.959287723999864, 34.8268205990002 ], [ -5.958587722999937, 34.827620599000113 ], [ -5.957387722999954, 34.827520599000195 ], [ -5.956447552999862, 34.82899397000017 ], [ -5.956447552999862, 34.832322597000143 ], [ -5.955687722999869, 34.83422059899999 ], [ -5.955387723999934, 34.83512059899999 ], [ -5.954587723999907, 34.836120599000139 ], [ -5.95268772299994, 34.837020599000198 ], [ -5.952287722999927, 34.837720599000193 ], [ -5.951202845999887, 34.838237207000134 ], [ -5.950899841999956, 34.840459241000133 ], [ -5.950160146999849, 34.842123554000239 ], [ -5.948865680999859, 34.843972791999931 ], [ -5.946276748999878, 34.843972791999931 ], [ -5.941098884999917, 34.845452181000041 ], [ -5.938509952999937, 34.845452181000041 ], [ -5.937807075999956, 34.845381894000184 ], [ -5.934887723999907, 34.844420598999989 ], [ -5.935212882999906, 34.843909633000123 ], [ -5.933886859999859, 34.842678326000168 ], [ -5.933350038999947, 34.84181941200012 ], [ -5.931098547999909, 34.839905994000105 ], [ -5.925380368999924, 34.836205995000114 ], [ -5.925010520999876, 34.835096453000119 ], [ -5.922803167999859, 34.834605930000123 ] ] ] ] } },
{ "type": "Feature", "properties": { "Code_Commu": "04.481.07.05.", "Code_Provi": "04.481.", "CODE_REGIO": "04.", "nom": "Commune de Khnichet", "Marocains_": 26242, "Etrangers_": 4, "Populati_1": 26246, "Menages_": 6193, "nom_arabe": "Ш¬Щ…Ш§Ш№Ш© Ш§Щ„Ш®Щ†ЩЉШґШ§ШЄ" }, "geometry": { "type": "MultiPolygon", "coordinates": [ [ [ [ -5.619106952999914, 34.461506502000191 ], [ -5.615510173999951, 34.450081441000123 ], [ -5.613394421999942, 34.447754114000077 ], [ -5.610432368999909, 34.44733096400023 ], [ -5.60768189199996, 34.447965689000227 ], [ -5.606200864999892, 34.450081441000123 ], [ -5.606412440999918, 34.453466644000173 ], [ -5.608203998999898, 34.454443858000047 ], [ -5.608176482999852, 34.454467934000093 ], [ -5.613394421999942, 34.458544448999987 ], [ -5.608528192999927, 34.463833829000066 ], [ -5.604085112999826, 34.462987529000031 ], [ -5.603899984999941, 34.462828847000083 ], [ -5.603873537999903, 34.462775953000119 ], [ -5.597737856999913, 34.456851847999985 ], [ -5.592025326999931, 34.453466644000173 ], [ -5.58800539799995, 34.45431294500014 ], [ -5.586101220999865, 34.456005547000188 ], [ -5.587370671999849, 34.459390750000068 ], [ -5.588049165999848, 34.459599517000242 ], [ -5.587887723999927, 34.459720599000093 ], [ -5.587886540999875, 34.459720895000146 ], [ -5.591602175999924, 34.462352803000101 ], [ -5.593929503999959, 34.467007458000239 ], [ -5.593506352999896, 34.4712389620002 ], [ -5.591390600999944, 34.473143138000012 ], [ -5.587370671999849, 34.473989438999979 ], [ -5.5846201949999, 34.475893616000235 ], [ -5.578907663999928, 34.474412590000099 ], [ -5.576157185999932, 34.474201014000187 ], [ -5.574023135999937, 34.472244801000045 ], [ -5.573195133999889, 34.465103280999983 ], [ -5.569998845999919, 34.462240223000038 ], [ -5.565321601999926, 34.46120083500017 ], [ -5.56142389799993, 34.46068114100018 ], [ -5.559994739999865, 34.460031523999987 ], [ -5.558825427999921, 34.454964509000035 ], [ -5.557266346999882, 34.452495963000104 ], [ -5.555187571999852, 34.451066804999982 ], [ -5.549287723999953, 34.452520599000195 ], [ -5.54748772399995, 34.450320599000236 ], [ -5.547587722999936, 34.450120599000172 ], [ -5.547689711999851, 34.449991413000134 ], [ -5.54674823299996, 34.446696238000072 ], [ -5.551614462999908, 34.440137407000179 ], [ -5.559231169999919, 34.435482752000098 ], [ -5.566213151999932, 34.433578575000183 ], [ -5.568540478999864, 34.429558646000203 ], [ -5.56932736899995, 34.424443863000192 ], [ -5.573573305999901, 34.422096808999981 ], [ -5.577849787999924, 34.420037762000049 ], [ -5.583587723999926, 34.419020599000191 ], [ -5.585889645999941, 34.418345161000104 ], [ -5.586312795999959, 34.419403037000222 ], [ -5.587370671999849, 34.419614612000032 ], [ -5.590121149999959, 34.420249337000087 ], [ -5.593083202999878, 34.41982618700024 ], [ -5.593408475999922, 34.419757708000191 ], [ -5.593787723999924, 34.419420599000091 ], [ -5.594087722999859, 34.418520599000203 ], [ -5.594987723999907, 34.41772059900012 ], [ -5.595287722999956, 34.416720599000143 ], [ -5.595187723999857, 34.415920599000231 ], [ -5.594687722999879, 34.414020599000196 ], [ -5.594387723999944, 34.411920598999984 ], [ -5.594087722999859, 34.41082059900009 ], [ -5.59418772399988, 34.410620599000083 ], [ -5.594787723999957, 34.410220599000183 ], [ -5.594792967999865, 34.410219550000193 ], [ -5.594564228999957, 34.409670576999986 ], [ -5.595622104999904, 34.409035851999988 ], [ -5.599218883999868, 34.408189551000191 ], [ -5.601334635999876, 34.408189551000191 ], [ -5.603238812999962, 34.408824276000075 ], [ -5.607887959999857, 34.410075970000037 ], [ -5.608087722999869, 34.409920599000088 ], [ -5.608987723999917, 34.4090205990002 ], [ -5.609187723999867, 34.408520599000042 ], [ -5.609287723999955, 34.407920599000136 ], [ -5.608987723999917, 34.406920598999989 ], [ -5.60878772399991, 34.405820598999924 ], [ -5.608732201999942, 34.405376423000121 ], [ -5.60810504199992, 34.402688595000143 ], [ -5.609162917999925, 34.40078441899999 ], [ -5.614611749999938, 34.400303639000185 ], [ -5.616287722999857, 34.399120599000184 ], [ -5.616587723999942, 34.398120599000038 ], [ -5.615770541999893, 34.396213843000169 ], [ -5.613182846999905, 34.395495039000195 ], [ -5.611913395999863, 34.394014012000127 ], [ -5.615087023999934, 34.392321410000079 ], [ -5.616991200999905, 34.389147782000236 ], [ -5.619106952999914, 34.387878331000081 ], [ -5.621698286999901, 34.38877966400014 ], [ -5.621711864999952, 34.388784387000101 ], [ -5.623973182999919, 34.38957093300013 ], [ -5.625031058999866, 34.392321410000079 ], [ -5.626723659999868, 34.395706614000233 ], [ -5.626097548999951, 34.399776337999981 ], [ -5.627187723999896, 34.399620599000173 ], [ -5.628287722999858, 34.399220599000103 ], [ -5.629631607999954, 34.398442561000195 ], [ -5.629262562999884, 34.394014012000127 ], [ -5.63201303999989, 34.391686685000082 ], [ -5.637937145999956, 34.3927445610002 ], [ -5.640264472999888, 34.392109835000099 ], [ -5.645130702999893, 34.394225587000165 ], [ -5.648092755999926, 34.392321410000079 ], [ -5.649362206999911, 34.39253298599999 ], [ -5.650208507999935, 34.398033941000165 ], [ -5.649573781999891, 34.39951496700013 ], [ -5.645130702999893, 34.40247702 ], [ -5.644707552999876, 34.40374647100009 ], [ -5.649150631999873, 34.406285374000106 ], [ -5.650420082999858, 34.406285374000106 ], [ -5.653382135999891, 34.402688595000143 ], [ -5.653593710999928, 34.40078441899999 ], [ -5.656132613999944, 34.398880242000075 ], [ -5.658036789999926, 34.398880242000075 ], [ -5.662056718999906, 34.404381197000021 ], [ -5.666711373999931, 34.403111746000093 ], [ -5.67284705499992, 34.403958047000231 ], [ -5.674962806999872, 34.402900171000056 ], [ -5.675385956999889, 34.40078441899999 ], [ -5.673904930999925, 34.398880242000075 ], [ -5.672143934999895, 34.397119246000045 ], [ -5.671587723999949, 34.396920599000225 ], [ -5.671579670999904, 34.396921749000114 ], [ -5.66903870099992, 34.398668667000095 ], [ -5.66586507299985, 34.40078441899999 ], [ -5.664595621999922, 34.399091817000112 ], [ -5.66565349799987, 34.398033941000165 ], [ -5.668775432999894, 34.395479630000068 ], [ -5.668487723999874, 34.394520599000032 ], [ -5.668087723999918, 34.393520599000112 ], [ -5.667787722999947, 34.392720599000143 ], [ -5.667687723999961, 34.391820599000141 ], [ -5.667858410999941, 34.391365433000146 ], [ -5.667769249999935, 34.391263534000132 ], [ -5.66795451899992, 34.391109143000222 ], [ -5.668049387999929, 34.391030086000171 ], [ -5.66903870099992, 34.390205658000184 ], [ -5.679617460999907, 34.3927445610002 ], [ -5.681616678999944, 34.396435425999925 ], [ -5.687868893999905, 34.39676449000018 ], [ -5.692685035999943, 34.398616852000146 ], [ -5.692797066999958, 34.398382287000175 ], [ -5.6939415249999, 34.39848632799999 ], [ -5.695134583999959, 34.396995004000075 ], [ -5.694808676999799, 34.394170477999978 ], [ -5.695787723999956, 34.392120599000236 ], [ -5.698487723999904, 34.390820599000165 ], [ -5.700287723999907, 34.390720599000076 ], [ -5.700587722999956, 34.391520598999989 ], [ -5.702287722999927, 34.393720599000119 ], [ -5.702825543999893, 34.393899873000237 ], [ -5.703313883999897, 34.395071888000132 ], [ -5.704583334999938, 34.394437162000145 ], [ -5.705218060999869, 34.393167711000046 ], [ -5.706487511999853, 34.391263534000132 ], [ -5.708180113999902, 34.389782508000167 ], [ -5.7111384399999, 34.385432028000082 ], [ -5.713587723999865, 34.386520599000164 ], [ -5.716387723999901, 34.387720599000147 ], [ -5.717470944999945, 34.387652898000169 ], [ -5.718335723999814, 34.388301482000202 ], [ -5.719182023999849, 34.386820455000134 ], [ -5.717371043999947, 34.385462220000079 ], [ -5.717187723999928, 34.384820599000193 ], [ -5.715787723999938, 34.38222059900005 ], [ -5.715987723999945, 34.38132059899999 ], [ -5.719987722999917, 34.382120599000075 ], [ -5.722587723999879, 34.38222059900005 ], [ -5.724052854999911, 34.382312170000034 ], [ -5.724215408999953, 34.382230892999985 ], [ -5.725110203999918, 34.384169614000086 ], [ -5.72445551699991, 34.385657539000192 ], [ -5.724787723999953, 34.386720599000228 ], [ -5.726087722999864, 34.388520599000117 ], [ -5.726587156999869, 34.390628809000077 ], [ -5.725312610999936, 34.393293768000092 ], [ -5.725714062999941, 34.393219425000041 ], [ -5.72630326299992, 34.393415824999977 ], [ -5.727645454999958, 34.392819296000084 ], [ -5.729584176999879, 34.391178839000133 ], [ -5.732865090999894, 34.387450528000102 ], [ -5.734313849999864, 34.385691320000035 ], [ -5.734787723999943, 34.386520599000164 ], [ -5.734887722999929, 34.388420599000199 ], [ -5.735887722999905, 34.389220599000112 ], [ -5.735941182999795, 34.389226539000049 ], [ -5.736108040999909, 34.389994083000147 ], [ -5.737800641999911, 34.390417234000097 ], [ -5.738646942999935, 34.389782508000167 ], [ -5.74161417799985, 34.387111995999987 ], [ -5.743187722999949, 34.386820599000146 ], [ -5.745587723999904, 34.388020599000129 ], [ -5.746787723999887, 34.390320599000177 ], [ -5.746567859999914, 34.391859639000131 ], [ -5.747109950999914, 34.392109835000099 ], [ -5.748167826999861, 34.392321410000079 ], [ -5.749088549999954, 34.391663751000124 ], [ -5.748687722999932, 34.391520598999989 ], [ -5.748487722999869, 34.390620598999931 ], [ -5.74878772399984, 34.3897205990001 ], [ -5.749887723999905, 34.3893205990002 ], [ -5.751787722999893, 34.39012059900017 ], [ -5.753887723999924, 34.394120599000189 ], [ -5.755187723999938, 34.396520598999984 ], [ -5.756211720999943, 34.396776598000088 ], [ -5.756419259999859, 34.397399215000178 ], [ -5.757900286999927, 34.398033941000165 ], [ -5.759792242999879, 34.395196006000049 ], [ -5.760545361999959, 34.395018801999981 ], [ -5.761285489999864, 34.394648738000114 ], [ -5.761359832999915, 34.394827162000126 ], [ -5.761391126999911, 34.394902266000088 ], [ -5.762343365999925, 34.397187640000197 ], [ -5.761293751999858, 34.398837034000223 ], [ -5.761187723999797, 34.399720599000091 ], [ -5.761387723999917, 34.40112059900008 ], [ -5.76418772299985, 34.402020599000139 ], [ -5.764987722999876, 34.402420598999981 ], [ -5.764887723999948, 34.404020599000035 ], [ -5.762887723999938, 34.405620599000088 ], [ -5.758687722999866, 34.405720599000176 ], [ -5.75648772299985, 34.404420599000105 ], [ -5.75628772399989, 34.402420598999981 ], [ -5.75648772299985, 34.400220599000079 ], [ -5.755187723999938, 34.399220599000103 ], [ -5.754712655999867, 34.399167814000236 ], [ -5.747778333999918, 34.401319845000046 ], [ -5.743676931999914, 34.399679284000115 ], [ -5.743387722999955, 34.399720599000091 ], [ -5.741787722999902, 34.401320599000144 ], [ -5.740487723999934, 34.403620599000192 ], [ -5.739387723999926, 34.404020599000035 ], [ -5.738887723999937, 34.403220599000122 ], [ -5.737287722999895, 34.401720598999987 ], [ -5.735387723999906, 34.401720598999987 ], [ -5.733587723999847, 34.403520599000046 ], [ -5.733595166999919, 34.403721550000114 ], [ -5.733014222999884, 34.404302493000102 ], [ -5.733163354999817, 34.40653948 ], [ -5.734505546999912, 34.407732539000222 ], [ -5.735549473999868, 34.408478201000094 ], [ -5.736742533999916, 34.408478201000094 ], [ -5.738233857999944, 34.408329069000047 ], [ -5.741663903999893, 34.407136009999988 ], [ -5.745093949999898, 34.406241215000136 ], [ -5.747145447999912, 34.406241215000136 ], [ -5.748487722999869, 34.406720598999982 ], [ -5.751987722999843, 34.408820599000194 ], [ -5.75258772299992, 34.410320598999931 ], [ -5.752387722999913, 34.411720598999977 ], [ -5.752338331999908, 34.411937922000106 ], [ -5.751506644999893, 34.414294367000139 ], [ -5.752252306999878, 34.415338294000094 ], [ -5.755384088999904, 34.416531353000096 ], [ -5.759594273999937, 34.417394981000143 ], [ -5.761487723999949, 34.418420599000115 ], [ -5.764360941999882, 34.420427903000132 ], [ -5.766574869999943, 34.422365088999982 ], [ -5.76238786499988, 34.42327038799999 ], [ -5.76225093499994, 34.423475783000072 ], [ -5.76086234, 34.424269266000238 ], [ -5.760227613999916, 34.425115567000034 ], [ -5.761073914999884, 34.429347071000166 ], [ -5.76382439199989, 34.434001726000133 ], [ -5.764711373999944, 34.437549650000221 ], [ -5.764687723999941, 34.437620599000127 ], [ -5.764564740999958, 34.437758954000117 ], [ -5.764630299999908, 34.437857292000103 ], [ -5.763437239999917, 34.439796012999977 ], [ -5.761498517999939, 34.440690808000227 ], [ -5.752401439999858, 34.441436470000099 ], [ -5.746137876999853, 34.441585602000202 ], [ -5.745181973999934, 34.440862846000073 ], [ -5.742032145999872, 34.438867954999978 ], [ -5.738646942999935, 34.437598504000164 ], [ -5.737053734999904, 34.438395108000179 ], [ -5.732934412999953, 34.441830008000181 ], [ -5.732148611999946, 34.442071793000196 ], [ -5.729787722999959, 34.443820599000105 ], [ -5.727010306999887, 34.441195283000127 ], [ -5.724894554999878, 34.440983707000044 ], [ -5.723931935999929, 34.441518496000128 ], [ -5.723584038999832, 34.441141607000134 ], [ -5.72045147599988, 34.443099459000109 ], [ -5.717489422999961, 34.443311035000022 ], [ -5.714738944999908, 34.443099459000109 ], [ -5.714274643999886, 34.442170857000235 ], [ -5.713992679999933, 34.442296174000035 ], [ -5.710719015999928, 34.438444805000131 ], [ -5.707756962999895, 34.437810079000201 ], [ -5.703737033999914, 34.438021655000114 ], [ -5.697834740999951, 34.440468947000056 ], [ -5.697812928999952, 34.440560557000197 ], [ -5.693581424999934, 34.441618433000144 ], [ -5.687868893999905, 34.441830008000181 ], [ -5.681944787999896, 34.441195283000127 ], [ -5.681521637999879, 34.44204158299999 ], [ -5.690407796999921, 34.455159246000107 ], [ -5.69231197299996, 34.457063423000193 ], [ -5.69252354899993, 34.458967600000051 ], [ -5.691465672999925, 34.460871777000136 ], [ -5.681944787999896, 34.463410679000049 ], [ -5.679405885999813, 34.462987529000031 ], [ -5.676232257999857, 34.462775953000119 ], [ -5.675597531999927, 34.460237051000036 ], [ -5.678136434999942, 34.45473609600009 ], [ -5.677290133999918, 34.451774043000228 ], [ -5.673481779999918, 34.451139317000127 ], [ -5.66586507299985, 34.454947671000241 ], [ -5.663537745999861, 34.454947671000241 ], [ -5.657613639999909, 34.45071616700011 ], [ -5.657112993999931, 34.449896928000044 ], [ -5.654651586999933, 34.44754253900004 ], [ -5.651054808999959, 34.446273088000055 ], [ -5.649573781999891, 34.446273088000055 ], [ -5.647669604999919, 34.44733096400023 ], [ -5.647246454999902, 34.451350892000107 ], [ -5.648879844999954, 34.453515133999929 ], [ -5.648865047999891, 34.453692703000172 ], [ -5.649785356999928, 34.454947671000241 ], [ -5.650420082999858, 34.457486572999983 ], [ -5.649785356999928, 34.45812129900014 ], [ -5.648102574999939, 34.458809710000139 ], [ -5.648128889999896, 34.458967600000051 ], [ -5.648092755999926, 34.458967600000051 ], [ -5.644919127999913, 34.460025476000226 ], [ -5.638783446999923, 34.459602325000105 ], [ -5.623606293999956, 34.472611314000062 ], [ -5.623587722999901, 34.472620599000038 ], [ -5.622487723999939, 34.473420599000178 ], [ -5.620887723999886, 34.473920599000166 ], [ -5.617987723999931, 34.474920599000086 ], [ -5.617069861999937, 34.475028582999983 ], [ -5.612336545999881, 34.476951492000182 ], [ -5.610643944999936, 34.475047315000097 ], [ -5.612193989999923, 34.473223733000225 ], [ -5.611890352999922, 34.473071915000105 ], [ -5.613394421999942, 34.470815811000136 ], [ -5.618683801999907, 34.465314856000134 ], [ -5.619106952999914, 34.461506502000191 ] ] ] ] } },
{ "type": "Feature", "properties": { "Code_Commu": "04.481.07.11.", "Code_Provi": "04.481.", "CODE_REGIO": "04.", "nom": "Commune d'Oulad Nouel", "Marocains_": 11578, "Etrangers_": 0, "Populati_1": 11578, "Menages_": 2670, "nom_arabe": "Ш¬Щ…Ш§Ш№Ш© ШЈЩ€Щ„Ш§ШЇ Щ†Щ€Ш§Щ„" }, "geometry": { "type": "MultiPolygon", "coordinates": [ [ [ [ -5.734161668999889, 34.557130432000235 ], [ -5.732687723999959, 34.5558832480001 ], [ -5.731952264999961, 34.555260938000117 ], [ -5.731186130999902, 34.554612670000097 ], [ -5.727752818999875, 34.555184889000088 ], [ -5.724090618999924, 34.556672657000092 ], [ -5.721115080999937, 34.556901545000017 ], [ -5.717223992999948, 34.552438239000026 ], [ -5.714573476999931, 34.553321744000073 ], [ -5.71356179299994, 34.551179357000137 ], [ -5.71310401799991, 34.550950470000146 ], [ -5.713044673999889, 34.551088939000124 ], [ -5.712987723999959, 34.551020599000196 ], [ -5.712531799999908, 34.55130116800018 ], [ -5.712531799999908, 34.551179357000137 ], [ -5.709098486999949, 34.553239345000236 ], [ -5.707725161999917, 34.555184889000088 ], [ -5.706580723999934, 34.553697120000038 ], [ -5.704635180999958, 34.553124901000047 ], [ -5.695594123999854, 34.556214882000177 ], [ -5.690558598999928, 34.556100439000033 ], [ -5.687175120999939, 34.555042810000145 ], [ -5.682661979999921, 34.553582676000133 ], [ -5.681975316999853, 34.550950470000146 ], [ -5.683348641999885, 34.546830495000222 ], [ -5.687010842999939, 34.543626070000016 ], [ -5.692046367999922, 34.539162762999979 ], [ -5.692587723999907, 34.537820599000099 ], [ -5.694335242999955, 34.53412723800011 ], [ -5.684264191999887, 34.522797306000086 ], [ -5.678770891999932, 34.520279544000118 ], [ -5.668356510999956, 34.519707325000127 ], [ -5.658514347999812, 34.519249549999984 ], [ -5.654165484999851, 34.525086182000109 ], [ -5.648099965999904, 34.524742850000109 ], [ -5.649244403999944, 34.520737319000091 ], [ -5.646955528999911, 34.51936399400023 ], [ -5.645823822999887, 34.519179300000019 ], [ -5.641133005999961, 34.519747884000196 ], [ -5.634736437999891, 34.519463592000136 ], [ -5.629477037999948, 34.512498440000229 ], [ -5.625354804999915, 34.512356294000199 ], [ -5.620237550999946, 34.513493461999985 ], [ -5.61597317199994, 34.511076981000144 ], [ -5.588254709999887, 34.516052089000198 ], [ -5.581573849999927, 34.518895008000129 ], [ -5.577735909999888, 34.518895008000129 ], [ -5.571765778999918, 34.519321446000049 ], [ -5.567501400999959, 34.522732948999987 ], [ -5.566008302999876, 34.519798541000227 ], [ -5.565413436999961, 34.512660158000131 ], [ -5.566008302999876, 34.506711505000226 ], [ -5.567792897999936, 34.500019271000042 ], [ -5.568387763999851, 34.494516767999926 ], [ -5.567049316999942, 34.491245009000238 ], [ -5.565859585999931, 34.488568115000078 ], [ -5.566157018999945, 34.482768179000175 ], [ -5.567198032999897, 34.480834867000226 ], [ -5.569428777999917, 34.47934770400019 ], [ -5.56849518599995, 34.476762372000167 ], [ -5.568487723999851, 34.476620599000057 ], [ -5.568887723999921, 34.47462059899999 ], [ -5.568987722999907, 34.473420599000178 ], [ -5.569187722999857, 34.471620599000062 ], [ -5.570233080999856, 34.469965449000085 ], [ -5.573195133999889, 34.465103280999983 ], [ -5.574023135999937, 34.472244801000045 ], [ -5.576157185999932, 34.474201014000187 ], [ -5.578907663999928, 34.474412590000099 ], [ -5.5846201949999, 34.475893616000235 ], [ -5.587370671999849, 34.473989438999979 ], [ -5.591390600999944, 34.473143138000012 ], [ -5.593506352999896, 34.4712389620002 ], [ -5.593929503999959, 34.467007458000239 ], [ -5.591602175999924, 34.462352803000101 ], [ -5.587886540999875, 34.459720895000146 ], [ -5.587887723999927, 34.459720599000093 ], [ -5.588049165999848, 34.459599517000242 ], [ -5.587370671999849, 34.459390750000068 ], [ -5.586101220999865, 34.456005547000188 ], [ -5.58800539799995, 34.45431294500014 ], [ -5.592025326999931, 34.453466644000173 ], [ -5.597737856999913, 34.456851847999985 ], [ -5.603873537999903, 34.462775953000119 ], [ -5.603899984999941, 34.462828847000083 ], [ -5.604085112999826, 34.462987529000031 ], [ -5.608528192999927, 34.463833829000066 ], [ -5.613394421999942, 34.458544448999987 ], [ -5.608176482999852, 34.454467934000093 ], [ -5.608203998999898, 34.454443858000047 ], [ -5.606412440999918, 34.453466644000173 ], [ -5.606200864999892, 34.450081441000123 ], [ -5.60768189199996, 34.447965689000227 ], [ -5.610432368999909, 34.44733096400023 ], [ -5.613394421999942, 34.447754114000077 ], [ -5.615510173999951, 34.450081441000123 ], [ -5.619106952999914, 34.461506502000191 ], [ -5.618683801999907, 34.465314856000134 ], [ -5.613394421999942, 34.470815811000136 ], [ -5.611890352999922, 34.473071915000105 ], [ -5.612193989999923, 34.473223733000225 ], [ -5.610643944999936, 34.475047315000097 ], [ -5.612336545999881, 34.476951492000182 ], [ -5.617069861999937, 34.475028582999983 ], [ -5.617987723999931, 34.474920599000086 ], [ -5.620887723999886, 34.473920599000166 ], [ -5.622487723999939, 34.473420599000178 ], [ -5.623587722999901, 34.472620599000038 ], [ -5.623606293999956, 34.472611314000062 ], [ -5.638783446999923, 34.459602325000105 ], [ -5.644919127999913, 34.460025476000226 ], [ -5.648092755999926, 34.458967600000051 ], [ -5.648128889999896, 34.458967600000051 ], [ -5.648102574999939, 34.458809710000139 ], [ -5.649785356999928, 34.45812129900014 ], [ -5.650420082999858, 34.457486572999983 ], [ -5.649785356999928, 34.454947671000241 ], [ -5.648865047999891, 34.453692703000172 ], [ -5.648879844999954, 34.453515133999929 ], [ -5.647246454999902, 34.451350892000107 ], [ -5.647669604999919, 34.44733096400023 ], [ -5.649573781999891, 34.446273088000055 ], [ -5.651054808999959, 34.446273088000055 ], [ -5.654651586999933, 34.44754253900004 ], [ -5.657112993999931, 34.449896928000044 ], [ -5.657613639999909, 34.45071616700011 ], [ -5.663537745999861, 34.454947671000241 ], [ -5.66586507299985, 34.454947671000241 ], [ -5.673481779999918, 34.451139317000127 ], [ -5.677290133999918, 34.451774043000228 ], [ -5.678136434999942, 34.45473609600009 ], [ -5.675597531999927, 34.460237051000036 ], [ -5.676232257999857, 34.462775953000119 ], [ -5.679405885999813, 34.462987529000031 ], [ -5.681944787999896, 34.463410679000049 ], [ -5.691465672999925, 34.460871777000136 ], [ -5.69252354899993, 34.458967600000051 ], [ -5.69231197299996, 34.457063423000193 ], [ -5.690407796999921, 34.455159246000107 ], [ -5.681521637999879, 34.44204158299999 ], [ -5.681944787999896, 34.441195283000127 ], [ -5.687868893999905, 34.441830008000181 ], [ -5.693581424999934, 34.441618433000144 ], [ -5.697812928999952, 34.440560557000197 ], [ -5.697834740999951, 34.440468947000056 ], [ -5.703737033999914, 34.438021655000114 ], [ -5.707756962999895, 34.437810079000201 ], [ -5.710719015999928, 34.438444805000131 ], [ -5.713992679999933, 34.442296174000035 ], [ -5.714274643999886, 34.442170857000235 ], [ -5.714738944999908, 34.443099459000109 ], [ -5.717489422999961, 34.443311035000022 ], [ -5.72045147599988, 34.443099459000109 ], [ -5.723584038999832, 34.441141607000134 ], [ -5.723931935999929, 34.441518496000128 ], [ -5.724894554999878, 34.440983707000044 ], [ -5.727010306999887, 34.441195283000127 ], [ -5.726772859999869, 34.443925920000197 ], [ -5.727087722999897, 34.447020599000041 ], [ -5.727214119999871, 34.447568317999981 ], [ -5.731664960999922, 34.452197193000075 ], [ -5.732299686999852, 34.455793972000038 ], [ -5.731876536999948, 34.457063423000193 ], [ -5.735050164999961, 34.462141228000121 ], [ -5.738646942999935, 34.464045405000036 ], [ -5.742032145999872, 34.467642183000237 ], [ -5.741397420999874, 34.472508413000185 ], [ -5.742455296999935, 34.476316766000082 ], [ -5.745628924999949, 34.479913545000045 ], [ -5.746105110999906, 34.482307549000041 ], [ -5.746439194999937, 34.483987141000114 ], [ -5.748654825999949, 34.489022666000096 ], [ -5.750064772999906, 34.49667666400012 ], [ -5.752041912999857, 34.500912767999978 ], [ -5.754395323999915, 34.505337767000071 ], [ -5.755665591999957, 34.510073875999979 ], [ -5.755965821999894, 34.511193263000166 ], [ -5.755965831999902, 34.511193300000059 ], [ -5.756387723999921, 34.512820599000179 ], [ -5.756587723999928, 34.51372059900018 ], [ -5.757575583999881, 34.518804200000091 ], [ -5.758011310999962, 34.523306714000114 ], [ -5.757611894999854, 34.526465735000102 ], [ -5.756449955999926, 34.528063401000168 ], [ -5.756769687999906, 34.5293068040001 ], [ -5.757248788999959, 34.530641453000101 ], [ -5.757282474999954, 34.531689051000114 ], [ -5.757290367999929, 34.531706415000144 ], [ -5.757394030999876, 34.533727853000016 ], [ -5.755835445999878, 34.535076094000146 ], [ -5.755587723999895, 34.53522059900007 ], [ -5.754792832999954, 34.535697534000235 ], [ -5.75428772399988, 34.538120599000081 ], [ -5.754487651999909, 34.538520455000082 ], [ -5.754987722999886, 34.53952059900007 ], [ -5.752887723999947, 34.540920599000117 ], [ -5.753731550999873, 34.543282738000244 ], [ -5.752358225999956, 34.545342726000115 ], [ -5.749192758999868, 34.545518585000195 ], [ -5.74918772399991, 34.545520599000042 ], [ -5.748966134999932, 34.545557531000043 ], [ -5.746521593999944, 34.548089376000178 ], [ -5.745720487999961, 34.550721582000222 ], [ -5.743036699999948, 34.551705638000101 ], [ -5.742787722999878, 34.552120599000034 ], [ -5.74268772399995, 34.552720599000168 ], [ -5.741587722999896, 34.554420599000139 ], [ -5.741636516999961, 34.554859744000112 ], [ -5.741257181999913, 34.555184889000088 ], [ -5.740664465999885, 34.55713238200002 ], [ -5.740487723999934, 34.557120599000029 ], [ -5.739287723999951, 34.55792059900017 ], [ -5.739087723999887, 34.558520599000076 ], [ -5.738787723999849, 34.558720599000083 ], [ -5.738364105999892, 34.55892319899999 ], [ -5.736450543999922, 34.559419308000088 ], [ -5.733932780999908, 34.558503757000096 ], [ -5.734161668999889, 34.557130432000235 ] ] ] ] } },
{ "type": "Feature", "properties": { "Code_Commu": "04.281.03.11.", "Code_Provi": "04.281.", "CODE_REGIO": "04.", "nom": "Commune d'Ouled Slama", "Marocains_": 23845, "Etrangers_": 3, "Populati_1": 23848, "Menages_": 4664, "nom_arabe": "Ш¬Щ…Ш§Ш№Ш© ШЈЩ€Щ„Ш§ШЇ ШіЩ„Ш§Щ…Ш©" }, "geometry": { "type": "MultiPolygon", "coordinates": [ [ [ [ -6.447773518999895, 34.397435207000171 ], [ -6.441987723999944, 34.387720599000147 ], [ -6.439887723999959, 34.388320599000053 ], [ -6.433687722999935, 34.388420599000199 ], [ -6.427587722999931, 34.388720599000123 ], [ -6.425849609999943, 34.389200079000034 ], [ -6.420264087999897, 34.370185298000138 ], [ -6.424787722999895, 34.361320599000237 ], [ -6.427987722999831, 34.354120599000112 ], [ -6.431942619999916, 34.341378253000244 ], [ -6.431990502999895, 34.341358439000203 ], [ -6.433187723999936, 34.336120599000083 ], [ -6.433287722999921, 34.335920599000019 ], [ -6.434287723999887, 34.332920599000147 ], [ -6.437652124999943, 34.311273592000077 ], [ -6.440766399999916, 34.302449812000077 ], [ -6.449949143999959, 34.298819425000147 ], [ -6.452987723999854, 34.285620599000197 ], [ -6.455524350999951, 34.278486336000128 ], [ -6.45618772399996, 34.276620599000182 ], [ -6.457887723999931, 34.274820599000122 ], [ -6.46334489599991, 34.270788014000118 ], [ -6.474763904999861, 34.267933262000042 ], [ -6.495525738999959, 34.272604675000082 ], [ -6.505647133999958, 34.276757042000042 ], [ -6.507723316999943, 34.279871317000186 ], [ -6.507982839999954, 34.282726068999978 ], [ -6.507723316999943, 34.284542730000112 ], [ -6.505128087999935, 34.28817605100005 ], [ -6.506425702999877, 34.288435574000118 ], [ -6.506548880999958, 34.288401980000231 ], [ -6.507787723999854, 34.288620599000069 ], [ -6.509787723999807, 34.288420599000233 ], [ -6.512537504999955, 34.2880657890002 ], [ -6.513852234999945, 34.292488061000142 ], [ -6.512503513999889, 34.30250713300012 ], [ -6.517863659999932, 34.302414716000044 ], [ -6.535485355999924, 34.302593085000126 ], [ -6.554506544999867, 34.303085156000236 ], [ -6.562688285999855, 34.304619232000164 ], [ -6.562687722999897, 34.304620599000202 ], [ -6.562187723999955, 34.306420599000091 ], [ -6.559387723999919, 34.314120599000034 ], [ -6.557787722999933, 34.321420599000078 ], [ -6.55618772299988, 34.327620599000227 ], [ -6.554487723999898, 34.330020599000193 ], [ -6.553887723999935, 34.333220599000128 ], [ -6.55318772399994, 34.336420599000178 ], [ -6.55028772299994, 34.336920599000166 ], [ -6.549287722999907, 34.336120599000083 ], [ -6.548387723999952, 34.335320599000113 ], [ -6.5446877239998, 34.325320599000179 ], [ -6.542087722999952, 34.324720599000045 ], [ -6.53918772399993, 34.326820599000087 ], [ -6.536887723999939, 34.331220599000176 ], [ -6.536187722999955, 34.339020599000037 ], [ -6.535087723999879, 34.342520599000238 ], [ -6.532687723999913, 34.345420599000192 ], [ -6.530487722999851, 34.34552059900011 ], [ -6.527387723999936, 34.343920599000114 ], [ -6.517287722999868, 34.337320599000236 ], [ -6.512187722999954, 34.334620599000118 ], [ -6.502287723999927, 34.334220599000048 ], [ -6.498287722999862, 34.33412059900013 ], [ -6.494887723999852, 34.334820599000125 ], [ -6.486387723999883, 34.339620599000114 ], [ -6.483987723999917, 34.342120599000168 ], [ -6.484687722999922, 34.343920599000114 ], [ -6.486387723999883, 34.345020599000179 ], [ -6.490787722999926, 34.344720599000198 ], [ -6.495287722999933, 34.343520599000044 ], [ -6.497287722999943, 34.343520599000044 ], [ -6.498487722999926, 34.343820599000139 ], [ -6.49918772399991, 34.344120599000121 ], [ -6.500987722999923, 34.34552059900011 ], [ -6.502087723999864, 34.348220599000229 ], [ -6.50178772299995, 34.350820599000087 ], [ -6.500187723999886, 34.352420599000141 ], [ -6.49918772399991, 34.352720599000236 ], [ -6.498187723999933, 34.353020599000047 ], [ -6.486987723999903, 34.355920599000171 ], [ -6.481687723999869, 34.358120599000131 ], [ -6.478987722999932, 34.359920599000191 ], [ -6.468087723999929, 34.366420598999923 ], [ -6.465187723999861, 34.368720599000198 ], [ -6.462487722999924, 34.370720599000094 ], [ -6.460287723999897, 34.373320599000124 ], [ -6.459287723999921, 34.375920598999926 ], [ -6.45978772299992, 34.379020599000114 ], [ -6.461987723999869, 34.382720598999981 ], [ -6.469687723999868, 34.390520599000013 ], [ -6.474287722999918, 34.396520598999984 ], [ -6.477987723999888, 34.404020599000035 ], [ -6.480987722999942, 34.40982059900017 ], [ -6.481087723999792, 34.414920599000084 ], [ -6.480387722999865, 34.415920599000231 ], [ -6.478187723999895, 34.41772059900012 ], [ -6.475787723999929, 34.417520599000056 ], [ -6.471887723999941, 34.415420599000072 ], [ -6.467487723999909, 34.411720598999977 ], [ -6.455487722999919, 34.407020599000134 ], [ -6.449687723999944, 34.404520599000193 ], [ -6.448937408999939, 34.404290911000203 ], [ -6.447773518999895, 34.397435207000171 ] ] ] ] } },
{ "type": "Feature", "properties": { "Code_Commu": "04.291.09.13.", "Code_Provi": "04.291.", "CODE_REGIO": "04.", "nom": "Commune de Sidi Abderrazak", "Marocains_": 14019, "Etrangers_": 2, "Populati_1": 14021, "Menages_": 3671, "nom_arabe": "Ш¬Щ…Ш§Ш№Ш© ШіЩЉШЇЩЉ Ш№ШЁШЇ Ш§Щ„Ш±ШІШ§Щ‚" }, "geometry": { "type": "MultiPolygon", "coordinates": [ [ [ [ -6.100053754999919, 34.122309017000134 ], [ -6.063141823999842, 34.102352565999979 ], [ -6.059791083999869, 34.102352565999979 ], [ -6.055849035999927, 34.094271369000182 ], [ -6.055857912999954, 34.094190589000107 ], [ -6.057820059999869, 34.076335052999923 ], [ -6.081078139999931, 34.055245099000047 ], [ -6.100390017999871, 34.035933221000164 ], [ -6.10236519599988, 34.033958042999984 ], [ -6.097778549999873, 34.026491410000119 ], [ -6.097043431999907, 34.025679744000115 ], [ -6.101182581999922, 34.01247388500019 ], [ -6.104340114999957, 34.009995630000049 ], [ -6.110840597999925, 34.005575302000238 ], [ -6.111037699999883, 33.989610009999979 ], [ -6.115965259999939, 33.985273758000176 ], [ -6.123258046999922, 33.976207049000038 ], [ -6.121089920999907, 33.971082387000081 ], [ -6.115768156999934, 33.966943237000237 ], [ -6.119118897999897, 33.963986702000113 ], [ -6.114585542999919, 33.954328686000224 ], [ -6.111629006999863, 33.950386638000168 ], [ -6.110938626999939, 33.949390358000187 ], [ -6.107884061999926, 33.950780843000189 ], [ -6.101773888999958, 33.947035898000081 ], [ -6.097726249999937, 33.946736073000181 ], [ -6.096452124999928, 33.946641693000231 ], [ -6.099087723999958, 33.944320599000037 ], [ -6.104287722999857, 33.940120599000124 ], [ -6.106987723999907, 33.937520598999924 ], [ -6.113406080999937, 33.933229197000173 ], [ -6.11597126199996, 33.93155625300011 ], [ -6.120132152999815, 33.929187027000182 ], [ -6.121687723999912, 33.928520599000137 ], [ -6.129316934999906, 33.923907793000183 ], [ -6.131287723999947, 33.922420599000077 ], [ -6.133599963999927, 33.919148871000232 ], [ -6.135673667999924, 33.918112019000091 ], [ -6.137526074999869, 33.916888383000071 ], [ -6.140414846999874, 33.914531440000189 ], [ -6.15178772399986, 33.905820599000037 ], [ -6.154087723999908, 33.904520599000136 ], [ -6.160687722999853, 33.899820599000122 ], [ -6.165365768999948, 33.896306045000074 ], [ -6.168026377999922, 33.893251272000043 ], [ -6.169886744999928, 33.891190204000225 ], [ -6.170588622999958, 33.891561786000238 ], [ -6.176187722999884, 33.894020598999987 ], [ -6.182787723999922, 33.897020599000086 ], [ -6.194007460999842, 33.908352145000094 ], [ -6.194949122999958, 33.913060457000086 ], [ -6.196185924999952, 33.918456054000046 ], [ -6.19498772399993, 33.91932059900023 ], [ -6.195048639999925, 33.919721927000069 ], [ -6.192835183999932, 33.922989409000024 ], [ -6.199536664999926, 33.943093850000196 ], [ -6.203478711999935, 33.962212780000073 ], [ -6.216837257999885, 33.986759108000172 ], [ -6.217387723999877, 33.98852059900014 ], [ -6.219987722999861, 33.997220599000229 ], [ -6.223696287999871, 34.00771504900024 ], [ -6.223983375999921, 34.020146681000142 ], [ -6.225506251999946, 34.026035132000175 ], [ -6.223363959999915, 34.029001383000036 ], [ -6.221987722999813, 34.0340205990002 ], [ -6.22197897399991, 34.034234952000077 ], [ -6.224414909999894, 34.037767059000203 ], [ -6.227688935999822, 34.038585565000062 ], [ -6.23723817799987, 34.044042275000038 ], [ -6.236055758999953, 34.0464071130001 ], [ -6.236187723999933, 34.048320599000135 ], [ -6.234687722999922, 34.0498205990001 ], [ -6.233879913999942, 34.052220599000066 ], [ -6.231687723999926, 34.052220599000066 ], [ -6.230387722999922, 34.058020599000201 ], [ -6.230144454999959, 34.060139570000104 ], [ -6.229087723999896, 34.063220599000203 ], [ -6.226387723999892, 34.063920599000198 ], [ -6.223831335999932, 34.070220599000095 ], [ -6.222287723999955, 34.070220599000095 ], [ -6.218187722999915, 34.075520599000242 ], [ -6.215887722999923, 34.079820599000016 ], [ -6.215387723999868, 34.082720599000197 ], [ -6.215587723999874, 34.087620599000047 ], [ -6.217187723999928, 34.089820599000177 ], [ -6.218687723999949, 34.090920599000242 ], [ -6.218287723999936, 34.093820599000196 ], [ -6.219669019999913, 34.094444410000222 ], [ -6.217866857999923, 34.099700717000189 ], [ -6.213774324999861, 34.100519223999981 ], [ -6.213653692999912, 34.105625340000017 ], [ -6.213774324999861, 34.108158618000232 ], [ -6.213501489999942, 34.11306965700004 ], [ -6.212796452999953, 34.112690021000049 ], [ -6.209681792999902, 34.110886973000106 ], [ -6.201496727999825, 34.120163380000122 ], [ -6.201496727999825, 34.120506054000089 ], [ -6.19908772399981, 34.122120599000198 ], [ -6.199787722999929, 34.126720599000123 ], [ -6.199480574999882, 34.12711306599999 ], [ -6.203952246999961, 34.137897687000134 ], [ -6.207231803999946, 34.145549986000105 ], [ -6.209287723999921, 34.148999103000108 ], [ -6.211045969999873, 34.15181229699999 ], [ -6.21103639099988, 34.16204207300018 ], [ -6.208287723999945, 34.16202059900013 ], [ -6.202547875999926, 34.161887114000194 ], [ -6.193857333999915, 34.157541842999933 ], [ -6.161389908999865, 34.147719765000147 ], [ -6.137926056999845, 34.141990218999979 ], [ -6.100053754999919, 34.122309017000134 ] ] ] ] } },
{ "type": "Feature", "properties": { "Code_Commu": "04.481.03.13.", "Code_Provi": "04.481.", "CODE_REGIO": "04.", "nom": "Commune de Sidi Ahmed Benaissa", "Marocains_": 7685, "Etrangers_": 0, "Populati_1": 7685, "Menages_": 1649, "nom_arabe": "Ш¬Щ…Ш§Ш№Ш© ШіЩЉШЇЩЉ Ш§Ш­Щ…ШЇ ШЁЩ†Ш№ЩЉШіЩ‰" }, "geometry": { "type": "MultiPolygon", "coordinates": [ [ [ [ -5.782064485999911, 34.681609766000236 ], [ -5.789287722999916, 34.677720599000224 ], [ -5.795563917999857, 34.674397741000234 ], [ -5.796488535999913, 34.678650987000083 ], [ -5.799904635999951, 34.679182915000069 ], [ -5.80148477899985, 34.679428962000088 ], [ -5.805927857999961, 34.677313210000136 ], [ -5.803682981999941, 34.671380323000164 ], [ -5.814056289999883, 34.662562622999985 ], [ -5.815387723999891, 34.662520599000231 ], [ -5.817287723999925, 34.662620598999979 ], [ -5.820687723999924, 34.662220599000079 ], [ -5.823987723999949, 34.662020599000243 ], [ -5.826446178999959, 34.661083233000113 ], [ -5.830987722999851, 34.66612059900018 ], [ -5.837333805999947, 34.669299125000123 ], [ -5.838162133999901, 34.668553630000133 ], [ -5.839991465999901, 34.669061777000195 ], [ -5.848487723999938, 34.677020599000173 ], [ -5.858587723999904, 34.68192059900008 ], [ -5.871304595999959, 34.688103545999979 ], [ -5.871939321999889, 34.704394837000109 ], [ -5.872362471999907, 34.725129207000066 ], [ -5.874283051999953, 34.729661776000228 ], [ -5.878409743999953, 34.739675814000123 ], [ -5.87100811699986, 34.741354260000094 ], [ -5.859547523999936, 34.745223526000132 ], [ -5.851780727999881, 34.748367229000053 ], [ -5.839387722999959, 34.753720599000189 ], [ -5.838187722999919, 34.754420599000184 ], [ -5.833288355999912, 34.755949101000169 ], [ -5.826887723999903, 34.760720599000081 ], [ -5.817965458999936, 34.76692059900023 ], [ -5.813316594999947, 34.770742998999935 ], [ -5.790201129999957, 34.779249490000097 ], [ -5.782619256999908, 34.780359032000035 ], [ -5.781694638999852, 34.777770100000055 ], [ -5.783443158999944, 34.7724216860002 ], [ -5.786132807999877, 34.762791279000169 ], [ -5.794639298999925, 34.750771237000038 ], [ -5.787057426999922, 34.745038602000079 ], [ -5.778234726999926, 34.736785108000049 ], [ -5.775592155999959, 34.734682873999986 ], [ -5.770062632999952, 34.729033144000084 ], [ -5.767085664999911, 34.72599145900017 ], [ -5.761168105999957, 34.718409586000178 ], [ -5.756729936999818, 34.711567409000111 ], [ -5.768380130999901, 34.697328282000115 ], [ -5.773188147999917, 34.69141072299999 ], [ -5.782064485999911, 34.681609766000236 ] ] ] ] } },
{ "type": "Feature", "properties": { "Code_Commu": "04.291.07.13.", "Code_Provi": "04.291.", "CODE_REGIO": "04.", "nom": "Commune de Marchouch", "Marocains_": 12992, "Etrangers_": 25, "Populati_1": 13017, "Menages_": 2604, "nom_arabe": "Ш¬Щ…Ш§Ш№Ш© Щ…Ш±ШґЩ€Шґ" }, "geometry": { "type": "MultiPolygon", "coordinates": [ [ [ [ -6.662484407424927, 33.4457888007164 ], [ -6.662387728691101, 33.446320593357086 ], [ -6.661987781524658, 33.447420597076473 ], [ -6.661787748336792, 33.449020624160823 ], [ -6.661787748336792, 33.449820578098411 ], [ -6.662787675857487, 33.450820624828282 ], [ -6.663987755775338, 33.450720608234519 ], [ -6.665287733078003, 33.450720608234519 ], [ -6.666087746620178, 33.450620591640586 ], [ -6.666587710380554, 33.450920581817627 ], [ -6.667387723922729, 33.451120615005493 ], [ -6.668187737464905, 33.451920628547668 ], [ -6.667487740516663, 33.452920615673122 ], [ -6.666887760162354, 33.454320609569606 ], [ -6.667287707328796, 33.45472061634058 ], [ -6.667587757110596, 33.454820573329926 ], [ -6.668387770652771, 33.455320596694889 ], [ -6.667687773704529, 33.456020593643302 ], [ -6.667487740516663, 33.456220626831168 ], [ -6.666887760162354, 33.456020593643302 ], [ -6.666387677192688, 33.455420613288993 ], [ -6.665287733078003, 33.455520570278338 ], [ -6.664687752723637, 33.455720603466034 ], [ -6.663287758827209, 33.458420574665183 ], [ -6.663040280342102, 33.458880245685577 ], [ -6.663261413574219, 33.470382332801933 ], [ -6.663487672805786, 33.470320582389832 ], [ -6.664387702941895, 33.472020626068115 ], [ -6.665587663650513, 33.472720623016528 ], [ -6.665487766265812, 33.473620593547878 ], [ -6.664987683296204, 33.474020600319022 ], [ -6.663487672805786, 33.473820626735744 ], [ -6.66288769245142, 33.473820626735744 ], [ -6.662848472595158, 33.47384017705923 ], [ -6.660785555839539, 33.477966070175285 ], [ -6.661287665367013, 33.479020595550594 ], [ -6.661987781524658, 33.481620609760341 ], [ -6.661587715148926, 33.483620584011135 ], [ -6.661687731742859, 33.485020577907733 ], [ -6.661287665367013, 33.485720574855804 ], [ -6.659387707710209, 33.488120615482273 ], [ -6.659387707710209, 33.488320589065609 ], [ -6.659787774085942, 33.488320589065609 ], [ -6.661587715148926, 33.487920582294578 ], [ -6.662087678909245, 33.487320601940326 ], [ -6.663487672805786, 33.48802059888834 ], [ -6.663487672805786, 33.489020586013794 ], [ -6.663687705993596, 33.491120576858521 ], [ -6.663987755775338, 33.493620574474335 ], [ -6.66393589973444, 33.496573150158042 ], [ -6.665642976760864, 33.504254996776581 ], [ -6.682173013687134, 33.505470395088196 ], [ -6.684302568435669, 33.507600069046077 ], [ -6.686417460441533, 33.516210258006993 ], [ -6.687975645065194, 33.517249047756309 ], [ -6.688833236694279, 33.517820835113525 ], [ -6.696932911872864, 33.523220598697719 ], [ -6.697687745094299, 33.523220598697719 ], [ -6.69918775558466, 33.522720575332585 ], [ -6.703587770462036, 33.527620613574925 ], [ -6.704955816268864, 33.528532624244804 ], [ -6.716551899909916, 33.53224337100994 ], [ -6.725374817848206, 33.534677326679287 ], [ -6.738152861595154, 33.536807000637168 ], [ -6.754475831985417, 33.554076313972473 ], [ -6.759145259857178, 33.559016406536102 ], [ -6.760431170463505, 33.563838601112536 ], [ -6.762987732887211, 33.579620599746704 ], [ -6.759487748146, 33.590120613575095 ], [ -6.758787751197758, 33.591220617294312 ], [ -6.758787751197758, 33.594620585441646 ], [ -6.758787751197758, 33.59722059965128 ], [ -6.758703231811523, 33.598741471767539 ], [ -6.759058833122253, 33.604963719844875 ], [ -6.758841037750187, 33.613170862197933 ], [ -6.757719397544861, 33.618218123912811 ], [ -6.756871938705387, 33.622015357017517 ], [ -6.755190134048405, 33.632946312427464 ], [ -6.753973245620728, 33.646332800388279 ], [ -6.747898697853088, 33.658967852592582 ], [ -6.747887730598393, 33.659220576286316 ], [ -6.745898485183716, 33.664851367473545 ], [ -6.742508411407414, 33.67238491773611 ], [ -6.742687702178898, 33.673520624637604 ], [ -6.741187691688424, 33.678220570087319 ], [ -6.74178767204279, 33.679720580577907 ], [ -6.74158775806427, 33.680720627307949 ], [ -6.740387678146362, 33.681120574474392 ], [ -6.736023187637329, 33.665499866008815 ], [ -6.725983262062073, 33.662761688232536 ], [ -6.72233247756958, 33.655155718326569 ], [ -6.711379885673466, 33.649679422378483 ], [ -6.708337426185608, 33.637205660343284 ], [ -6.704686641693115, 33.627774298191014 ], [ -6.695255160331669, 33.616821706295013 ], [ -6.690083146095219, 33.607390284538383 ], [ -6.684911131858769, 33.607390284538383 ], [ -6.681260228157043, 33.607998788356724 ], [ -6.677236557006836, 33.610355615615788 ], [ -6.672437310218811, 33.61347508430481 ], [ -6.667873740196228, 33.614996254444179 ], [ -6.664083480834961, 33.611747443676052 ], [ -6.659659266471806, 33.60313093662262 ], [ -6.646577000617981, 33.596741974353847 ], [ -6.633799076080322, 33.599175870418435 ], [ -6.621933698654061, 33.58274698257452 ], [ -6.617065906524658, 33.576966464519558 ], [ -6.605504870414734, 33.55779945850378 ], [ -6.603983640670776, 33.551410436630306 ], [ -6.597387671470585, 33.551720619201831 ], [ -6.5862877368927, 33.551620602607727 ], [ -6.578787684440556, 33.551720619201831 ], [ -6.577687740325928, 33.553620576858634 ], [ -6.577350735664311, 33.55447447299963 ], [ -6.572951316833496, 33.554148554801941 ], [ -6.566866517066956, 33.543500244617576 ], [ -6.563215732574463, 33.542587518692017 ], [ -6.558956384658757, 33.542891740799064 ], [ -6.55700421333313, 33.539891958236808 ], [ -6.550741910934335, 33.530722200870571 ], [ -6.548750042915344, 33.525600075721627 ], [ -6.548987507820073, 33.525438129901886 ], [ -6.546911239624023, 33.5202476978302 ], [ -6.527966141700688, 33.495073974132595 ], [ -6.517585158348027, 33.475090682506675 ], [ -6.514750003814697, 33.474587678909359 ], [ -6.514748215675354, 33.474587380886021 ], [ -6.506304264068604, 33.473089218139648 ], [ -6.506143569946289, 33.471963942050991 ], [ -6.505906701087952, 33.469121694564933 ], [ -6.511883735656738, 33.46603977680212 ], [ -6.51578772068018, 33.465320587158317 ], [ -6.522387742996216, 33.463120579719487 ], [ -6.526687741279545, 33.461220622062683 ], [ -6.532387733459473, 33.45902061462408 ], [ -6.535689115524292, 33.457587897777557 ], [ -6.539125561714172, 33.457183599471989 ], [ -6.552101731300354, 33.45562648773199 ], [ -6.562742233276367, 33.458481252193621 ], [ -6.570527911186218, 33.45770263671875 ], [ -6.572863578796387, 33.454328835010529 ], [ -6.582991242408752, 33.453141391277313 ], [ -6.586337804794198, 33.458009183406887 ], [ -6.58938026428217, 33.458313465118522 ], [ -6.595464944839478, 33.458921909332332 ], [ -6.603983640670776, 33.458313465118522 ], [ -6.608851432800236, 33.461964309215602 ], [ -6.613415002822819, 33.462268531322479 ], [ -6.620108246803227, 33.461051583290214 ], [ -6.624777555465698, 33.460036516189632 ], [ -6.624850869178772, 33.460020601749534 ], [ -6.627105832099858, 33.459530413150844 ], [ -6.627872228622437, 33.459138274192924 ], [ -6.628659844398499, 33.458735346794072 ], [ -6.636115908622685, 33.454920589923859 ], [ -6.635987758636418, 33.454920589923859 ], [ -6.635577082633972, 33.454181551933232 ], [ -6.636446714401188, 33.454069316387233 ], [ -6.643713355064335, 33.450435996055717 ], [ -6.646049022674504, 33.451733648777008 ], [ -6.647346615791264, 33.448878884315548 ], [ -6.650720477104187, 33.450176477432422 ], [ -6.653834700584412, 33.448100328445435 ], [ -6.655391812324524, 33.449657440185604 ], [ -6.662484407424927, 33.4457888007164 ] ], [ [ -6.60057806968689, 33.512221634388027 ], [ -6.598700165748596, 33.515560030937309 ], [ -6.591906309127751, 33.527756452560538 ], [ -6.593343734741211, 33.528850197792167 ], [ -6.598611831664982, 33.530848443508091 ], [ -6.599750161170903, 33.539541006088371 ], [ -6.603992938995361, 33.540058374404907 ], [ -6.61258769035328, 33.537957549095324 ], [ -6.613927245140019, 33.537574827671165 ], [ -6.615375995635929, 33.530744969844818 ], [ -6.61692833900446, 33.526088237762565 ], [ -6.612079739570618, 33.526003181934414 ], [ -6.608132243156319, 33.513152956962642 ], [ -6.60057806968689, 33.512221634388027 ] ] ] ] } },
{ "type": "Feature", "properties": { "Code_Commu": "04.281.05.09.", "Code_Provi": "04.281.", "CODE_REGIO": "04.", "nom": "Commune de Mograne", "Marocains_": 36442, "Etrangers_": 10, "Populati_1": 36452, "Menages_": 6745, "nom_arabe": "Ш¬Щ…Ш§Ш№Ш© Ш§Щ„Щ…ЩѓШ±Щ†" }, "geometry": { "type": "MultiPolygon", "coordinates": [ [ [ [ -6.336087722999935, 34.522720599000195 ], [ -6.331487723999942, 34.520720599000128 ], [ -6.331087723999872, 34.520920599000135 ], [ -6.326670643999876, 34.519067597000117 ], [ -6.323787723999942, 34.517420599000104 ], [ -6.319787722999877, 34.512220599000102 ], [ -6.319787722999877, 34.50972059899999 ], [ -6.318087723999895, 34.504720599000166 ], [ -6.318887723999921, 34.503320599000176 ], [ -6.319200804999923, 34.502130892000025 ], [ -6.322683464999955, 34.49813010500003 ], [ -6.321126326999888, 34.490344417000131 ], [ -6.317233482999939, 34.491382509000232 ], [ -6.314638253999874, 34.492939646000195 ], [ -6.312617759999853, 34.49584062299999 ], [ -6.312581024999929, 34.495822991000125 ], [ -6.307788307999942, 34.493522647000191 ], [ -6.30776562199992, 34.493511759000171 ], [ -6.30425733699991, 34.490603940000199 ], [ -6.294914510999945, 34.490084894000233 ], [ -6.290247124999951, 34.491885449000108 ], [ -6.2899877239999, 34.49182059900005 ], [ -6.289187723999873, 34.491720599000132 ], [ -6.288487723999935, 34.491920599000196 ], [ -6.287487723999902, 34.492120599000202 ], [ -6.286287723999919, 34.491720599000132 ], [ -6.285287723999943, 34.491520599000125 ], [ -6.283587722999869, 34.491420599000037 ], [ -6.282587723999939, 34.490820599000131 ], [ -6.281987723999919, 34.49002059899999 ], [ -6.281287722999934, 34.49002059899999 ], [ -6.279887722999888, 34.491920599000196 ], [ -6.279187723999883, 34.49182059900005 ], [ -6.278787723999926, 34.490720598999985 ], [ -6.278187723999849, 34.490220599000224 ], [ -6.277187723999873, 34.48962059899992 ], [ -6.276487723999878, 34.489320599000166 ], [ -6.277087723999955, 34.4869205990002 ], [ -6.27778772399995, 34.486320599000123 ], [ -6.277287723999905, 34.485120599000084 ], [ -6.275987722999901, 34.484820598999988 ], [ -6.274387722999961, 34.484620598999925 ], [ -6.273787722999941, 34.484320599000171 ], [ -6.271787723999921, 34.484320599000171 ], [ -6.270987723999895, 34.483820599000182 ], [ -6.27028772299991, 34.483820599000182 ], [ -6.269887722999954, 34.483520599000087 ], [ -6.27028772299991, 34.482620599000199 ], [ -6.269587723999905, 34.482220599000129 ], [ -6.269387723999955, 34.481720599000141 ], [ -6.268587723999929, 34.481820599000116 ], [ -6.267487722999931, 34.48082059900014 ], [ -6.267187723999825, 34.480120599000145 ], [ -6.265487723999854, 34.47982059899999 ], [ -6.265487723999854, 34.479320599000175 ], [ -6.264987722999933, 34.479320599000175 ], [ -6.263687723999851, 34.47982059899999 ], [ -6.263187722999874, 34.479220599000087 ], [ -6.262487723999868, 34.47902059900008 ], [ -6.262187722999897, 34.478120599000192 ], [ -6.262087723999912, 34.477620599000034 ], [ -6.262287723999918, 34.476520599000139 ], [ -6.262587722999911, 34.475620599000138 ], [ -6.262387722999961, 34.475120598999979 ], [ -6.262187722999897, 34.474520599000243 ], [ -6.261287723999885, 34.473920599000166 ], [ -6.260587723999947, 34.473920599000166 ], [ -6.259787723999921, 34.474220599000091 ], [ -6.25808772299996, 34.473920599000166 ], [ -6.256787723999878, 34.473320599000033 ], [ -6.253987722999909, 34.471920599000043 ], [ -6.258521946999906, 34.452536719000079 ], [ -6.256606783999928, 34.448227601000042 ], [ -6.257716446999893, 34.444671435000146 ], [ -6.258202752999921, 34.441684125999984 ], [ -6.262990661999936, 34.43146992000004 ], [ -6.271289703999912, 34.422532490000094 ], [ -6.279109955999957, 34.408168763999981 ], [ -6.285435689999929, 34.404594075000091 ], [ -6.289643354999896, 34.402263676000075 ], [ -6.292790896999918, 34.395974692000038 ], [ -6.292675696999879, 34.391251486000044 ], [ -6.291239324999879, 34.382952444000068 ], [ -6.291239324999879, 34.38183526500012 ], [ -6.294431263999854, 34.373855417000129 ], [ -6.301293932999954, 34.365715972000203 ], [ -6.315372713999921, 34.359113987000228 ], [ -6.316587722999884, 34.360620599000185 ], [ -6.319168792999903, 34.363162420000094 ], [ -6.325552670999912, 34.369546299000092 ], [ -6.361621584999909, 34.399231333999978 ], [ -6.368192591999957, 34.39413144800011 ], [ -6.372511867999947, 34.390428087000203 ], [ -6.393612688999951, 34.387568684000144 ], [ -6.396907023999916, 34.398732821000237 ], [ -6.415017069999919, 34.392311968000172 ], [ -6.421787723999955, 34.390320599000177 ], [ -6.425849609999943, 34.389200079000034 ], [ -6.427587722999931, 34.388720599000123 ], [ -6.433687722999935, 34.388420599000199 ], [ -6.439887723999959, 34.388320599000053 ], [ -6.441987723999944, 34.387720599000147 ], [ -6.447773518999895, 34.397435207000171 ], [ -6.448937408999939, 34.404290911000203 ], [ -6.444638546999954, 34.403055024000196 ], [ -6.440887722999946, 34.403920599000116 ], [ -6.435587722999912, 34.406920598999989 ], [ -6.432887722999908, 34.411220598999989 ], [ -6.433687722999935, 34.413120599000194 ], [ -6.434487723999951, 34.415020599000172 ], [ -6.43648772399996, 34.419320599000173 ], [ -6.44068772299994, 34.419420599000091 ], [ -6.445587723999893, 34.41772059900012 ], [ -6.451287723999883, 34.415420599000072 ], [ -6.45408772299993, 34.416220598999985 ], [ -6.45558772399994, 34.422420599000134 ], [ -6.456887723999955, 34.426720599000134 ], [ -6.461387723999792, 34.431120599000224 ], [ -6.464787723999905, 34.434020599000178 ], [ -6.464687722999884, 34.435720598999978 ], [ -6.464587723999955, 34.437320599000202 ], [ -6.460887723999917, 34.444420599000182 ], [ -6.45618772399996, 34.447120599000129 ], [ -6.451987723999878, 34.449320599000089 ], [ -6.448287723999897, 34.450420598999983 ], [ -6.44158772399993, 34.448620599000094 ], [ -6.439687723999953, 34.444620599000245 ], [ -6.437587722999922, 34.442420599000116 ], [ -6.433987723999849, 34.444320599000093 ], [ -6.431587723999883, 34.448720599000183 ], [ -6.429987723999943, 34.454320599000084 ], [ -6.430487722999885, 34.45852059900011 ], [ -6.436187722999932, 34.463020599000117 ], [ -6.437387722999915, 34.465920599000071 ], [ -6.437167081999917, 34.467370528000231 ], [ -6.436645022999926, 34.470613625999988 ], [ -6.428884572999948, 34.480944309000222 ], [ -6.425787722999871, 34.483620599000176 ], [ -6.423219948999872, 34.486022710000043 ], [ -6.42222021799995, 34.48652059900013 ], [ -6.417668858999946, 34.488787279000064 ], [ -6.416745226999922, 34.484793359000037 ], [ -6.415887723999901, 34.481620599000223 ], [ -6.415187722999917, 34.476420599000221 ], [ -6.413087723999865, 34.470720599000231 ], [ -6.409287722999863, 34.469220599000096 ], [ -6.407387723999875, 34.469320599000014 ], [ -6.405787722999946, 34.470720599000231 ], [ -6.405687723999904, 34.473720599000103 ], [ -6.407587723999882, 34.478920598999935 ], [ -6.409087722999914, 34.482820599000036 ], [ -6.409368363999874, 34.484504445000084 ], [ -6.410661739999853, 34.489046802000132 ], [ -6.405266369999936, 34.487009081999929 ], [ -6.404487723999921, 34.4869205990002 ], [ -6.394187722999902, 34.486620599000048 ], [ -6.390787723999949, 34.487020599000118 ], [ -6.383587722999948, 34.490320599000142 ], [ -6.375587723999956, 34.494620599000086 ], [ -6.371987722999904, 34.496520599000121 ], [ -6.369687723999959, 34.497720599000104 ], [ -6.364687722999861, 34.502020599000048 ], [ -6.363187722999896, 34.50622059900013 ], [ -6.363487723999867, 34.508320599000172 ], [ -6.364687722999861, 34.514720598999986 ], [ -6.3644877239999, 34.523820599000089 ], [ -6.3644877239999, 34.526720599000043 ], [ -6.363587723999956, 34.53562059900014 ], [ -6.361287723999908, 34.536920599000041 ], [ -6.357187723999857, 34.536920599000041 ], [ -6.350587722999933, 34.537620599000093 ], [ -6.340887723999913, 34.538620599000012 ], [ -6.334187723999946, 34.538220599000169 ], [ -6.332887722999942, 34.537420599000029 ], [ -6.33138772399991, 34.536720599000034 ], [ -6.330287723999959, 34.535720599000058 ], [ -6.331587723999917, 34.532320599000116 ], [ -6.336887723999951, 34.525020599000072 ], [ -6.336087722999935, 34.522720599000195 ] ] ] ] } },
{ "type": "Feature", "properties": { "Code_Commu": "04.481.09.13.", "Code_Provi": "04.481.", "CODE_REGIO": "04.", "nom": "Commune de Zirara", "Marocains_": 16825, "Etrangers_": 4, "Populati_1": 16829, "Menages_": 3928, "nom_arabe": "Ш¬Щ…Ш§Ш№Ш© ШІЩЉШ±Ш§Ш±Ш©" }, "geometry": { "type": "MultiPolygon", "coordinates": [ [ [ [ -5.740833045999807, 34.278314180000052 ], [ -5.733687723999935, 34.268020599000238 ], [ -5.734487723999905, 34.265520599000126 ], [ -5.727337852999938, 34.257033299000113 ], [ -5.729787722999959, 34.252020599000105 ], [ -5.729787722999959, 34.248920599000144 ], [ -5.730452127999911, 34.247171427000183 ], [ -5.738725447999855, 34.250456171000167 ], [ -5.74057352299991, 34.253659501000186 ], [ -5.74316875199986, 34.252621409000085 ], [ -5.738756861999946, 34.243019060000051 ], [ -5.739794953999876, 34.240683354000055 ], [ -5.737695326999869, 34.235720599000047 ], [ -5.736161632999938, 34.231859574000055 ], [ -5.723487723999938, 34.211520599000039 ], [ -5.722887723999861, 34.21052059900012 ], [ -5.722287723999955, 34.209420599000225 ], [ -5.720787722999944, 34.207020599000032 ], [ -5.719887723999875, 34.205320599000061 ], [ -5.719693843999892, 34.204777737000086 ], [ -5.722147394999865, 34.200197775999982 ], [ -5.722406917999933, 34.198121593000224 ], [ -5.721109302999878, 34.194747795000126 ], [ -5.716178366999941, 34.192152565000185 ], [ -5.711715049999952, 34.191656641000179 ], [ -5.711887723999894, 34.190620599000226 ], [ -5.711687723999887, 34.189720599000225 ], [ -5.713064091999911, 34.18306926299999 ], [ -5.706316495999943, 34.179176418999987 ], [ -5.701787723999928, 34.179420599000082 ], [ -5.701687723999896, 34.178320599000187 ], [ -5.701587723999921, 34.176720599000191 ], [ -5.701187723999908, 34.174420599000086 ], [ -5.702387723999948, 34.174420599000086 ], [ -5.707051812999907, 34.173875446000238 ], [ -5.713064091999911, 34.170871685000122 ], [ -5.729414036999913, 34.162826473999928 ], [ -5.744466366999859, 34.159452676000228 ], [ -5.751473485999838, 34.160231243999988 ], [ -5.750694916999919, 34.166459795000094 ], [ -5.756663944999957, 34.168535978000193 ], [ -5.762632971999892, 34.16697884100023 ], [ -5.763671063999936, 34.163085997000223 ], [ -5.768234735999954, 34.162760595000123 ], [ -5.769754245999934, 34.165893123000103 ], [ -5.778487722999898, 34.182620599000188 ], [ -5.793516201999921, 34.20928107900005 ], [ -5.792965975999948, 34.218910031000235 ], [ -5.792478109999934, 34.227447684000083 ], [ -5.790401925999902, 34.254438070000049 ], [ -5.791612869999881, 34.254758612999979 ], [ -5.800263797999889, 34.257292822000181 ], [ -5.800004274999935, 34.261445189000085 ], [ -5.795090085999846, 34.26238122500007 ], [ -5.794857673999957, 34.262425494000126 ], [ -5.790387723999856, 34.262520599000084 ], [ -5.787587722999945, 34.262820599000236 ], [ -5.785387722999872, 34.262620599000172 ], [ -5.784587722999959, 34.262020599000095 ], [ -5.783987722999939, 34.261820599000089 ], [ -5.781387723999956, 34.261720599000171 ], [ -5.780087722999951, 34.261920599000177 ], [ -5.779087722999918, 34.262320599000077 ], [ -5.777587723999943, 34.263820598999985 ], [ -5.77618772299985, 34.264520598999979 ], [ -5.773787722999941, 34.265420599000038 ], [ -5.769987723999861, 34.267020599000091 ], [ -5.767487722999874, 34.268420599000081 ], [ -5.76598772299991, 34.268920599000069 ], [ -5.764787722999927, 34.272220599000093 ], [ -5.76458772299992, 34.273220599000069 ], [ -5.763587722999944, 34.274720599000034 ], [ -5.763487723999958, 34.274820599000122 ], [ -5.763287723999895, 34.275020599000129 ], [ -5.761687723999955, 34.276920599000164 ], [ -5.756404421999946, 34.276237996000077 ], [ -5.750435393999908, 34.278054656999984 ], [ -5.747580641999946, 34.275199904000146 ], [ -5.740833045999807, 34.278314180000052 ] ] ] ] } },
{ "type": "Feature", "properties": { "Code_Commu": "04.281.01.11.", "Code_Provi": "04.281.", "CODE_REGIO": "04.", "nom": "Commune de Souk El Arbaa", "Marocains_": 70862, "Etrangers_": 32, "Populati_1": 70894, "Menages_": 16401, "nom_arabe": "Ш¬Щ…Ш§Ш№Ш© ШіЩ€Щ‚ Ш§Щ„ШЈШ±ШЁШ№Ш§ШЎ" }, "geometry": { "type": "MultiPolygon", "coordinates": [ [ [ [ -5.977570103999881, 34.692344170000183 ], [ -5.974016055999925, 34.689211789000126 ], [ -5.973232960999951, 34.685537266000097 ], [ -5.970176506999906, 34.678585332000239 ], [ -5.970100579999951, 34.678549647000068 ], [ -5.969739151999875, 34.675176313000179 ], [ -5.970883674999925, 34.673610123000117 ], [ -5.973835341999859, 34.672586075000083 ], [ -5.981545817999859, 34.667887504000078 ], [ -5.98660581799993, 34.669092266000121 ], [ -5.992448912999862, 34.661803456000143 ], [ -6.00178581799986, 34.661562504000244 ], [ -6.002921986999922, 34.665320599000097 ], [ -6.003412246999858, 34.666803218000098 ], [ -6.005403312999931, 34.66777764699998 ], [ -6.012267246999954, 34.671260837000034 ], [ -6.017146532999902, 34.675899170000037 ], [ -6.021483674999956, 34.683549409000193 ], [ -6.017748912999934, 34.687525123000171 ], [ -6.011905817999832, 34.687525123000171 ], [ -6.007990341999857, 34.691862266000101 ], [ -6.006578934999879, 34.691823060000047 ], [ -6.003773674999934, 34.691922503999933 ], [ -6.003615254999886, 34.692638716000033 ], [ -6.002327960999878, 34.696500599000103 ], [ -6.001866493999955, 34.696523672000183 ], [ -5.998036339999942, 34.69682890199999 ], [ -5.994677722999882, 34.697102980000125 ], [ -5.99076224699985, 34.696560837000106 ], [ -5.983473817999936, 34.694844115000194 ], [ -5.981847008999921, 34.694572980000032 ], [ -5.977570103999881, 34.692344170000183 ] ] ] ] } },
{ "type": "Feature", "properties": { "Code_Commu": "04.491.05.03.", "Code_Provi": "04.491.", "CODE_REGIO": "04.", "nom": "Commune de Boumaiz", "Marocains_": 22692, "Etrangers_": 1, "Populati_1": 22693, "Menages_": 5153, "nom_arabe": "Ш¬Щ…Ш§Ш№Ш© ШЁЩ€Щ…Ш№ЩЉШІ" }, "geometry": { "type": "MultiPolygon", "coordinates": [ [ [ [ -5.893692053999928, 34.334111610000036 ], [ -5.879937338999866, 34.329699721000111 ], [ -5.865525168999909, 34.322718826000084 ], [ -5.865404053999896, 34.316204528000014 ], [ -5.861511209999946, 34.301671244000147 ], [ -5.860687723999945, 34.290820599000199 ], [ -5.861287723999908, 34.287320599000168 ], [ -5.861444179999921, 34.286792561000198 ], [ -5.861770732999901, 34.275199904000146 ], [ -5.86488500899992, 34.26507851000008 ], [ -5.86488500899992, 34.258071390999987 ], [ -5.871442176999892, 34.258022819000075 ], [ -5.898621138999829, 34.257821494000041 ], [ -5.89994566199988, 34.258112556000128 ], [ -5.900439650999942, 34.264040417999979 ], [ -5.9008240799999, 34.272497864000229 ], [ -5.929187723999917, 34.272920599000088 ], [ -5.930287722999878, 34.272320599000182 ], [ -5.931187723999926, 34.272420598999929 ], [ -5.932487722999952, 34.270020599000134 ], [ -5.937087723999866, 34.270720599000185 ], [ -5.938687723999919, 34.27102059900011 ], [ -5.938762818999919, 34.270945503000121 ], [ -5.938787722999905, 34.270520599000122 ], [ -5.938849044999927, 34.26974992300012 ], [ -5.948587722999946, 34.271584746000144 ], [ -5.948587722999946, 34.269820599000127 ], [ -5.948587722999946, 34.267320599000016 ], [ -5.949087723999924, 34.267220599000098 ], [ -5.94868772399991, 34.264820599000132 ], [ -5.948587722999946, 34.264120599000137 ], [ -5.948487723999961, 34.263620598999978 ], [ -5.948337729999878, 34.262645635000126 ], [ -5.94808772399989, 34.261020599000119 ], [ -5.959601883999937, 34.267086338000126 ], [ -5.967687723999859, 34.267020599000091 ], [ -5.980387722999865, 34.267120599000179 ], [ -5.991887723999866, 34.267220599000098 ], [ -5.998587723999947, 34.267120599000179 ], [ -6.008487722999917, 34.267020599000091 ], [ -6.020187723999925, 34.267020599000091 ], [ -6.027887723999925, 34.267020599000091 ], [ -6.040887722999912, 34.267120599000179 ], [ -6.044987722999849, 34.267820599000174 ], [ -6.05738772299992, 34.270420599000204 ], [ -6.064787723999927, 34.271720599000105 ], [ -6.06818772299988, 34.272320599000182 ], [ -6.079487723999875, 34.274420599000223 ], [ -6.075087722999797, 34.292820598999981 ], [ -6.066187722999871, 34.289920599000197 ], [ -6.060408772999949, 34.288384421999979 ], [ -6.049405814999943, 34.298556968000014 ], [ -6.049405814999943, 34.300633152000046 ], [ -6.048900853999953, 34.300821275000089 ], [ -6.044794332999913, 34.302351155000167 ], [ -6.036170144999915, 34.305564087999983 ], [ -6.027940697999952, 34.303031950000104 ], [ -6.007103576999953, 34.297518877000186 ], [ -5.995165521999922, 34.294923647000076 ], [ -5.989282992999847, 34.296230882000145 ], [ -5.986082218999854, 34.299076013999979 ], [ -5.968787722999934, 34.301120599000171 ], [ -5.953901374999873, 34.305045042000074 ], [ -5.937551429999928, 34.307640271000082 ], [ -5.929987723999943, 34.310820599000181 ], [ -5.92898772399991, 34.310820599000181 ], [ -5.927787722999881, 34.311920599000246 ], [ -5.927787722999881, 34.31262059900007 ], [ -5.928587722999907, 34.313420598999983 ], [ -5.929687723999962, 34.3148205990002 ], [ -5.929487723999955, 34.315820599000176 ], [ -5.928587722999907, 34.316620599000089 ], [ -5.927687723999952, 34.317020598999989 ], [ -5.926587722999898, 34.315920599000094 ], [ -5.925687723999943, 34.314620599000193 ], [ -5.925187722999908, 34.313820599000223 ], [ -5.92448772399996, 34.313820599000223 ], [ -5.922987723999938, 34.314120599000034 ], [ -5.921987723999905, 34.315020599000036 ], [ -5.921087722999914, 34.315920599000094 ], [ -5.920787723999922, 34.317220599000166 ], [ -5.920387723999909, 34.318020599000135 ], [ -5.920587723999859, 34.318420598999978 ], [ -5.923787723999851, 34.318620599000042 ], [ -5.924287723999953, 34.319420599000125 ], [ -5.923787723999851, 34.32092059900009 ], [ -5.922187723999912, 34.321620599000084 ], [ -5.919987723999952, 34.32222059899999 ], [ -5.919187723999926, 34.322420599000168 ], [ -5.918787723999799, 34.323220599000138 ], [ -5.919187723999926, 34.324120599000139 ], [ -5.919687722999925, 34.325120599000115 ], [ -5.920087722999881, 34.32582059900011 ], [ -5.920387723999909, 34.32662059900008 ], [ -5.920387723999909, 34.327320599000245 ], [ -5.920887722999908, 34.327520599000081 ], [ -5.921287722999864, 34.32742059899999 ], [ -5.921887722999941, 34.326820599000087 ], [ -5.923587723999958, 34.32582059900011 ], [ -5.924187723999921, 34.325220599000033 ], [ -5.925187722999908, 34.324420599000121 ], [ -5.926387722999948, 34.324220599000114 ], [ -5.927687723999952, 34.324220599000114 ], [ -5.928387722999958, 34.324120599000139 ], [ -5.929387723999923, 34.324020599000221 ], [ -5.93018772399995, 34.324220599000114 ], [ -5.930787723999856, 34.324520599000039 ], [ -5.930787723999856, 34.324920599000109 ], [ -5.930687722999949, 34.325620599000104 ], [ -5.930287722999878, 34.326720599000168 ], [ -5.929687723999962, 34.327320599000245 ], [ -5.928187722999951, 34.32742059899999 ], [ -5.927587722999874, 34.327620599000227 ], [ -5.927287723999939, 34.32802059900007 ], [ -5.927087723999875, 34.328720599000121 ], [ -5.927187722999918, 34.329420599000116 ], [ -5.928787722999857, 34.330120599000111 ], [ -5.930687722999949, 34.329420599000116 ], [ -5.931687722999925, 34.327920598999981 ], [ -5.932287722999888, 34.32662059900008 ], [ -5.933487722999871, 34.32622059900018 ], [ -5.934387723999919, 34.326120599000092 ], [ -5.935087723999857, 34.326720599000168 ], [ -5.935487723999927, 34.328720599000121 ], [ -5.935987722999869, 34.329120599000134 ], [ -5.938187722999942, 34.329420599000116 ], [ -5.939587722999931, 34.329820599000186 ], [ -5.940087723999909, 34.330720599000188 ], [ -5.940787723999961, 34.332020599000089 ], [ -5.941487722999852, 34.331920599000171 ], [ -5.943187723999927, 34.331720599000164 ], [ -5.943987723999953, 34.332020599000089 ], [ -5.946087723999881, 34.333320599000047 ], [ -5.943287722999912, 34.333520599000224 ], [ -5.941487722999852, 34.33372059900006 ], [ -5.939687723999953, 34.334420599000111 ], [ -5.937887723999893, 34.334420599000111 ], [ -5.933587723999892, 34.335720599000183 ], [ -5.924187723999921, 34.337920599000142 ], [ -5.920087722999881, 34.338720599000055 ], [ -5.903553925999915, 34.344752051000114 ], [ -5.901637560999916, 34.34268439400023 ], [ -5.893692053999928, 34.334111610000036 ] ] ] ] } },
{ "type": "Feature", "properties": { "Code_Commu": "04.291.05.05.", "Code_Provi": "04.291.", "CODE_REGIO": "04.", "nom": "Commune de Bouqachmir", "Marocains_": 2877, "Etrangers_": 0, "Populati_1": 2877, "Menages_": 784, "nom_arabe": "Ш¬Щ…Ш§Ш№Ш© ШЁЩ€Щ‚ШґЩ…ЩЉШ±" }, "geometry": { "type": "MultiPolygon", "coordinates": [ [ [ [ -5.9064865199999, 33.61874568799999 ], [ -5.896806329999947, 33.617309265000245 ], [ -5.885646842999961, 33.617568788000142 ], [ -5.856719061999911, 33.617337366000186 ], [ -5.851130292999869, 33.614454513000112 ], [ -5.847496971999931, 33.614454513000112 ], [ -5.840749375999906, 33.611340238000139 ], [ -5.839187722999952, 33.609620599000039 ], [ -5.841987722999875, 33.606520599000021 ], [ -5.84558772399987, 33.605520599000101 ], [ -5.845687722999855, 33.604020599000137 ], [ -5.842487723999852, 33.603620599000067 ], [ -5.842887723999922, 33.602120598999988 ], [ -5.847787723999886, 33.60302059899999 ], [ -5.85938772399993, 33.602920599000072 ], [ -5.859687723999798, 33.598020599000165 ], [ -5.856587723999894, 33.595820599000035 ], [ -5.851487723999867, 33.597920599000076 ], [ -5.848887723999951, 33.596720599000093 ], [ -5.85128772399986, 33.587020599000084 ], [ -5.852387722999936, 33.58372059900023 ], [ -5.853387723999958, 33.580620599000042 ], [ -5.850087723999877, 33.578820598999982 ], [ -5.846887722999952, 33.575320599000122 ], [ -5.844487722999872, 33.575120599000115 ], [ -5.844187723999937, 33.576920599000175 ], [ -5.84558772399987, 33.579020599000046 ], [ -5.841687723999939, 33.579620599000123 ], [ -5.837787723999952, 33.578720599000235 ], [ -5.838887723999903, 33.574120599000139 ], [ -5.837787723999952, 33.571020599000121 ], [ -5.834887722999952, 33.570720599000197 ], [ -5.831187722999914, 33.569220599000232 ], [ -5.828087723999886, 33.568520599000237 ], [ -5.825487722999924, 33.56882059899999 ], [ -5.824987723999925, 33.567820599000243 ], [ -5.827687723999929, 33.565520599000195 ], [ -5.831787723999867, 33.565020599000036 ], [ -5.831787723999867, 33.562620599000013 ], [ -5.832787723999957, 33.559820598999977 ], [ -5.831087723999872, 33.558420598999987 ], [ -5.828287723999949, 33.559720599000059 ], [ -5.824387723999905, 33.559820598999977 ], [ -5.824087722999877, 33.557420599000181 ], [ -5.830787722999844, 33.552820599000086 ], [ -5.830887723999922, 33.551020599000196 ], [ -5.827187722999952, 33.54782059900009 ], [ -5.829687723999939, 33.545820599000194 ], [ -5.829887723999889, 33.544720599000129 ], [ -5.82568772299993, 33.542820599000095 ], [ -5.828187722999928, 33.538820599000076 ], [ -5.823987723999949, 33.537120599000104 ], [ -5.823787723999942, 33.536220599000103 ], [ -5.827187722999952, 33.532620599000097 ], [ -5.827187722999952, 33.529120599000237 ], [ -5.821987723999939, 33.528020599000172 ], [ -5.821587723999869, 33.525920599000131 ], [ -5.828987722999955, 33.517620599000168 ], [ -5.828687723999906, 33.515620599000044 ], [ -5.826187723999908, 33.514520598999979 ], [ -5.830187722999938, 33.509120599000084 ], [ -5.829487723999932, 33.507720599000095 ], [ -5.825487722999924, 33.507720599000095 ], [ -5.823387723999872, 33.506720599000118 ], [ -5.820687723999924, 33.50622059900013 ], [ -5.820687723999924, 33.505620599000224 ], [ -5.823187723999922, 33.501920599000186 ], [ -5.82058772399995, 33.498020599000085 ], [ -5.819187722999914, 33.498020599000085 ], [ -5.816391437999926, 33.499506126000142 ], [ -5.814687722999906, 33.498920599000087 ], [ -5.814987723999934, 33.497620599000186 ], [ -5.815187723999884, 33.497320599000034 ], [ -5.816787722999948, 33.493720599000085 ], [ -5.817087723999862, 33.492920599000172 ], [ -5.817787722999867, 33.492120599000202 ], [ -5.818387722999887, 33.492020599000114 ], [ -5.819187722999914, 33.491820599000107 ], [ -5.820187722999947, 33.49262059900019 ], [ -5.820787723999956, 33.492720599000108 ], [ -5.822287722999874, 33.492320599000095 ], [ -5.822687722999945, 33.491920599000196 ], [ -5.823287722999851, 33.491820599000107 ], [ -5.823787723999942, 33.491620599000044 ], [ -5.823987723999949, 33.490520598999979 ], [ -5.823987723999949, 33.489320599000166 ], [ -5.823687722999921, 33.488820599000178 ], [ -5.822987723999915, 33.488520599000083 ], [ -5.822787723999852, 33.488520599000083 ], [ -5.822287722999874, 33.487920599000176 ], [ -5.821387723999862, 33.487820599000088 ], [ -5.820887723999874, 33.487820599000088 ], [ -5.820287723999797, 33.488520599000083 ], [ -5.819687723999891, 33.488820599000178 ], [ -5.818787722999957, 33.488920598999925 ], [ -5.818087723999952, 33.488820599000178 ], [ -5.81598772399991, 33.488420599000165 ], [ -5.815787723999961, 33.487620599000195 ], [ -5.816187722999928, 33.487120599000036 ], [ -5.816587722999884, 33.48652059900013 ], [ -5.816787722999948, 33.486120599000117 ], [ -5.816887723999855, 33.485520598999983 ], [ -5.81598772399991, 33.485520598999983 ], [ -5.814387723999857, 33.485020599000222 ], [ -5.813787723999951, 33.484520599000234 ], [ -5.813387723999881, 33.483520599000087 ], [ -5.813387723999881, 33.482420599000193 ], [ -5.812987723999925, 33.481720599000198 ], [ -5.812687722999954, 33.481720599000198 ], [ -5.81228772299994, 33.481420599000046 ], [ -5.811787723999942, 33.481020599000203 ], [ -5.808287723999911, 33.479320599000232 ], [ -5.805287723999925, 33.47862059900018 ], [ -5.803687722999939, 33.478220599000167 ], [ -5.802687722999906, 33.477220599000191 ], [ -5.800787723999917, 33.475720599000226 ], [ -5.797387722999872, 33.477620599000034 ], [ -5.795087723999927, 33.478420599000174 ], [ -5.794087723999951, 33.47902059900008 ], [ -5.793087722999815, 33.479720599000075 ], [ -5.79178772399996, 33.479720599000075 ], [ -5.79178772399996, 33.479320599000232 ], [ -5.792387723999866, 33.478120599000022 ], [ -5.789587723999944, 33.478120599000022 ], [ -5.788687723999885, 33.478120599000022 ], [ -5.788287723999929, 33.477420599000197 ], [ -5.788287723999929, 33.476620599000114 ], [ -5.787887723999859, 33.475520599000049 ], [ -5.788087723999922, 33.475220599000238 ], [ -5.786087723999913, 33.474920599000143 ], [ -5.785999524999909, 33.474832400000196 ], [ -5.787746084999867, 33.472115529000178 ], [ -5.787746084999867, 33.469736068000032 ], [ -5.786287723999919, 33.470020599000236 ], [ -5.789104311999893, 33.465747872000122 ], [ -5.793516201999921, 33.459259798000119 ], [ -5.794813815999873, 33.452512201999923 ], [ -5.80597330199987, 33.433047982000062 ], [ -5.808987722999916, 33.431297673000131 ], [ -5.81642605299993, 33.427095133000023 ], [ -5.816905782999925, 33.420378912000047 ], [ -5.808600240999908, 33.406889689000138 ], [ -5.806492347999949, 33.400867138000194 ], [ -5.806232824999938, 33.396974294000131 ], [ -5.806339120999951, 33.394210608000094 ], [ -5.806787722999957, 33.384720598999934 ], [ -5.807187722999913, 33.382820599000127 ], [ -5.807487723999941, 33.380920598999978 ], [ -5.808387722999896, 33.377220599000225 ], [ -5.809087723999937, 33.372620599000129 ], [ -5.811087722999844, 33.368420599000046 ], [ -5.814687722999906, 33.363820599000121 ], [ -5.816905782999925, 33.36137211700003 ], [ -5.813780006999934, 33.3567876460001 ], [ -5.813758989999883, 33.356748239000126 ], [ -5.820506586999954, 33.358564900000204 ], [ -5.820766109999852, 33.36505297299999 ], [ -5.822537203999957, 33.365325449000125 ], [ -5.822687722999945, 33.363920599000039 ], [ -5.823587723999879, 33.36292059900012 ], [ -5.824055867999903, 33.362534380000227 ], [ -5.824658953999915, 33.360122037000167 ], [ -5.826735136999901, 33.356748239000126 ], [ -5.828032751999956, 33.355450624000127 ], [ -5.829589888999919, 33.355450624000127 ], [ -5.833742255999937, 33.35622919299999 ], [ -5.844123173999947, 33.359343468000134 ], [ -5.855801705999852, 33.361160129000098 ], [ -5.862808824999945, 33.361419652000166 ], [ -5.865663576999793, 33.366350587999932 ], [ -5.866961191999849, 33.370762478000131 ], [ -5.868518329999915, 33.372060092000197 ], [ -5.871373081999934, 33.369464863000132 ], [ -5.87293021999983, 33.369464863000132 ], [ -5.875525448999952, 33.374655322000194 ], [ -5.875265925999884, 33.379586257000199 ], [ -5.876044494999917, 33.380624349000129 ], [ -5.877861154999948, 33.382181487000196 ], [ -5.881234952999932, 33.38477671600009 ], [ -5.884089705999884, 33.388669560000096 ], [ -5.88642541199988, 33.396974294000131 ], [ -5.891356347999931, 33.395417156000121 ], [ -5.894989668999926, 33.395417156000121 ], [ -5.894989668999926, 33.397233817000199 ], [ -5.892795443999887, 33.398368761000143 ], [ -5.893987722999952, 33.39842059900019 ], [ -5.894018866999886, 33.398560748000136 ], [ -5.89343253099986, 33.398531432000198 ], [ -5.889020640999945, 33.400348092000229 ], [ -5.885646842999961, 33.403202844000191 ], [ -5.885127796999825, 33.406057597000199 ], [ -5.885296362999895, 33.406285159999925 ], [ -5.885089684999855, 33.406534895999982 ], [ -5.88642541199988, 33.412545669999986 ], [ -5.886165888999926, 33.414362331000063 ], [ -5.884349228999952, 33.417476606000093 ], [ -5.887723026999879, 33.418255175000127 ], [ -5.887723026999879, 33.420071834999987 ], [ -5.889799209999865, 33.422667064000223 ], [ -5.891615870999942, 33.422407540999984 ], [ -5.898882512999933, 33.423705155999926 ], [ -5.900699173999897, 33.42526229399999 ], [ -5.90147774199994, 33.428117046000125 ], [ -5.907446769999865, 33.431490844000223 ], [ -5.909522952999907, 33.434605119000025 ], [ -5.912118182999961, 33.433047982000062 ], [ -5.914453888999958, 33.433047982000062 ], [ -5.917049117999909, 33.435383688000059 ], [ -5.920163393999928, 33.434605119000025 ], [ -5.922758622999879, 33.432788459000221 ], [ -5.925872897999909, 33.433826551000095 ], [ -5.926192310999852, 33.43478478899999 ], [ -5.925353851999944, 33.436162257000092 ], [ -5.923277668999958, 33.439017009000224 ], [ -5.922499099999925, 33.44213128500013 ], [ -5.923762863999855, 33.442672898000126 ], [ -5.92613242099992, 33.444726514000195 ], [ -5.926391943999874, 33.445764606000125 ], [ -5.930284787999938, 33.451993156000185 ], [ -5.932620493999821, 33.450955064000084 ], [ -5.93495620099992, 33.454588385000022 ], [ -5.933918108999876, 33.455886000000191 ], [ -5.93495620099992, 33.456664569000225 ], [ -5.938070475999893, 33.456664569000225 ], [ -5.942222842999911, 33.457962184000223 ], [ -5.942482365999922, 33.459778844000084 ], [ -5.941444273999821, 33.460816936000185 ], [ -5.942741888999876, 33.463931210999988 ], [ -5.945337117999941, 33.466007394000087 ], [ -5.954160897999941, 33.464450257000124 ], [ -5.955977558999905, 33.466526440000223 ], [ -5.959870402999911, 33.466266916999984 ], [ -5.962465631999919, 33.465228825999986 ], [ -5.968953704999933, 33.465488349000225 ], [ -5.974403686999892, 33.466526440000223 ], [ -5.978296530999955, 33.468862146999982 ], [ -5.978954917999886, 33.470900012000243 ], [ -5.978815576999921, 33.471457375999989 ], [ -5.979514599999959, 33.472720995000202 ], [ -5.980372713999884, 33.47560974300012 ], [ -5.980113190999816, 33.487028752000185 ], [ -5.98270842099987, 33.494554917000187 ], [ -5.978287723999927, 33.504720599000223 ], [ -5.973466694999843, 33.513501759000235 ], [ -5.97466321, 33.515057228999979 ], [ -5.975441778999937, 33.524400055000115 ], [ -5.974487722999925, 33.52892059900023 ], [ -5.969991796999921, 33.54645950400004 ], [ -5.968434658999854, 33.556061853000017 ], [ -5.961587723999912, 33.572120599000016 ], [ -5.993089337999947, 33.586945082000113 ], [ -5.997760750999817, 33.591356972000142 ], [ -5.998618430999898, 33.59350117200006 ], [ -5.99931788899994, 33.595249815999978 ], [ -5.96583943, 33.594730770000012 ], [ -5.95978772299992, 33.593620599000133 ], [ -5.945187723999936, 33.59162059900018 ], [ -5.939787722999881, 33.591820599000187 ], [ -5.936253815999862, 33.593433155000071 ], [ -5.936253815999862, 33.597325999000077 ], [ -5.948138569999912, 33.616135936000092 ], [ -5.959724277999896, 33.630612660999986 ], [ -5.961868089999939, 33.646611983000071 ], [ -5.962465631999919, 33.653901999000141 ], [ -5.931322879999925, 33.633659210000076 ], [ -5.916789594999955, 33.62353781600018 ], [ -5.909591348999868, 33.620189795000044 ], [ -5.9064865199999, 33.61874568799999 ] ] ] ] } },
{ "type": "Feature", "properties": { "Code_Commu": "04.291.07.05.", "Code_Provi": "04.291.", "CODE_REGIO": "04.", "nom": "Commune de Brachoua", "Marocains_": 11849, "Etrangers_": 2, "Populati_1": 11851, "Menages_": 2941, "nom_arabe": "Ш¬Щ…Ш§Ш№Ш© Ш§Щ„ШЁШ±Ш§ШґЩ€Ш©" }, "geometry": { "type": "MultiPolygon", "coordinates": [ [ [ [ -6.714813841999955, 33.874184579000087 ], [ -6.711489527999902, 33.87363052600017 ], [ -6.710376116999953, 33.873741867000092 ], [ -6.705588450999869, 33.876302711999926 ], [ -6.701580297999953, 33.877385997000147 ], [ -6.700387723999881, 33.87792059899999 ], [ -6.69658772299988, 33.877520599000093 ], [ -6.694231661999879, 33.876859417000105 ], [ -6.691114111999866, 33.874743937000233 ], [ -6.688219243999924, 33.869622247999985 ], [ -6.686660468999889, 33.867506768000112 ], [ -6.684767670999861, 33.866504698000142 ], [ -6.680536710999831, 33.864611900000227 ], [ -6.673744904999921, 33.862719102000142 ], [ -6.671629424999935, 33.861271668000086 ], [ -6.670961378999891, 33.858488141000237 ], [ -6.66828919299985, 33.85503656800023 ], [ -6.666738865999946, 33.854025485000136 ], [ -6.664787722999961, 33.854220599000143 ], [ -6.663187723999954, 33.855220599000063 ], [ -6.660487722999903, 33.856920599000034 ], [ -6.658487722999894, 33.857420599000193 ], [ -6.657931215999952, 33.857356998000171 ], [ -6.65771179199993, 33.857486070999926 ], [ -6.653703512999925, 33.857486070999926 ], [ -6.650808644999927, 33.854257180000047 ], [ -6.650265873999956, 33.851475477000179 ], [ -6.649789015999943, 33.850154950000103 ], [ -6.650363280999954, 33.844904531000225 ], [ -6.649806575999946, 33.843791120000049 ], [ -6.647802435999949, 33.843457097000226 ], [ -6.647696094999958, 33.843722950000085 ], [ -6.647587723999948, 33.843620599000076 ], [ -6.645687723999856, 33.844320599000071 ], [ -6.644187722999959, 33.84612059900013 ], [ -6.644187722999959, 33.850820599000201 ], [ -6.643187722999869, 33.853020598999933 ], [ -6.641387723999912, 33.85442059899998 ], [ -6.639775230999874, 33.854075065000131 ], [ -6.638561127999878, 33.854257180000047 ], [ -6.637781739999866, 33.853811816000132 ], [ -6.637113693999936, 33.853032429000223 ], [ -6.6368708, 33.852255168000113 ], [ -6.63646306499993, 33.851883408999981 ], [ -6.635214917999861, 33.848451007000222 ], [ -6.636287722999896, 33.847020599000189 ], [ -6.63818772399992, 33.846620599000119 ], [ -6.640987723999956, 33.845420599000136 ], [ -6.64158772299993, 33.844120599000235 ], [ -6.64054873799995, 33.842735284000241 ], [ -6.640342584999928, 33.841786981000041 ], [ -6.636222964999945, 33.840562229000113 ], [ -6.634218825999938, 33.840116865000084 ], [ -6.631212616999903, 33.838558089999935 ], [ -6.627983725999911, 33.838224067000112 ], [ -6.62564556399991, 33.838446749000241 ], [ -6.625623360999953, 33.838461381999934 ], [ -6.62538772399995, 33.838420599000017 ], [ -6.622987722999881, 33.839220598999987 ], [ -6.621187722999935, 33.839320599000075 ], [ -6.620092412999952, 33.838468690000184 ], [ -6.618742417999897, 33.838001384000108 ], [ -6.618855789999884, 33.835696149000228 ], [ -6.618287722999867, 33.833320598999933 ], [ -6.615787723999858, 33.830520599000067 ], [ -6.612987722999947, 33.829520598999977 ], [ -6.611735420999878, 33.829402861000176 ], [ -6.607719651999957, 33.828426052999987 ], [ -6.603488690999939, 33.827980688000196 ], [ -6.601661549999903, 33.828455744999928 ], [ -6.601287723999917, 33.828420599000083 ], [ -6.60120439099984, 33.828398376999985 ], [ -6.598367001999918, 33.828648735000115 ], [ -6.596362862999911, 33.827980688000196 ], [ -6.594885626999883, 33.826608970000166 ], [ -6.594539937999912, 33.826427028000239 ], [ -6.594470064999882, 33.826310572000182 ], [ -6.592911289999961, 33.824417774000096 ], [ -6.592465924999942, 33.82352704499999 ], [ -6.592354583999906, 33.821745588000113 ], [ -6.592911289999961, 33.819964131000063 ], [ -6.595806156999913, 33.815621830000225 ], [ -6.595767011999897, 33.815530489000082 ], [ -6.595961114999795, 33.815325264000023 ], [ -6.59418772399988, 33.812920599000108 ], [ -6.593489291999902, 33.811829299000237 ], [ -6.591603226999894, 33.810471332000077 ], [ -6.591686537999863, 33.810054776000243 ], [ -6.590016421999906, 33.809832094000114 ], [ -6.588411773999894, 33.810204602000169 ], [ -6.586787723999919, 33.810120599000243 ], [ -6.585287722999851, 33.809120598999925 ], [ -6.585087722999958, 33.806520599000123 ], [ -6.583487722999905, 33.805620599000235 ], [ -6.58258772399995, 33.805120599000077 ], [ -6.58258772399995, 33.803920599000094 ], [ -6.584787723999909, 33.802320599000041 ], [ -6.584969193999882, 33.801724340000192 ], [ -6.586342166999884, 33.800145421000195 ], [ -6.585451437999836, 33.797473235000098 ], [ -6.584334698999896, 33.795544322000069 ], [ -6.584282582999947, 33.795341998000026 ], [ -6.581386297999927, 33.793321612999932 ], [ -6.581331817999853, 33.793130934000089 ], [ -6.578788751999923, 33.790919571000131 ], [ -6.579687723999882, 33.790020599000229 ], [ -6.58238772399983, 33.787820599000099 ], [ -6.585187723999866, 33.786820599000123 ], [ -6.587296043999856, 33.785555607000049 ], [ -6.599075389999882, 33.781068237000227 ], [ -6.609196784999881, 33.76757304400013 ], [ -6.612570582999865, 33.764977815000123 ], [ -6.607899169999882, 33.755115944000067 ], [ -6.599594435999961, 33.739285045000202 ], [ -6.588694472999919, 33.7117756130001 ], [ -6.586099243999854, 33.700616126999932 ], [ -6.587915903999885, 33.69750185200013 ], [ -6.583504013999914, 33.691013779000173 ], [ -6.572085004999849, 33.690235210000139 ], [ -6.57000882199992, 33.68867807200013 ], [ -6.566375500999868, 33.687639981000132 ], [ -6.563261224999849, 33.685823320000168 ], [ -6.554696968999906, 33.685304274000202 ], [ -6.55338895899996, 33.684369981000089 ], [ -6.553422175999856, 33.684353373000135 ], [ -6.55236126199992, 33.683747137000069 ], [ -6.557497525999906, 33.680732373000183 ], [ -6.557521310999903, 33.680518305000078 ], [ -6.557811243999936, 33.680373338000095 ], [ -6.558589812999855, 33.674404311000103 ], [ -6.555735059999904, 33.668435283000235 ], [ -6.553918399999873, 33.666878146000101 ], [ -6.553132940999831, 33.663539947000174 ], [ -6.555687723999938, 33.663220599000226 ], [ -6.555687723999938, 33.662466256000073 ], [ -6.556513628999937, 33.662466256000073 ], [ -6.557811243999936, 33.660130550000076 ], [ -6.552880307999885, 33.658573412000237 ], [ -6.548987463999936, 33.656237705000137 ], [ -6.548208894999902, 33.650268678000202 ], [ -6.545094619999873, 33.645597265000106 ], [ -6.545094619999873, 33.640147284000136 ], [ -6.546392234999871, 33.635735394000108 ], [ -6.550544601999889, 33.631063981000239 ], [ -6.548493944999962, 33.625073681000174 ], [ -6.549506509999958, 33.613935467000204 ], [ -6.552620784999931, 33.604852164000135 ], [ -6.568970729999933, 33.579159394000044 ], [ -6.567413591999866, 33.574747504000243 ], [ -6.560406472999887, 33.569816568000078 ], [ -6.553658876999918, 33.566442769999981 ], [ -6.562223133999908, 33.558916604999979 ], [ -6.559674268999913, 33.545583872000236 ], [ -6.558956367999826, 33.542891742999984 ], [ -6.563215706999927, 33.542587505000199 ], [ -6.566866568999899, 33.543500220000112 ], [ -6.572951337999939, 33.554148567000198 ], [ -6.577350679999881, 33.55447444400005 ], [ -6.577687723999873, 33.553620599000226 ], [ -6.578787722999948, 33.551720599000191 ], [ -6.586287723999931, 33.551620599000103 ], [ -6.597387723999873, 33.551720599000191 ], [ -6.603983663999941, 33.551410421000128 ], [ -6.605504855999925, 33.557799429000113 ], [ -6.617065918999856, 33.576966454000171 ], [ -6.621933734999914, 33.582746985000142 ], [ -6.633799035999857, 33.599175863000198 ], [ -6.646577051999941, 33.596741955000084 ], [ -6.659659306999913, 33.60313096300024 ], [ -6.664083439999956, 33.61174743100014 ], [ -6.667873745999941, 33.614996264000126 ], [ -6.672437322999883, 33.613475072000199 ], [ -6.677236526999877, 33.610355589999983 ], [ -6.681260239999915, 33.607998779000127 ], [ -6.684911100999898, 33.607390302000169 ], [ -6.690083155999957, 33.607390302000169 ], [ -6.695255209999857, 33.616821695000226 ], [ -6.704686602999857, 33.627774281000143 ], [ -6.708337464999943, 33.637205674000086 ], [ -6.711379849999958, 33.6496794520001 ], [ -6.722332434999885, 33.655155745000172 ], [ -6.725983296999914, 33.662761707000129 ], [ -6.736023166999871, 33.665499853000199 ], [ -6.740387722999799, 33.681120599000167 ], [ -6.737787723999872, 33.687520598999981 ], [ -6.73632740599993, 33.691968600999985 ], [ -6.735989462999953, 33.6933366250002 ], [ -6.735267495999892, 33.700374304000093 ], [ -6.734544612999855, 33.707420919000242 ], [ -6.733722163999914, 33.717290311999989 ], [ -6.73253101399996, 33.721019129000013 ], [ -6.728387723999958, 33.733520599000201 ], [ -6.727487723999957, 33.735020599000165 ], [ -6.726487722999877, 33.737320599000043 ], [ -6.725487722999958, 33.739520599000173 ], [ -6.723987723999926, 33.742520599000045 ], [ -6.721287723999865, 33.747020599000223 ], [ -6.721275969999908, 33.747028896000131 ], [ -6.717378378999911, 33.753873445000238 ], [ -6.719287723999855, 33.754220599000178 ], [ -6.721887723999941, 33.755320599000243 ], [ -6.72298772399995, 33.755820599000231 ], [ -6.724187723999933, 33.757420599000113 ], [ -6.724787723999839, 33.758720599000185 ], [ -6.724887722999938, 33.75902059900011 ], [ -6.72515424199986, 33.759304886000109 ], [ -6.728858733999857, 33.761398729000064 ], [ -6.730528849999928, 33.76384823300009 ], [ -6.729888622999908, 33.765128688000232 ], [ -6.730087723999929, 33.766920599000059 ], [ -6.730087723999929, 33.767220599000041 ], [ -6.729988745999947, 33.768705260000047 ], [ -6.733535058999905, 33.77453697499999 ], [ -6.732671829999958, 33.775400204000107 ], [ -6.732688254999914, 33.775462619000223 ], [ -6.731642260999877, 33.776318432000039 ], [ -6.728254725999818, 33.775599864000128 ], [ -6.728253882999923, 33.775599066000041 ], [ -6.72373704499995, 33.774202952000167 ], [ -6.721176200999878, 33.775984409000046 ], [ -6.721541173999867, 33.779926121000244 ], [ -6.721787722999863, 33.78032059899999 ], [ -6.722087723999891, 33.782120599000052 ], [ -6.721387722999907, 33.786220599000046 ], [ -6.721187722999957, 33.788520599000094 ], [ -6.72238772399993, 33.791920599000036 ], [ -6.72419113299992, 33.795035578000125 ], [ -6.723291680999864, 33.800702126000147 ], [ -6.72389060699993, 33.80085185799993 ], [ -6.723884672999816, 33.800890427000184 ], [ -6.726409230999877, 33.802260901000068 ], [ -6.730367416999911, 33.802920599000117 ], [ -6.732843136999918, 33.802920599000117 ], [ -6.734425787999953, 33.806157838999923 ], [ -6.733244910999872, 33.809784819000186 ], [ -6.733087723999915, 33.810020598999984 ], [ -6.730687723999949, 33.811420599000201 ], [ -6.729691795999884, 33.811485551000203 ], [ -6.723959726999908, 33.814397078000184 ], [ -6.72114504599989, 33.817041173000177 ], [ -6.72095351899992, 33.817069264000111 ], [ -6.720062789999872, 33.818182674000184 ], [ -6.72095351899992, 33.819630108000069 ], [ -6.72373704499995, 33.820632178000039 ], [ -6.726743253999814, 33.820743519000075 ], [ -6.729545310999924, 33.82104644399999 ], [ -6.731087723999906, 33.822020599000041 ], [ -6.732087723999882, 33.82382059899993 ], [ -6.732287723999889, 33.825820599000224 ], [ -6.731668144999958, 33.826392518000034 ], [ -6.726732479999896, 33.834401332000084 ], [ -6.727387723999925, 33.835420599000145 ], [ -6.729287723999846, 33.836320599000203 ], [ -6.731187722999948, 33.836520599000039 ], [ -6.733187723999947, 33.836420599000121 ], [ -6.734887722999929, 33.836620599000128 ], [ -6.735316227999931, 33.8366985090002 ], [ -6.735984562999874, 33.839114795000114 ], [ -6.733869082999945, 33.844013802000177 ], [ -6.736541267999939, 33.847576716000106 ], [ -6.741190475999872, 33.850366241000074 ], [ -6.743887723999933, 33.852220599000191 ], [ -6.745787723999911, 33.854220599000143 ], [ -6.748987723999846, 33.859520599000234 ], [ -6.753910474999941, 33.870401635000121 ], [ -6.750108157999932, 33.87693579800009 ], [ -6.748009397999908, 33.880533673000173 ], [ -6.746227940999916, 33.882983176000096 ], [ -6.738656747999926, 33.886546090000195 ], [ -6.735205174999805, 33.886100726000109 ], [ -6.725741183999958, 33.88253781200018 ], [ -6.722400951999873, 33.881647083000075 ], [ -6.718660838999938, 33.87854208300007 ], [ -6.718587722999928, 33.87792059899999 ], [ -6.717887723999922, 33.875720599000203 ], [ -6.71608772299993, 33.874920599000063 ], [ -6.714813841999955, 33.874184579000087 ] ] ] ] } },
{ "type": "Feature", "properties": { "Code_Commu": "04.481.09.05.", "Code_Provi": "04.481.", "CODE_REGIO": "04.", "nom": "Commune de Chbanate", "Marocains_": 10303, "Etrangers_": 0, "Populati_1": 10303, "Menages_": 2246, "nom_arabe": "Ш¬Щ…Ш§Ш№Ш© Ш§ШґШЁШ§Щ†Ш§ШЄ" }, "geometry": { "type": "MultiPolygon", "coordinates": [ [ [ [ -5.760987723999961, 34.354420599000036 ], [ -5.755215654999915, 34.338257412000189 ], [ -5.754672692999861, 34.336394846000132 ], [ -5.754548432999798, 34.335049118000143 ], [ -5.746111521999921, 34.334325954000178 ], [ -5.74611859599986, 34.335036775000106 ], [ -5.747061595999924, 34.341637776000141 ], [ -5.738237816999913, 34.342675867000139 ], [ -5.730084703999921, 34.333212410999977 ], [ -5.730041215999961, 34.33279927500007 ], [ -5.706576017999907, 34.330737812000109 ], [ -5.697287723999921, 34.336320599000089 ], [ -5.697149992999869, 34.331458277000138 ], [ -5.696602718999884, 34.327900992000025 ], [ -5.696187723999856, 34.327382249000038 ], [ -5.696187723999856, 34.326820599000087 ], [ -5.695287722999922, 34.325620599000104 ], [ -5.695487723999918, 34.324620599000127 ], [ -5.69558772399995, 34.324420599000121 ], [ -5.69358772399994, 34.322420599000168 ], [ -5.694187723999846, 34.321120599000096 ], [ -5.695387723999943, 34.318620599000042 ], [ -5.695787723999956, 34.317320599000084 ], [ -5.695487723999918, 34.312920599000222 ], [ -5.695687723999868, 34.31182059899993 ], [ -5.695687723999868, 34.311020599000187 ], [ -5.695287722999922, 34.310120599000186 ], [ -5.694787723999923, 34.309820599000034 ], [ -5.694687722999902, 34.309120599000039 ], [ -5.695087722999858, 34.308020599000145 ], [ -5.695687723999868, 34.307520598999986 ], [ -5.695687723999868, 34.306620599000098 ], [ -5.695687723999868, 34.305720599000097 ], [ -5.695887723999817, 34.30512059900019 ], [ -5.696287723999944, 34.304520599000114 ], [ -5.697087723999914, 34.304120599000044 ], [ -5.698687723999853, 34.303420599000049 ], [ -5.699487723999937, 34.302920599000231 ], [ -5.700187722999885, 34.302920599000231 ], [ -5.700587722999956, 34.303020598999979 ], [ -5.70128772399994, 34.302720599000168 ], [ -5.701587723999921, 34.301820599000166 ], [ -5.701587723999921, 34.299920599000131 ], [ -5.70148772399989, 34.297520599000165 ], [ -5.701187723999908, 34.295720599000106 ], [ -5.70088772399987, 34.294120599000223 ], [ -5.699987722999936, 34.29292059900024 ], [ -5.69928772399993, 34.292620599000088 ], [ -5.697687723999877, 34.29252059900017 ], [ -5.696087723999938, 34.292720599000234 ], [ -5.69498772399993, 34.292720599000234 ], [ -5.694287722999945, 34.292220599000075 ], [ -5.693987723999896, 34.29112059900018 ], [ -5.693987723999896, 34.29032059900004 ], [ -5.693887722999875, 34.289420599000039 ], [ -5.693287722999912, 34.288820599000132 ], [ -5.691887722999866, 34.287820598999986 ], [ -5.69118772399986, 34.287520599000175 ], [ -5.690487723999922, 34.287420599000086 ], [ -5.689687723999839, 34.287220599000079 ], [ -5.689587722999931, 34.287220599000079 ], [ -5.689087723999933, 34.286620599000173 ], [ -5.688987722999912, 34.286520599000085 ], [ -5.688287723999906, 34.285720599000115 ], [ -5.687587722999922, 34.284320599000125 ], [ -5.687187722999909, 34.283820599000137 ], [ -5.686187722999875, 34.283220599000231 ], [ -5.68548772399987, 34.281620599000178 ], [ -5.685087723999914, 34.280420599000195 ], [ -5.68488772399985, 34.279420599000048 ], [ -5.68528772399992, 34.278720599000224 ], [ -5.686187722999875, 34.278620599000135 ], [ -5.68728772399993, 34.278820599000142 ], [ -5.688287723999906, 34.278820599000142 ], [ -5.688587722999955, 34.278320598999983 ], [ -5.688687723999863, 34.277420598999925 ], [ -5.687687723999886, 34.2767205990001 ], [ -5.687087723999923, 34.276420599000176 ], [ -5.684087722999948, 34.276220599000112 ], [ -5.684387723999919, 34.275820599000099 ], [ -5.684387723999919, 34.275620599000035 ], [ -5.686087723999947, 34.272720599000081 ], [ -5.688087723999956, 34.268420599000081 ], [ -5.689387722999868, 34.265520599000126 ], [ -5.690487723999922, 34.263420599000142 ], [ -5.692487722999942, 34.259720599000048 ], [ -5.692887722999842, 34.258720599000071 ], [ -5.694687722999902, 34.254320598999982 ], [ -5.696187723999856, 34.250620599000115 ], [ -5.698271284999919, 34.246911904000115 ], [ -5.694378440999913, 34.236790510000048 ], [ -5.686073706999935, 34.230042914000023 ], [ -5.679066586999909, 34.226150070000187 ], [ -5.674135651999848, 34.221997703000056 ], [ -5.670387723999909, 34.219020599000146 ], [ -5.667907100999912, 34.218104859000221 ], [ -5.667128531999879, 34.217326290000187 ], [ -5.666349963999949, 34.214731061000123 ], [ -5.673097559999917, 34.202273960000127 ], [ -5.676990403999866, 34.199159684999984 ], [ -5.686687723999853, 34.19472059899999 ], [ -5.687987722999935, 34.193620598999928 ], [ -5.688487723999913, 34.193020599000022 ], [ -5.689387722999868, 34.192720599000097 ], [ -5.689787722999938, 34.192420599000116 ], [ -5.690187723999884, 34.192020599000102 ], [ -5.690887723999936, 34.191220599000133 ], [ -5.692587723999907, 34.189720599000225 ], [ -5.693787723999947, 34.188620598999989 ], [ -5.695487723999918, 34.187520599000095 ], [ -5.696487723999894, 34.186320599000112 ], [ -5.697487723999927, 34.185320599000136 ], [ -5.697687723999877, 34.185020598999984 ], [ -5.698387722999882, 34.184020599000235 ], [ -5.700387722999892, 34.181620599000041 ], [ -5.70088772399987, 34.181020599000135 ], [ -5.701587723999921, 34.180220599000222 ], [ -5.701587723999921, 34.180120599000134 ], [ -5.701676045999932, 34.180158451000239 ], [ -5.701787723999928, 34.179420599000082 ], [ -5.706316495999943, 34.179176418999987 ], [ -5.713064091999911, 34.18306926299999 ], [ -5.711687723999887, 34.189720599000225 ], [ -5.711887723999894, 34.190620599000226 ], [ -5.711715049999952, 34.191656641000179 ], [ -5.711506953999958, 34.19163351900005 ], [ -5.710850201999961, 34.192618647000188 ], [ -5.707614109999895, 34.191373995999982 ], [ -5.69930937599986, 34.195785886000124 ], [ -5.699787722999929, 34.196620599000198 ], [ -5.699987722999936, 34.198220599000081 ], [ -5.699987722999936, 34.198920599000076 ], [ -5.700087723999957, 34.199220599000228 ], [ -5.700187722999885, 34.20002059900014 ], [ -5.700287723999907, 34.201920599000118 ], [ -5.700587722999956, 34.205420598999979 ], [ -5.70088772399987, 34.208120599000097 ], [ -5.69853080799993, 34.210319170999924 ], [ -5.691004641999882, 34.21265487699992 ], [ -5.6865927529999, 34.218364382000118 ], [ -5.688787722999962, 34.2215205990002 ], [ -5.694118917999901, 34.227447684000083 ], [ -5.700347467999961, 34.229783391000183 ], [ -5.706835540999862, 34.234195280999984 ], [ -5.70813315599986, 34.243797629000085 ], [ -5.723185485999807, 34.245614290000049 ], [ -5.730452127999911, 34.247171427000183 ], [ -5.729787722999959, 34.248920599000144 ], [ -5.729787722999959, 34.252020599000105 ], [ -5.727337852999938, 34.257033299000113 ], [ -5.734487723999905, 34.265520599000126 ], [ -5.733687723999935, 34.268020599000238 ], [ -5.740833045999807, 34.278314180000052 ], [ -5.747580641999946, 34.275199904000146 ], [ -5.750435393999908, 34.278054656999984 ], [ -5.756404421999946, 34.276237996000077 ], [ -5.761687723999955, 34.276920599000164 ], [ -5.763287723999895, 34.275020599000129 ], [ -5.763487723999958, 34.274820599000122 ], [ -5.763587722999944, 34.274720599000034 ], [ -5.76458772299992, 34.273220599000069 ], [ -5.764787722999927, 34.272220599000093 ], [ -5.76598772299991, 34.268920599000069 ], [ -5.767487722999874, 34.268420599000081 ], [ -5.769987723999861, 34.267020599000091 ], [ -5.773787722999941, 34.265420599000038 ], [ -5.77618772299985, 34.264520598999979 ], [ -5.777587723999943, 34.263820598999985 ], [ -5.779087722999918, 34.262320599000077 ], [ -5.780087722999951, 34.261920599000177 ], [ -5.781387723999956, 34.261720599000171 ], [ -5.783987722999939, 34.261820599000089 ], [ -5.784587722999959, 34.262020599000095 ], [ -5.785387722999872, 34.262620599000172 ], [ -5.787587722999945, 34.262820599000236 ], [ -5.790387723999856, 34.262520599000084 ], [ -5.794857673999957, 34.262425494000126 ], [ -5.795090085999846, 34.26238122500007 ], [ -5.800004274999935, 34.261445189000085 ], [ -5.803897118999942, 34.264818987000183 ], [ -5.800263797999889, 34.273642767000183 ], [ -5.798447136999869, 34.283504638000181 ], [ -5.797668568999939, 34.295183170000143 ], [ -5.795592384999907, 34.301671244000147 ], [ -5.795587905999923, 34.301662445000034 ], [ -5.795586397999955, 34.301670845000046 ], [ -5.794867021999949, 34.301622886000075 ], [ -5.790087722999942, 34.297020599000177 ], [ -5.789984013999856, 34.297363912000094 ], [ -5.789882879999936, 34.296999831000051 ], [ -5.788325742999803, 34.296740307999983 ], [ -5.787806696999951, 34.298556968000014 ], [ -5.78443289899991, 34.309197408999978 ], [ -5.782356714999935, 34.314906913000073 ], [ -5.77976148599987, 34.327883060000147 ], [ -5.777770023999949, 34.328058535000196 ], [ -5.77704686099986, 34.328701347000106 ], [ -5.777685302999942, 34.329699721000111 ], [ -5.778982916999951, 34.331516381000142 ], [ -5.775868641999921, 34.341378253000244 ], [ -5.781025649999947, 34.349629467000113 ], [ -5.783654329999933, 34.353835354000182 ], [ -5.773532935999924, 34.353835353000136 ], [ -5.768082953999908, 34.354873445000237 ], [ -5.760987723999961, 34.354420599000036 ] ] ] ] } },
{ "type": "Feature", "properties": { "Code_Commu": "04.281.11.03.", "Code_Provi": "04.281.", "CODE_REGIO": "04.", "nom": "Commune de Chouafaa", "Marocains_": 21373, "Etrangers_": 1, "Populati_1": 21374, "Menages_": 3872, "nom_arabe": "Ш¬Щ…Ш§Ш№Ш© Ш§Щ„ШґЩ€Ш§ЩЃШ№" }, "geometry": { "type": "MultiPolygon", "coordinates": [ [ [ [ -6.066847013999961, 34.990617301000043 ], [ -6.06092945499995, 34.983960047000096 ], [ -6.062298841999905, 34.982796068000141 ], [ -6.064627928999869, 34.980816344000118 ], [ -6.073134419999917, 34.973419395000121 ], [ -6.080531368999914, 34.965097828000239 ], [ -6.084114929999942, 34.962141389000124 ], [ -6.086087722999935, 34.959620599000061 ], [ -6.08908772399991, 34.954720599000041 ], [ -6.092551410999931, 34.949009464000085 ], [ -6.0955101899998, 34.947530074000042 ], [ -6.101612672999863, 34.940133125999978 ], [ -6.101797596999916, 34.938283888000115 ], [ -6.104386528999953, 34.936619575000179 ], [ -6.105970663999926, 34.933154279000121 ], [ -6.108085002999928, 34.929407550000178 ], [ -6.110787722999873, 34.926820599000109 ], [ -6.113787723999849, 34.92322059899999 ], [ -6.114742256999875, 34.921825677000186 ], [ -6.114557332999937, 34.914798576000067 ], [ -6.112487723999948, 34.91302059899999 ], [ -6.10878772399991, 34.908320599000092 ], [ -6.108887723999885, 34.904720599000143 ], [ -6.111487723999915, 34.900620599000035 ], [ -6.111968400999956, 34.896860974999981 ], [ -6.110780834999957, 34.895308004000185 ], [ -6.109194544999866, 34.892792653000186 ], [ -6.10900962199986, 34.891683111000191 ], [ -6.109987722999961, 34.890020599000138 ], [ -6.111968400999956, 34.887060018000227 ], [ -6.113262866999946, 34.886690171000055 ], [ -6.112287723999941, 34.884120599000084 ], [ -6.112787722999826, 34.882120599000189 ], [ -6.113387722999903, 34.880120599000236 ], [ -6.11408772399983, 34.877620599000181 ], [ -6.114887722999924, 34.874620599000082 ], [ -6.115587723999852, 34.873020599000085 ], [ -6.115692132999868, 34.871141241000146 ], [ -6.118705814999942, 34.872975656000165 ], [ -6.120511400999931, 34.873253439000166 ], [ -6.125511483999901, 34.875892372000067 ], [ -6.1262059399999, 34.880475781000143 ], [ -6.12967822, 34.881031346000043 ], [ -6.134122738999906, 34.880475781000143 ], [ -6.140233951999903, 34.87547569800023 ], [ -6.143974740999909, 34.874990899000181 ], [ -6.145144353999854, 34.874839319999978 ], [ -6.149539662999928, 34.878947977999928 ], [ -6.152734159999909, 34.883670279000171 ], [ -6.163572323999858, 34.888329676000126 ], [ -6.167456627999911, 34.890198166000175 ], [ -6.17315116799989, 34.889642601000105 ], [ -6.179679053999905, 34.892698207000137 ], [ -6.191068132999931, 34.893670446000044 ], [ -6.191718192999872, 34.895320599000229 ], [ -6.192734827999857, 34.897976073000223 ], [ -6.194887722999908, 34.899328131000175 ], [ -6.197040454999865, 34.900337224000111 ], [ -6.201623864999931, 34.902142809000168 ], [ -6.212596269999892, 34.905476198000201 ], [ -6.220513068999935, 34.903948395000043 ], [ -6.226207607999925, 34.904226177999988 ], [ -6.228429866999932, 34.908115130999988 ], [ -6.228429866999932, 34.913392997000074 ], [ -6.226216831999864, 34.91395498899999 ], [ -6.224124239999924, 34.914920800000232 ], [ -6.223846457999855, 34.9183930799999 ], [ -6.223849628999858, 34.918405764000113 ], [ -6.224540913999931, 34.921170905000224 ], [ -6.223667083999942, 34.923260279000033 ], [ -6.221763089999854, 34.928115465000133 ], [ -6.222874218999948, 34.932143310000242 ], [ -6.224987912999893, 34.933411526000043 ], [ -6.225067499999909, 34.933459278000043 ], [ -6.230513235999922, 34.936726720000081 ], [ -6.250652459999912, 34.942699041000139 ], [ -6.262319321999883, 34.946032430000116 ], [ -6.269447396999908, 34.943613976000222 ], [ -6.269046096999944, 34.944744913000079 ], [ -6.267569859999924, 34.947978574999979 ], [ -6.266093621999914, 34.95079045599999 ], [ -6.26553124599991, 34.952196395999977 ], [ -6.264547087999915, 34.954516197000146 ], [ -6.263173861999917, 34.95716911400018 ], [ -6.262673862999918, 34.958469114000138 ], [ -6.260188672999902, 34.963022135000131 ], [ -6.259462970999891, 34.964880005000225 ], [ -6.258762971999886, 34.966480005000108 ], [ -6.25681441699993, 34.97131718300011 ], [ -6.2560411499999, 34.972723123000094 ], [ -6.255267882999874, 34.974832032999984 ], [ -6.254424318999895, 34.976730052000221 ], [ -6.25351045799988, 34.978487477999977 ], [ -6.252315408999948, 34.9803854970001 ], [ -6.251331250999954, 34.982283517000099 ], [ -6.249784715999908, 34.986290446000055 ], [ -6.249081745999888, 34.987626089000173 ], [ -6.248238181999909, 34.989945891000104 ], [ -6.247113429999956, 34.991843910000227 ], [ -6.246058973999936, 34.994023116999927 ], [ -6.24380947099985, 34.999225096000202 ], [ -6.243176796999933, 35.000982521000083 ], [ -6.242611238999928, 35.001799440000241 ], [ -6.240187722999849, 35.000920599000096 ], [ -6.238387723999949, 35.000020599000038 ], [ -6.219409081999856, 34.995240394000234 ], [ -6.214601064999954, 34.997089631000165 ], [ -6.207019192999951, 34.995240394000234 ], [ -6.203875489999916, 34.993021309000198 ], [ -6.197588082999914, 34.992651462000083 ], [ -6.193334837999942, 34.991726843000038 ], [ -6.191823151999927, 34.990971000000116 ], [ -6.185752964999949, 34.988768064000112 ], [ -6.183387723999942, 34.989420599000141 ], [ -6.182287722999945, 34.989520599000116 ], [ -6.180687722999892, 34.989920599000129 ], [ -6.179287723999948, 34.990220599000111 ], [ -6.174587722999945, 34.991020599000194 ], [ -6.144124553999859, 34.995844543000203 ], [ -6.138227568999923, 34.997274555000047 ], [ -6.127501993999942, 35.010773986000117 ], [ -6.116591493999863, 35.011698604999935 ], [ -6.100503130999925, 35.015397079000081 ], [ -6.100374746999933, 35.016314111000099 ], [ -6.09878772299993, 35.015520599000183 ], [ -6.09755507899996, 35.014816231000168 ], [ -6.07387411499991, 35.00763028300014 ], [ -6.058340522999856, 34.998384096999985 ], [ -6.066847013999961, 34.990617301000043 ] ] ] ] } },
{ "type": "Feature", "properties": { "Code_Commu": "04.491.05.05.", "Code_Provi": "04.491.", "CODE_REGIO": "04.", "nom": "Commune de Dar Bel Amri", "Marocains_": 32869, "Etrangers_": 4, "Populati_1": 32873, "Menages_": 6780, "nom_arabe": "Ш¬Щ…Ш§Ш№Ш© ШЇШ§Ш± ШЁЩ„Ш№Ш§Щ…Ш±ЩЉ" }, "geometry": { "type": "MultiPolygon", "coordinates": [ [ [ [ -6.055849035999927, 34.094271369000182 ], [ -6.055836008999961, 34.094191742000078 ], [ -6.055857912999954, 34.094190589000107 ], [ -6.055849035999927, 34.094271369000182 ] ] ], [ [ [ -5.94808772399989, 34.261020599000119 ], [ -5.948337729999878, 34.262645635000126 ], [ -5.948187722999933, 34.261820599000089 ], [ -5.94808772399989, 34.261020599000119 ] ] ], [ [ [ -5.94808772399989, 34.261020599000119 ], [ -5.947987722999869, 34.260420599000042 ], [ -5.950008530999924, 34.255735684000115 ], [ -5.947987651999938, 34.253714805000129 ], [ -5.948387722999939, 34.253220599000088 ], [ -5.94868772399991, 34.25292059899999 ], [ -5.949087723999924, 34.252520599000093 ], [ -5.949687723999944, 34.251820599000098 ], [ -5.94988772399995, 34.251420599000198 ], [ -5.94988772399995, 34.25132059900011 ], [ -5.949587722999922, 34.251120599000103 ], [ -5.949553962999801, 34.251086838999981 ], [ -5.950008530999924, 34.25002618000002 ], [ -5.947413301999859, 34.247949996000045 ], [ -5.945856163999906, 34.245354766999981 ], [ -5.943076040999927, 34.249432281000168 ], [ -5.941963319999957, 34.251064271000018 ], [ -5.941773174999923, 34.250620599000115 ], [ -5.941184750999923, 34.249247610999987 ], [ -5.940526654999928, 34.250234756000225 ], [ -5.94026275199991, 34.250630610000144 ], [ -5.939887723999902, 34.250020599000038 ], [ -5.937850643999923, 34.249586953000176 ], [ -5.941444273999821, 34.241980969000224 ], [ -5.947694099999921, 34.235582338000086 ], [ -5.948587722999946, 34.23022059900012 ], [ -5.949187722999852, 34.222520599000177 ], [ -5.952187723999941, 34.213020599000174 ], [ -5.951987723999821, 34.203420599000083 ], [ -5.953387723999924, 34.199820599000134 ], [ -5.954090540999914, 34.199286458000074 ], [ -5.954160897999941, 34.196823978000225 ], [ -5.959279072999948, 34.194565960000091 ], [ -5.962887722999938, 34.187020599000107 ], [ -5.966187723999951, 34.188020599000083 ], [ -5.966587723999908, 34.187520599000095 ], [ -5.966687722999893, 34.186220599000137 ], [ -5.966287722999937, 34.183620599000164 ], [ -5.968987722999884, 34.182420599000181 ], [ -5.968787722999934, 34.180920599000046 ], [ -5.967187723999814, 34.179320599000164 ], [ -5.966987723999864, 34.178320599000187 ], [ -5.967087723999953, 34.176920599000198 ], [ -5.966487722999887, 34.176420599000039 ], [ -5.965287722999904, 34.176420599000039 ], [ -5.963387723999915, 34.176820599000109 ], [ -5.961087723999924, 34.175820599000133 ], [ -5.958487723999951, 34.17422059900008 ], [ -5.958987722999893, 34.172520599000109 ], [ -5.96148772399988, 34.171320599000126 ], [ -5.964187723999942, 34.170220599000231 ], [ -5.965787723999881, 34.169020599000078 ], [ -5.967787723999891, 34.168720599000096 ], [ -5.968287723999879, 34.168220599000108 ], [ -5.967987723999897, 34.167620599000031 ], [ -5.966287722999937, 34.166020598999978 ], [ -5.96368772299985, 34.164020599000082 ], [ -5.963887722999857, 34.163520599000094 ], [ -5.966587723999908, 34.161920599000041 ], [ -5.967587723999941, 34.161220599000046 ], [ -5.967487723999852, 34.160020599000234 ], [ -5.966887722999957, 34.159120599000175 ], [ -5.96608772299993, 34.158120599000029 ], [ -5.963887722999857, 34.157720599000186 ], [ -5.960187722999876, 34.157920599000192 ], [ -5.957687723999925, 34.157920599000192 ], [ -5.955387723999934, 34.15802059900011 ], [ -5.953787723999881, 34.156820599000127 ], [ -5.953787723999881, 34.155720599000233 ], [ -5.955687722999869, 34.155420599000138 ], [ -5.957087723999905, 34.154920598999979 ], [ -5.958987722999893, 34.152020599000195 ], [ -5.962287723999907, 34.149520599000084 ], [ -5.959870402999911, 34.145957483000132 ], [ -5.95805374199989, 34.14465986800019 ], [ -5.95978772299992, 34.142520599000193 ], [ -5.96038772299994, 34.142120599000123 ], [ -5.956496603999938, 34.140507501000229 ], [ -5.956237081999859, 34.138950364000095 ], [ -5.959887723999941, 34.134620599000073 ], [ -5.961587723999912, 34.130820599000231 ], [ -5.961624966999864, 34.1299267670002 ], [ -5.957794218999936, 34.12960753800013 ], [ -5.955977558999905, 34.129088492000164 ], [ -5.953901374999873, 34.126493262999929 ], [ -5.953252869999858, 34.12476391600012 ], [ -5.949936061999949, 34.122988723000049 ], [ -5.947932347999938, 34.124157556000227 ], [ -5.94611568699986, 34.124157556000227 ], [ -5.946187723999913, 34.121620599000039 ], [ -5.945787723999842, 34.11942059900008 ], [ -5.946887723999907, 34.115120599000079 ], [ -5.946787722999886, 34.113720599000089 ], [ -5.947187722999956, 34.11152059900013 ], [ -5.950587722999956, 34.106320599000071 ], [ -5.949987722999879, 34.10502059900017 ], [ -5.96114170099986, 34.104159288000233 ], [ -5.962725154999873, 34.090160052000101 ], [ -5.988936970999816, 34.085748162000129 ], [ -6.009439282999949, 34.084450547000131 ], [ -6.030470707999882, 34.090305197000134 ], [ -6.048886768999864, 34.096129080000196 ], [ -6.055849035999927, 34.094271369000182 ], [ -6.059791083999869, 34.102352565999979 ], [ -6.063141823999842, 34.102352565999979 ], [ -6.100053754999919, 34.122309017000134 ], [ -6.137926056999845, 34.141990218999979 ], [ -6.161389908999865, 34.147719765000147 ], [ -6.193857333999915, 34.157541842999933 ], [ -6.202547875999926, 34.161887114000194 ], [ -6.202588069999877, 34.161907211000198 ], [ -6.195494346999851, 34.175548986000138 ], [ -6.190856142999849, 34.179641517999983 ], [ -6.19112897899987, 34.184825392999983 ], [ -6.18676361099989, 34.188099419000196 ], [ -6.184035255999959, 34.194374635000145 ], [ -6.178912416999935, 34.197492885000088 ], [ -6.169574973999943, 34.209107752000193 ], [ -6.165209605999905, 34.210199094000245 ], [ -6.161662744999887, 34.212927449000119 ], [ -6.159207224999932, 34.215110133000223 ], [ -6.158934389999899, 34.219202666000172 ], [ -6.143928437999875, 34.226842060000081 ], [ -6.139835904999927, 34.233390112000222 ], [ -6.13601620799983, 34.236118466999926 ], [ -6.134106359999919, 34.237209808999978 ], [ -6.132742181999902, 34.243212190000236 ], [ -6.129468155999916, 34.248123229000043 ], [ -6.127558307999891, 34.251942926000197 ], [ -6.127558307999891, 34.25357993900019 ], [ -6.130286662999936, 34.26094649700002 ], [ -6.130311015999951, 34.261025646000121 ], [ -6.131587722999939, 34.263820598999985 ], [ -6.13248772399993, 34.265120599000113 ], [ -6.112587722999876, 34.270120599000052 ], [ -6.090687723999906, 34.272920599000088 ], [ -6.079487723999875, 34.274420599000223 ], [ -6.06818772299988, 34.272320599000182 ], [ -6.064787723999927, 34.271720599000105 ], [ -6.05738772299992, 34.270420599000204 ], [ -6.044987722999849, 34.267820599000174 ], [ -6.040887722999912, 34.267120599000179 ], [ -6.027887723999925, 34.267020599000091 ], [ -6.020187723999925, 34.267020599000091 ], [ -6.008487722999917, 34.267020599000091 ], [ -5.998587723999947, 34.267120599000179 ], [ -5.991887723999866, 34.267220599000098 ], [ -5.980387722999865, 34.267120599000179 ], [ -5.967687723999859, 34.267020599000091 ], [ -5.959601883999937, 34.267086338000126 ], [ -5.94808772399989, 34.261020599000119 ] ] ] ] } },
{ "type": "Feature", "properties": { "Code_Commu": "04.481.01.01.", "Code_Provi": "04.481.", "CODE_REGIO": "04.", "nom": "Commune de Dar Gueddari", "Marocains_": 7825, "Etrangers_": 1, "Populati_1": 7826, "Menages_": 1728, "nom_arabe": "Ш¬Щ…Ш§Ш№Ш© ШЇШ§Ш± Ш§Щ„ЩѓШЇШ§Ш±ЩЉ" }, "geometry": { "type": "MultiPolygon", "coordinates": [ [ [ [ -6.057956805999822, 34.429698730000041 ], [ -6.058999037999911, 34.426681742000198 ], [ -6.059884170999851, 34.424119513000221 ], [ -6.060646500999951, 34.421912769000016 ], [ -6.055267109999932, 34.420780265000133 ], [ -6.057887723999954, 34.413020599000049 ], [ -6.058387722999953, 34.412820599000042 ], [ -6.059400272999881, 34.412720599000124 ], [ -6.072396223999931, 34.411437112000044 ], [ -6.092483657999935, 34.413643273000048 ], [ -6.092687723999859, 34.413665685000126 ], [ -6.092737203999945, 34.413671119000242 ], [ -6.093187723999904, 34.413720599000101 ], [ -6.093187723999904, 34.414520599000184 ], [ -6.095287722999956, 34.41512059900009 ], [ -6.098087723999924, 34.41772059900012 ], [ -6.100687723999897, 34.41952059900018 ], [ -6.10188772399988, 34.419220599000028 ], [ -6.102187722999929, 34.418320599000197 ], [ -6.103787723999915, 34.41772059900012 ], [ -6.106287722999866, 34.41772059900012 ], [ -6.108487723999929, 34.419820598999934 ], [ -6.112287723999941, 34.422020599000064 ], [ -6.112087723999878, 34.422520599000222 ], [ -6.109087723999949, 34.423320599000192 ], [ -6.10588772299991, 34.424020599000187 ], [ -6.103087723999863, 34.424620599000093 ], [ -6.101487723999924, 34.4248205990001 ], [ -6.101187722999953, 34.424920599000018 ], [ -6.101187722999953, 34.4248205990001 ], [ -6.100687723999897, 34.424920599000018 ], [ -6.099787722999849, 34.42502059899999 ], [ -6.099687723999921, 34.42502059899999 ], [ -6.099387722999893, 34.425120599000081 ], [ -6.099287723999907, 34.42502059899999 ], [ -6.095487722999906, 34.425520598999924 ], [ -6.09398772399993, 34.425820599000076 ], [ -6.092087723999953, 34.426020599000083 ], [ -6.091987723999921, 34.426020599000083 ], [ -6.089387722999902, 34.426420598999982 ], [ -6.086187723999899, 34.427220599000123 ], [ -6.085587723999936, 34.427220599000123 ], [ -6.084987723999916, 34.427420599000129 ], [ -6.083687722999912, 34.427520599000047 ], [ -6.083487722999905, 34.427520599000047 ], [ -6.08118772399996, 34.427720599000054 ], [ -6.080987722999907, 34.427620599000136 ], [ -6.080987722999907, 34.427720599000054 ], [ -6.080887723999808, 34.427620599000136 ], [ -6.080387722999888, 34.427720599000054 ], [ -6.079087723999919, 34.427820599000199 ], [ -6.078987722999898, 34.427820599000199 ], [ -6.078587722999941, 34.427920599000117 ], [ -6.078587722999941, 34.427820599000199 ], [ -6.078087723999943, 34.427920599000117 ], [ -6.077087723999909, 34.428120599000124 ], [ -6.076687723999953, 34.428120599000124 ], [ -6.07648772399989, 34.428220599000042 ], [ -6.07648772399989, 34.428120599000124 ], [ -6.076387723999801, 34.428220599000042 ], [ -6.07628772399994, 34.428120599000124 ], [ -6.075187723999875, 34.428420599000106 ], [ -6.073687722999864, 34.428520599000194 ], [ -6.073187723999865, 34.428620599000112 ], [ -6.071987723999882, 34.428820599000119 ], [ -6.071787723999932, 34.428820599000119 ], [ -6.071187723999856, 34.428920599000094 ], [ -6.070787723999899, 34.429020599000182 ], [ -6.070487723999861, 34.429020599000182 ], [ -6.070387723999943, 34.429020599000182 ], [ -6.070287723999911, 34.429020599000182 ], [ -6.069587722999927, 34.429020599000182 ], [ -6.069387722999863, 34.429020599000182 ], [ -6.069087723999928, 34.4291205990001 ], [ -6.068587722999951, 34.429020599000182 ], [ -6.068487723999851, 34.4291205990001 ], [ -6.068487723999851, 34.429020599000182 ], [ -6.066587722999941, 34.4291205990001 ], [ -6.066487723999899, 34.4291205990001 ], [ -6.066387722999934, 34.4291205990001 ], [ -6.066287723999892, 34.4291205990001 ], [ -6.065587723999954, 34.429020599000182 ], [ -6.063987723999844, 34.429220599000189 ], [ -6.059587723999925, 34.42952059900017 ], [ -6.059487723999837, 34.42952059900017 ], [ -6.057956805999822, 34.429698730000041 ] ] ] ] } },
{ "type": "Feature", "properties": { "Code_Commu": "04.481.11.03.", "Code_Provi": "04.481.", "CODE_REGIO": "04.", "nom": "Commune de Dar Laaslouji", "Marocains_": 36071, "Etrangers_": 1, "Populati_1": 36072, "Menages_": 7170, "nom_arabe": "Ш¬Щ…Ш§Ш№Ш© ШЇШ§Ш± Ш§Щ„Ш№ШіЩ„Щ€Ш¬ЩЉ" }, "geometry": { "type": "MultiPolygon", "coordinates": [ [ [ [ -5.885646842999961, 34.40522089500007 ], [ -5.870334989999947, 34.39535902300014 ], [ -5.867351184999961, 34.392076838000094 ], [ -5.862882598999931, 34.388712500999986 ], [ -5.857618365999883, 34.3818638300001 ], [ -5.860992078999914, 34.373218691000034 ], [ -5.854787723999891, 34.371620598999982 ], [ -5.858387723999954, 34.363320599000133 ], [ -5.860687723999945, 34.356620599000166 ], [ -5.860887723999952, 34.3542205990002 ], [ -5.861887723999928, 34.35122059899993 ], [ -5.863287723999917, 34.346020599000099 ], [ -5.86358772299991, 34.346420599000169 ], [ -5.863887723999937, 34.346820599000239 ], [ -5.86468772399985, 34.346720598999923 ], [ -5.866487722999921, 34.347320599000227 ], [ -5.866887722999934, 34.347020599000075 ], [ -5.867587723999918, 34.346920598999986 ], [ -5.86868772299988, 34.346920598999986 ], [ -5.869187723999858, 34.347420599000145 ], [ -5.869187723999858, 34.348020599000222 ], [ -5.868287722999924, 34.348020599000222 ], [ -5.868287722999924, 34.348720599000046 ], [ -5.868087722999917, 34.349120599000116 ], [ -5.868087722999917, 34.3499205990002 ], [ -5.869387723999921, 34.350120599000093 ], [ -5.868487722999873, 34.350920599000176 ], [ -5.869787723999877, 34.351820599000234 ], [ -5.870987722999928, 34.351820599000234 ], [ -5.871187722999878, 34.353020599000047 ], [ -5.871987722999904, 34.353120599000135 ], [ -5.872887723999952, 34.353020599000047 ], [ -5.873787722999907, 34.353220599000224 ], [ -5.873787722999907, 34.354020599000194 ], [ -5.87538772399995, 34.3546205990001 ], [ -5.875987723999856, 34.35382059900013 ], [ -5.876587723999933, 34.353520599000035 ], [ -5.877587723999909, 34.353720599000042 ], [ -5.877791681999895, 34.353822578000234 ], [ -5.879158769999947, 34.352797262000138 ], [ -5.882013521999909, 34.350721078000106 ], [ -5.885127796999825, 34.348904418000075 ], [ -5.890837301999909, 34.347606803000076 ], [ -5.891883789999952, 34.347471772000176 ], [ -5.902515833999928, 34.346309188000077 ], [ -5.903553925999915, 34.344752051000114 ], [ -5.920087722999881, 34.338720599000055 ], [ -5.924187723999921, 34.337920599000142 ], [ -5.933587723999892, 34.335720599000183 ], [ -5.937887723999893, 34.334420599000111 ], [ -5.939687723999953, 34.334420599000111 ], [ -5.941487722999852, 34.33372059900006 ], [ -5.943287722999912, 34.333520599000224 ], [ -5.946087723999881, 34.333320599000047 ], [ -5.948387722999939, 34.333220599000128 ], [ -5.949087723999924, 34.3345205990002 ], [ -5.949187722999852, 34.336720598999989 ], [ -5.94988772399995, 34.339220599000043 ], [ -5.950587722999956, 34.340720599000178 ], [ -5.951287723999883, 34.342420598999979 ], [ -5.952587723999898, 34.345320599000104 ], [ -5.95268772299994, 34.346520599000087 ], [ -5.953487722999853, 34.348420599000121 ], [ -5.953587723999931, 34.350220599000181 ], [ -5.953587723999931, 34.351920598999982 ], [ -5.95268772299994, 34.352720599000236 ], [ -5.951287723999883, 34.352720599000236 ], [ -5.950887723999926, 34.350920599000176 ], [ -5.950887723999926, 34.350520599000106 ], [ -5.9500877239999, 34.350420599000188 ], [ -5.949787722999929, 34.350620599000024 ], [ -5.949287723999873, 34.351320599000076 ], [ -5.949287723999873, 34.352420599000141 ], [ -5.950587722999956, 34.353320599000142 ], [ -5.952487722999876, 34.354120599000112 ], [ -5.955087722999906, 34.354920599000195 ], [ -5.954587723999907, 34.356120599000178 ], [ -5.954187723999951, 34.357020599000236 ], [ -5.955687722999869, 34.358620599000119 ], [ -5.957587722999961, 34.357820598999979 ], [ -5.958487723999951, 34.357920599000067 ], [ -5.958587722999937, 34.359220599000196 ], [ -5.95838772299993, 34.360920599000167 ], [ -5.957687723999925, 34.36252059900005 ], [ -5.957887723999931, 34.363420599000222 ], [ -5.959487723999871, 34.365020599000104 ], [ -5.960787722999896, 34.366420598999923 ], [ -5.962387723999939, 34.365320599000086 ], [ -5.963487722999901, 34.364820599000097 ], [ -5.965387723999925, 34.364920599000186 ], [ -5.966187723999951, 34.364720599000179 ], [ -5.966187723999951, 34.364220599000191 ], [ -5.96548772299991, 34.36352059900014 ], [ -5.963087722999944, 34.363220599000044 ], [ -5.962587723999945, 34.363020598999981 ], [ -5.963987723999878, 34.360420599000179 ], [ -5.965287722999904, 34.359920599000191 ], [ -5.966687722999893, 34.358420599000056 ], [ -5.967687723999859, 34.357820598999979 ], [ -5.969287723999912, 34.358220599000049 ], [ -5.9711877229999, 34.358720599000037 ], [ -5.974687722999874, 34.359620599000039 ], [ -5.975687722999908, 34.360020599000109 ], [ -5.976387723999949, 34.360420599000179 ], [ -5.976187723999828, 34.361120599000174 ], [ -5.976387723999949, 34.362320598999986 ], [ -5.976487722999934, 34.363420599000222 ], [ -5.976287722999928, 34.364320599000109 ], [ -5.976187723999828, 34.365020599000104 ], [ -5.976987723999912, 34.365220599000111 ], [ -5.978187723999952, 34.365420599000174 ], [ -5.979087723999953, 34.366320599000176 ], [ -5.980287723999936, 34.366320599000176 ], [ -5.981487723999919, 34.366320599000176 ], [ -5.982887723999852, 34.365720599000099 ], [ -5.983287723999922, 34.364920599000186 ], [ -5.984087723999949, 34.365220599000111 ], [ -5.984987723999893, 34.36602059900008 ], [ -5.985587723999913, 34.36602059900008 ], [ -5.986087722999855, 34.365220599000111 ], [ -5.98638772399994, 34.364720599000179 ], [ -5.986687722999875, 34.364620599000034 ], [ -5.987187723999853, 34.364720599000179 ], [ -5.987587723999923, 34.365220599000111 ], [ -5.988087722999865, 34.366120599000169 ], [ -5.989087723999944, 34.366120599000169 ], [ -5.989987722999956, 34.365620599000181 ], [ -5.991187722999882, 34.365120599000193 ], [ -5.99208772399993, 34.365320599000086 ], [ -5.994487723999896, 34.366520599000069 ], [ -5.99548772299994, 34.366620598999987 ], [ -5.996387723999874, 34.366620598999987 ], [ -5.997487722999949, 34.36602059900008 ], [ -5.998387723999883, 34.365420599000174 ], [ -5.998787723999953, 34.365120599000193 ], [ -5.99918772399991, 34.364320599000109 ], [ -5.999687723999898, 34.363420599000222 ], [ -5.999287722999952, 34.361820599000168 ], [ -5.99918772399991, 34.361320599000237 ], [ -5.99918772399991, 34.360520599000097 ], [ -5.999287722999952, 34.360120599000027 ], [ -5.99938772399986, 34.359820599000102 ], [ -6.000187723999886, 34.359820599000102 ], [ -6.003887723999867, 34.361220599000092 ], [ -6.00548772399992, 34.361220599000092 ], [ -6.006187723999915, 34.360120599000027 ], [ -6.00748772299994, 34.359720599000184 ], [ -6.008787723999944, 34.360520599000097 ], [ -6.009387723999851, 34.361020599000085 ], [ -6.009887722999906, 34.361120599000174 ], [ -6.010887723999872, 34.360920599000167 ], [ -6.011887723999905, 34.359920599000191 ], [ -6.012287723999918, 34.359420599000202 ], [ -6.014587722999863, 34.359420599000202 ], [ -6.016987723999932, 34.359620599000039 ], [ -6.018387723999865, 34.359420599000202 ], [ -6.019487722999941, 34.358420599000056 ], [ -6.02108772299988, 34.358120599000131 ], [ -6.022487723999916, 34.359120599000107 ], [ -6.023187722999921, 34.359120599000107 ], [ -6.024387722999904, 34.358720599000037 ], [ -6.025787722999894, 34.358620599000119 ], [ -6.02718772399993, 34.358720599000037 ], [ -6.028187723999906, 34.358720599000037 ], [ -6.028587723999863, 34.358520599000201 ], [ -6.029187723999939, 34.357420599000136 ], [ -6.029287722999868, 34.356620599000166 ], [ -6.029987723999909, 34.356320599000242 ], [ -6.030587723999872, 34.356220598999926 ], [ -6.031787723999855, 34.356220598999926 ], [ -6.032587723999882, 34.356920598999977 ], [ -6.03348772399994, 34.358020599000042 ], [ -6.034387722999952, 34.358420599000056 ], [ -6.035387722999928, 34.358720599000037 ], [ -6.036587722999911, 34.359720599000184 ], [ -6.037287723999953, 34.360620599000185 ], [ -6.037387722999938, 34.362120598999979 ], [ -6.037087723999889, 34.363820599000121 ], [ -6.037487723999959, 34.365620599000181 ], [ -6.037687723999909, 34.367120599000145 ], [ -6.037787723999884, 34.368520599000135 ], [ -6.038287723999872, 34.370820599000183 ], [ -6.038687723999942, 34.372620599000129 ], [ -6.03918772399993, 34.373620599000049 ], [ -6.039887722999936, 34.372820599000136 ], [ -6.040887722999912, 34.372620599000129 ], [ -6.04118772399994, 34.372620599000129 ], [ -6.041587723999896, 34.3743205990001 ], [ -6.041987723999853, 34.375120599000184 ], [ -6.043187723999949, 34.375520599000083 ], [ -6.043987723999862, 34.375520599000083 ], [ -6.045287723999877, 34.37532059900002 ], [ -6.046187722999946, 34.376020599000071 ], [ -6.046087723999904, 34.377220599000225 ], [ -6.044687723999914, 34.377920599000049 ], [ -6.044687723999914, 34.378920599000196 ], [ -6.046287723999853, 34.380320599000186 ], [ -6.048287723999863, 34.380220599000097 ], [ -6.049287723999896, 34.380420598999933 ], [ -6.05048772299989, 34.381120598999985 ], [ -6.051287722999916, 34.381720599000232 ], [ -6.055087723999918, 34.38322059900014 ], [ -6.058387722999953, 34.384820599000193 ], [ -6.059087723999937, 34.386620599000082 ], [ -6.059687723999957, 34.386820599000146 ], [ -6.061287722999907, 34.386720599000228 ], [ -6.062187723999955, 34.386720599000228 ], [ -6.062587723999911, 34.386720599000228 ], [ -6.06268772299984, 34.387220598999988 ], [ -6.06268772299984, 34.388020599000129 ], [ -6.060687722999887, 34.388720599000123 ], [ -6.060787723999908, 34.389920599000106 ], [ -6.06268772299984, 34.391320598999982 ], [ -6.064987723999877, 34.391420599000071 ], [ -6.066887723999912, 34.392620599000225 ], [ -6.067787722999924, 34.393920599000126 ], [ -6.070787723999899, 34.395620598999926 ], [ -6.073787723999942, 34.396920599000225 ], [ -6.076687723999953, 34.396120599000085 ], [ -6.078287723999949, 34.39622059900023 ], [ -6.082787723999957, 34.39672059899999 ], [ -6.086687723999887, 34.398120599000038 ], [ -6.091387722999855, 34.400520599000174 ], [ -6.093387723999854, 34.403820599000198 ], [ -6.09418772399988, 34.407820599000047 ], [ -6.095787723999933, 34.408320599000035 ], [ -6.097587723999936, 34.408220599000117 ], [ -6.097687723999911, 34.408920599000112 ], [ -6.096987723999916, 34.410220599000183 ], [ -6.094787723999957, 34.410220599000183 ], [ -6.093587723999917, 34.410220599000183 ], [ -6.093287722999946, 34.412120599000048 ], [ -6.093187723999904, 34.413720599000101 ], [ -6.092737203999945, 34.413671119000242 ], [ -6.092687723999859, 34.413665685000126 ], [ -6.092483657999935, 34.413643273000048 ], [ -6.072396223999931, 34.411437112000044 ], [ -6.059400272999881, 34.412720599000124 ], [ -6.058387722999953, 34.412820599000042 ], [ -6.057887723999954, 34.413020599000049 ], [ -6.055267109999932, 34.420780265000133 ], [ -6.060646500999951, 34.421912769000016 ], [ -6.059884170999851, 34.424119513000221 ], [ -6.053039135999882, 34.424425592000034 ], [ -6.047070108999947, 34.426501775000133 ], [ -6.045253447999812, 34.42961605 ], [ -6.0451398099999, 34.429820599000095 ], [ -6.044087723999894, 34.429820599000095 ], [ -6.041087722999919, 34.4291205990001 ], [ -6.036287723999862, 34.428220599000042 ], [ -6.028187723999906, 34.426420598999982 ], [ -6.019387723999898, 34.4248205990001 ], [ -6.011487723999949, 34.42382059900018 ], [ -5.9711877229999, 34.414920599000084 ], [ -5.969587722999961, 34.414820599000166 ], [ -5.967487723999852, 34.414220599000032 ], [ -5.962787723999895, 34.412920599000131 ], [ -5.958787722999944, 34.411520599000141 ], [ -5.958087723999938, 34.411320599000078 ], [ -5.955687722999869, 34.410620599000083 ], [ -5.951387723999915, 34.409120599000119 ], [ -5.944587723999916, 34.406320599000082 ], [ -5.934587723999869, 34.40152059899998 ], [ -5.926087723999842, 34.397420599000043 ], [ -5.923587723999958, 34.39672059899999 ], [ -5.922816028999932, 34.396206135999989 ], [ -5.899661081999909, 34.407556601000238 ], [ -5.90225631099986, 34.411708968000141 ], [ -5.910765642999934, 34.42806473100012 ], [ -5.910880752999958, 34.428285986000049 ], [ -5.912215269999933, 34.430851056000165 ], [ -5.912321352999868, 34.431078375000084 ], [ -5.912363714999913, 34.431256612000197 ], [ -5.914194365999947, 34.438958876000129 ], [ -5.902515833999928, 34.431173188000173 ], [ -5.901090170999908, 34.422481084000083 ], [ -5.885646842999961, 34.40522089500007 ] ] ] ] } },
{ "type": "Feature", "properties": { "Code_Commu": "04.291.03.09.", "Code_Provi": "04.291.", "CODE_REGIO": "04.", "nom": "Commune d'El Ganzra", "Marocains_": 13790, "Etrangers_": 2, "Populati_1": 13792, "Menages_": 3015, "nom_arabe": "Ш¬Щ…Ш§Ш№Ш© Ш§Щ„ЩѓЩ†ШІШ±Ш©" }, "geometry": { "type": "MultiPolygon", "coordinates": [ [ [ [ -5.951387723999915, 34.099220599000091 ], [ -5.914453888999958, 34.092495758000098 ], [ -5.910035813999855, 34.092578064000179 ], [ -5.907187246999911, 34.092236236000133 ], [ -5.882792090999942, 34.10339572200013 ], [ -5.868258806999961, 34.085229116000164 ], [ -5.853985044999945, 34.064467282000237 ], [ -5.832704164999939, 34.050453043000232 ], [ -5.81220185299992, 34.04526258400017 ], [ -5.806087723999951, 34.035520599000165 ], [ -5.798827544999881, 34.024300027000095 ], [ -5.809668174999956, 34.020555082000101 ], [ -5.813216017999878, 34.01444490900019 ], [ -5.820533473999944, 34.01286663400009 ], [ -5.833320459999868, 34.010108656000114 ], [ -5.850862570999936, 34.009517349000134 ], [ -5.865053940999871, 34.011882577999984 ], [ -5.877865594999889, 34.008728940000196 ], [ -5.886932304999902, 34.009911553999984 ], [ -5.893830886999865, 34.007152121000047 ], [ -5.906642541999872, 34.005575302000238 ], [ -5.91383246699985, 34.004160890000094 ], [ -5.924578856999858, 34.001830357000244 ], [ -5.939952841999855, 33.999662231000059 ], [ -5.95388200799988, 33.999155716000189 ], [ -5.974248654999883, 33.999268026000038 ], [ -5.983802234999871, 33.999528653000027 ], [ -5.988726531999873, 34.000871642999982 ], [ -5.9963241199999, 34.002224562000094 ], [ -5.999674860999903, 34.00518109699999 ], [ -6.011698104999937, 34.010108656000114 ], [ -6.028451806999897, 33.999465128000224 ], [ -6.034238972999901, 33.993112145000111 ], [ -6.037987723999947, 33.991420599000094 ], [ -6.044535229999894, 33.987889406000079 ], [ -6.050951737999924, 33.983860435999929 ], [ -6.053786938999849, 33.980577571000197 ], [ -6.053786938999849, 33.976548601000104 ], [ -6.05458772399993, 33.9749205990002 ], [ -6.05858772299996, 33.968020599000226 ], [ -6.060887722999951, 33.966420599000173 ], [ -6.066732587999923, 33.962995650000039 ], [ -6.068087723999952, 33.96092059900019 ], [ -6.069272077999926, 33.960476465999932 ], [ -6.074379452999892, 33.955806865999932 ], [ -6.081989729999862, 33.948495031000107 ], [ -6.088568029999863, 33.941911236000237 ], [ -6.096452124999928, 33.946641693000231 ], [ -6.097726249999937, 33.946736073000181 ], [ -6.101773888999958, 33.947035898000081 ], [ -6.107884061999926, 33.950780843000189 ], [ -6.110938626999939, 33.949390358000187 ], [ -6.111629006999863, 33.950386638000168 ], [ -6.114585542999919, 33.954328686000224 ], [ -6.119118897999897, 33.963986702000113 ], [ -6.115768156999934, 33.966943237000237 ], [ -6.121089920999907, 33.971082387000081 ], [ -6.123258046999922, 33.976207049000038 ], [ -6.115965259999939, 33.985273758000176 ], [ -6.111037699999883, 33.989610009999979 ], [ -6.110840597999925, 34.005575302000238 ], [ -6.104340114999957, 34.009995630000049 ], [ -6.101182581999922, 34.01247388500019 ], [ -6.097043431999907, 34.025679744000115 ], [ -6.097778549999873, 34.026491410000119 ], [ -6.10236519599988, 34.033958042999984 ], [ -6.100390017999871, 34.035933221000164 ], [ -6.081078139999931, 34.055245099000047 ], [ -6.057820059999869, 34.076335052999923 ], [ -6.055857912999954, 34.094190589000107 ], [ -6.055836008999961, 34.094191742000078 ], [ -6.055849035999927, 34.094271369000182 ], [ -6.048886768999864, 34.096129080000196 ], [ -6.030470707999882, 34.090305197000134 ], [ -6.009439282999949, 34.084450547000131 ], [ -5.988936970999816, 34.085748162000129 ], [ -5.962725154999873, 34.090160052000101 ], [ -5.96114170099986, 34.104159288000233 ], [ -5.949987722999879, 34.10502059900017 ], [ -5.951087723999933, 34.101120599000069 ], [ -5.951387723999915, 34.099220599000091 ] ] ] ] } },
{ "type": "Feature", "properties": { "Code_Commu": "04.491.03.15.", "Code_Provi": "04.491.", "CODE_REGIO": "04.", "nom": "Commune de Sfafaa", "Marocains_": 24744, "Etrangers_": 0, "Populati_1": 24744, "Menages_": 4827, "nom_arabe": "Ш¬Щ…Ш§Ш№Ш© Ш§Щ„ШµЩЃШ§ЩЃШ№Ш©" }, "geometry": { "type": "MultiPolygon", "coordinates": [ [ [ [ -5.99208772399993, 34.365320599000086 ], [ -5.991187722999882, 34.365120599000193 ], [ -5.989987722999956, 34.365620599000181 ], [ -5.989087723999944, 34.366120599000169 ], [ -5.988087722999865, 34.366120599000169 ], [ -5.987587723999923, 34.365220599000111 ], [ -5.987187723999853, 34.364720599000179 ], [ -5.986687722999875, 34.364620599000034 ], [ -5.98638772399994, 34.364720599000179 ], [ -5.986087722999855, 34.365220599000111 ], [ -5.985587723999913, 34.36602059900008 ], [ -5.984987723999893, 34.36602059900008 ], [ -5.984087723999949, 34.365220599000111 ], [ -5.983287723999922, 34.364920599000186 ], [ -5.982887723999852, 34.365720599000099 ], [ -5.981487723999919, 34.366320599000176 ], [ -5.980287723999936, 34.366320599000176 ], [ -5.979087723999953, 34.366320599000176 ], [ -5.978187723999952, 34.365420599000174 ], [ -5.976987723999912, 34.365220599000111 ], [ -5.976187723999828, 34.365020599000104 ], [ -5.976287722999928, 34.364320599000109 ], [ -5.976487722999934, 34.363420599000222 ], [ -5.976387723999949, 34.362320598999986 ], [ -5.976187723999828, 34.361120599000174 ], [ -5.976387723999949, 34.360420599000179 ], [ -5.975687722999908, 34.360020599000109 ], [ -5.974687722999874, 34.359620599000039 ], [ -5.9711877229999, 34.358720599000037 ], [ -5.969287723999912, 34.358220599000049 ], [ -5.967687723999859, 34.357820598999979 ], [ -5.966687722999893, 34.358420599000056 ], [ -5.965287722999904, 34.359920599000191 ], [ -5.963987723999878, 34.360420599000179 ], [ -5.962587723999945, 34.363020598999981 ], [ -5.963087722999944, 34.363220599000044 ], [ -5.96548772299991, 34.36352059900014 ], [ -5.966187723999951, 34.364220599000191 ], [ -5.966187723999951, 34.364720599000179 ], [ -5.965387723999925, 34.364920599000186 ], [ -5.963487722999901, 34.364820599000097 ], [ -5.962387723999939, 34.365320599000086 ], [ -5.960787722999896, 34.366420598999923 ], [ -5.959487723999871, 34.365020599000104 ], [ -5.957887723999931, 34.363420599000222 ], [ -5.957687723999925, 34.36252059900005 ], [ -5.95838772299993, 34.360920599000167 ], [ -5.958587722999937, 34.359220599000196 ], [ -5.958487723999951, 34.357920599000067 ], [ -5.957587722999961, 34.357820598999979 ], [ -5.955687722999869, 34.358620599000119 ], [ -5.954187723999951, 34.357020599000236 ], [ -5.954587723999907, 34.356120599000178 ], [ -5.955087722999906, 34.354920599000195 ], [ -5.952487722999876, 34.354120599000112 ], [ -5.950587722999956, 34.353320599000142 ], [ -5.949287723999873, 34.352420599000141 ], [ -5.949287723999873, 34.351320599000076 ], [ -5.949787722999929, 34.350620599000024 ], [ -5.9500877239999, 34.350420599000188 ], [ -5.950887723999926, 34.350520599000106 ], [ -5.950887723999926, 34.350920599000176 ], [ -5.951287723999883, 34.352720599000236 ], [ -5.95268772299994, 34.352720599000236 ], [ -5.953587723999931, 34.351920598999982 ], [ -5.953587723999931, 34.350220599000181 ], [ -5.953487722999853, 34.348420599000121 ], [ -5.95268772299994, 34.346520599000087 ], [ -5.952587723999898, 34.345320599000104 ], [ -5.951287723999883, 34.342420598999979 ], [ -5.950587722999956, 34.340720599000178 ], [ -5.94988772399995, 34.339220599000043 ], [ -5.949187722999852, 34.336720598999989 ], [ -5.949087723999924, 34.3345205990002 ], [ -5.948387722999939, 34.333220599000128 ], [ -5.946087723999881, 34.333320599000047 ], [ -5.943987723999953, 34.332020599000089 ], [ -5.943187723999927, 34.331720599000164 ], [ -5.941487722999852, 34.331920599000171 ], [ -5.940787723999961, 34.332020599000089 ], [ -5.940087723999909, 34.330720599000188 ], [ -5.939587722999931, 34.329820599000186 ], [ -5.938187722999942, 34.329420599000116 ], [ -5.935987722999869, 34.329120599000134 ], [ -5.935487723999927, 34.328720599000121 ], [ -5.935087723999857, 34.326720599000168 ], [ -5.934387723999919, 34.326120599000092 ], [ -5.933487722999871, 34.32622059900018 ], [ -5.932287722999888, 34.32662059900008 ], [ -5.931687722999925, 34.327920598999981 ], [ -5.930687722999949, 34.329420599000116 ], [ -5.928787722999857, 34.330120599000111 ], [ -5.927187722999918, 34.329420599000116 ], [ -5.927087723999875, 34.328720599000121 ], [ -5.927287723999939, 34.32802059900007 ], [ -5.927587722999874, 34.327620599000227 ], [ -5.928187722999951, 34.32742059899999 ], [ -5.929687723999962, 34.327320599000245 ], [ -5.930287722999878, 34.326720599000168 ], [ -5.930687722999949, 34.325620599000104 ], [ -5.930787723999856, 34.324920599000109 ], [ -5.930787723999856, 34.324520599000039 ], [ -5.93018772399995, 34.324220599000114 ], [ -5.929387723999923, 34.324020599000221 ], [ -5.928387722999958, 34.324120599000139 ], [ -5.927687723999952, 34.324220599000114 ], [ -5.926387722999948, 34.324220599000114 ], [ -5.925187722999908, 34.324420599000121 ], [ -5.924187723999921, 34.325220599000033 ], [ -5.923587723999958, 34.32582059900011 ], [ -5.921887722999941, 34.326820599000087 ], [ -5.921287722999864, 34.32742059899999 ], [ -5.920887722999908, 34.327520599000081 ], [ -5.920387723999909, 34.327320599000245 ], [ -5.920387723999909, 34.32662059900008 ], [ -5.920087722999881, 34.32582059900011 ], [ -5.919687722999925, 34.325120599000115 ], [ -5.919187723999926, 34.324120599000139 ], [ -5.918787723999799, 34.323220599000138 ], [ -5.919187723999926, 34.322420599000168 ], [ -5.919987723999952, 34.32222059899999 ], [ -5.922187723999912, 34.321620599000084 ], [ -5.923787723999851, 34.32092059900009 ], [ -5.924287723999953, 34.319420599000125 ], [ -5.923787723999851, 34.318620599000042 ], [ -5.920587723999859, 34.318420598999978 ], [ -5.920387723999909, 34.318020599000135 ], [ -5.920787723999922, 34.317220599000166 ], [ -5.921087722999914, 34.315920599000094 ], [ -5.921987723999905, 34.315020599000036 ], [ -5.922987723999938, 34.314120599000034 ], [ -5.92448772399996, 34.313820599000223 ], [ -5.925187722999908, 34.313820599000223 ], [ -5.925687723999943, 34.314620599000193 ], [ -5.926587722999898, 34.315920599000094 ], [ -5.927687723999952, 34.317020598999989 ], [ -5.928587722999907, 34.316620599000089 ], [ -5.929487723999955, 34.315820599000176 ], [ -5.929687723999962, 34.3148205990002 ], [ -5.928587722999907, 34.313420598999983 ], [ -5.927787722999881, 34.31262059900007 ], [ -5.927787722999881, 34.311920599000246 ], [ -5.92898772399991, 34.310820599000181 ], [ -5.929987723999943, 34.310820599000181 ], [ -5.937551429999928, 34.307640271000082 ], [ -5.953901374999873, 34.305045042000074 ], [ -5.968787722999934, 34.301120599000171 ], [ -5.986082218999854, 34.299076013999979 ], [ -5.989282992999847, 34.296230882000145 ], [ -5.995165521999922, 34.294923647000076 ], [ -6.007103576999953, 34.297518877000186 ], [ -6.027940697999952, 34.303031950000104 ], [ -6.036170144999915, 34.305564087999983 ], [ -6.044794332999913, 34.302351155000167 ], [ -6.042917741999929, 34.308937886000081 ], [ -6.042658218999918, 34.318021188999978 ], [ -6.046271795999871, 34.322176803000104 ], [ -6.047893046999889, 34.334473261000198 ], [ -6.048108199999945, 34.33748540900018 ], [ -6.051718672999868, 34.340401559000043 ], [ -6.05108772299991, 34.342420598999979 ], [ -6.047787722999885, 34.349220599000034 ], [ -6.039687722999929, 34.357220599000243 ], [ -6.037187722999931, 34.359320599000114 ], [ -6.036587722999911, 34.359720599000184 ], [ -6.035387722999928, 34.358720599000037 ], [ -6.034387722999952, 34.358420599000056 ], [ -6.03348772399994, 34.358020599000042 ], [ -6.032587723999882, 34.356920598999977 ], [ -6.031787723999855, 34.356220598999926 ], [ -6.030587723999872, 34.356220598999926 ], [ -6.029987723999909, 34.356320599000242 ], [ -6.029287722999868, 34.356620599000166 ], [ -6.029187723999939, 34.357420599000136 ], [ -6.028587723999863, 34.358520599000201 ], [ -6.028187723999906, 34.358720599000037 ], [ -6.02718772399993, 34.358720599000037 ], [ -6.025787722999894, 34.358620599000119 ], [ -6.024387722999904, 34.358720599000037 ], [ -6.023187722999921, 34.359120599000107 ], [ -6.022487723999916, 34.359120599000107 ], [ -6.02108772299988, 34.358120599000131 ], [ -6.019487722999941, 34.358420599000056 ], [ -6.018387723999865, 34.359420599000202 ], [ -6.016987723999932, 34.359620599000039 ], [ -6.014587722999863, 34.359420599000202 ], [ -6.012287723999918, 34.359420599000202 ], [ -6.011887723999905, 34.359920599000191 ], [ -6.010887723999872, 34.360920599000167 ], [ -6.009887722999906, 34.361120599000174 ], [ -6.009387723999851, 34.361020599000085 ], [ -6.008787723999944, 34.360520599000097 ], [ -6.00748772299994, 34.359720599000184 ], [ -6.006187723999915, 34.360120599000027 ], [ -6.00548772399992, 34.361220599000092 ], [ -6.003887723999867, 34.361220599000092 ], [ -6.000187723999886, 34.359820599000102 ], [ -5.99938772399986, 34.359820599000102 ], [ -5.999287722999952, 34.360120599000027 ], [ -5.99918772399991, 34.360520599000097 ], [ -5.99918772399991, 34.361320599000237 ], [ -5.999287722999952, 34.361820599000168 ], [ -5.999687723999898, 34.363420599000222 ], [ -5.99918772399991, 34.364320599000109 ], [ -5.998787723999953, 34.365120599000193 ], [ -5.998387723999883, 34.365420599000174 ], [ -5.997487722999949, 34.36602059900008 ], [ -5.996387723999874, 34.366620598999987 ], [ -5.99548772299994, 34.366620598999987 ], [ -5.994487723999896, 34.366520599000069 ], [ -5.99208772399993, 34.365320599000086 ] ] ] ] } },
{ "type": "Feature", "properties": { "Code_Commu": "04.281.01.01.", "Code_Provi": "04.281.", "CODE_REGIO": "04.", "nom": "Commune de KГ©nitra", "Marocains_": 505075, "Etrangers_": 2661, "Populati_1": 507736, "Menages_": 138708, "nom_arabe": "Ш¬Щ…Ш§Ш№Ш© Ш§Щ„Щ‚Щ†ЩЉШ·Ш±Ш©" }, "geometry": { "type": "MultiPolygon", "coordinates": [ [ [ [ -6.581886158999907, 34.309596406000026 ], [ -6.578509284999825, 34.307314734999977 ], [ -6.575648760999911, 34.30763257100017 ], [ -6.573387723999815, 34.307420599000238 ], [ -6.569920501999889, 34.305975273000172 ], [ -6.562687722999897, 34.304620599000202 ], [ -6.562688285999855, 34.304619232000164 ], [ -6.554506544999867, 34.303085156000236 ], [ -6.535485355999924, 34.302593085000126 ], [ -6.517863659999932, 34.302414716000044 ], [ -6.512503513999889, 34.30250713300012 ], [ -6.513852234999945, 34.292488061000142 ], [ -6.512537504999955, 34.2880657890002 ], [ -6.511732815999892, 34.285359105999987 ], [ -6.511732815999892, 34.27360596400024 ], [ -6.509998745999951, 34.259155380000095 ], [ -6.502677115999802, 34.253182472000049 ], [ -6.505374558999961, 34.242392702000132 ], [ -6.526183399999866, 34.226978745999986 ], [ -6.531578284999853, 34.224281303000168 ], [ -6.536087723999913, 34.223020599000165 ], [ -6.539863285999957, 34.221969210000111 ], [ -6.553735846999871, 34.222739908000108 ], [ -6.557396661999917, 34.221969210000111 ], [ -6.564718290999906, 34.222547233000228 ], [ -6.572188584999878, 34.219225371000221 ], [ -6.595546203999902, 34.212335487000132 ], [ -6.617511091999916, 34.208481998000082 ], [ -6.632732373999886, 34.202509090000092 ], [ -6.645834237999907, 34.207518626000137 ], [ -6.65855075199994, 34.214647581000122 ], [ -6.661055519999877, 34.227364094999984 ], [ -6.657363841999882, 34.236217861000171 ], [ -6.640307182999948, 34.244413052000141 ], [ -6.633999528999937, 34.247443683000142 ], [ -6.628614784999911, 34.257300503000181 ], [ -6.633725727999945, 34.27162939800013 ], [ -6.642378291999876, 34.27557765600011 ], [ -6.64312621299996, 34.275918940000111 ], [ -6.636098665999953, 34.283402821000038 ], [ -6.626698180999938, 34.294902444000172 ], [ -6.618666697999856, 34.304576730000178 ], [ -6.612734352999951, 34.307771069000069 ], [ -6.609594786999935, 34.308682556000122 ], [ -6.609387722999941, 34.308820599000228 ], [ -6.606345673999954, 34.309596406000026 ], [ -6.602512465999951, 34.310144007000133 ], [ -6.5917429779999, 34.310965409000232 ], [ -6.581886158999907, 34.309596406000026 ] ] ] ] } },
{ "type": "Feature", "properties": { "Code_Commu": "04.481.05.07.", "Code_Provi": "04.481.", "CODE_REGIO": "04.", "nom": "Commune de Nouirate", "Marocains_": 26831, "Etrangers_": 2, "Populati_1": 26833, "Menages_": 5603, "nom_arabe": "Ш¬Щ…Ш§Ш№Ш© Ш§Щ†Щ€ЩЉШ±Ш§ШЄ" }, "geometry": { "type": "MultiPolygon", "coordinates": [ [ [ [ -5.971921678999877, 34.651160629000174 ], [ -5.967359738999903, 34.650866310000026 ], [ -5.959287723999864, 34.651120599000024 ], [ -5.954387723999957, 34.650920599000187 ], [ -5.950787723999895, 34.649720599000034 ], [ -5.948587722999946, 34.648320598999987 ], [ -5.933719280999867, 34.643461178000166 ], [ -5.93130626999988, 34.641163072000097 ], [ -5.925869105999936, 34.635677298000076 ], [ -5.922648779999861, 34.632737001000237 ], [ -5.922717370999862, 34.622726808000039 ], [ -5.912561760999893, 34.623149958000226 ], [ -5.890134788999944, 34.619341604000113 ], [ -5.871414256999913, 34.62396884399999 ], [ -5.867919392999909, 34.624842559999934 ], [ -5.865887722999958, 34.621520599000178 ], [ -5.852685977999897, 34.594164155000101 ], [ -5.853955428999882, 34.588874775000193 ], [ -5.850570225999832, 34.580834917000175 ], [ -5.842953518999934, 34.571314033000078 ], [ -5.839356739999914, 34.562216299000113 ], [ -5.839587722999909, 34.560320599000136 ], [ -5.840087723999886, 34.559220599000241 ], [ -5.840587722999942, 34.557120599000029 ], [ -5.852051252999956, 34.534076797000125 ], [ -5.870035144999918, 34.52857584200018 ], [ -5.885480134999909, 34.521170709999978 ], [ -5.889500063999833, 34.511015100000236 ], [ -5.900976349999894, 34.514954720999981 ], [ -5.902331142999913, 34.513175862000139 ], [ -5.90515870899992, 34.515255282000055 ], [ -5.906817890999889, 34.515729334000071 ], [ -5.909299547999865, 34.516157206000116 ], [ -5.911438906999877, 34.516157206000116 ], [ -5.913064819999931, 34.515986057000077 ], [ -5.914861880999865, 34.516242780000084 ], [ -5.915546475999918, 34.516841801000169 ], [ -5.915974347999907, 34.517611970000189 ], [ -5.916025384999955, 34.518096821000086 ], [ -5.916277958999956, 34.51850482399999 ], [ -5.917043649999925, 34.52420497300011 ], [ -5.91838584199985, 34.527336754000146 ], [ -5.919578901999955, 34.527784150999935 ], [ -5.92053444599992, 34.527784150999935 ], [ -5.928930046999938, 34.528143963000048 ], [ -5.92941573499985, 34.527882439000109 ], [ -5.932553423999934, 34.527336754000146 ], [ -5.935983469999883, 34.525099767000086 ], [ -5.940876488999891, 34.522832006000101 ], [ -5.94310142199987, 34.52308873000004 ], [ -5.943700442999955, 34.523345453000047 ], [ -5.945155206999914, 34.525570386000197 ], [ -5.94438503799995, 34.528736638000169 ], [ -5.938651554999922, 34.533871100000056 ], [ -5.937098746999879, 34.534844501000237 ], [ -5.936187722999932, 34.535820599000203 ], [ -5.935187723999945, 34.536920599000041 ], [ -5.9344058719999, 34.5380243890001 ], [ -5.933517092999921, 34.540631475000168 ], [ -5.930949861999864, 34.542257387000234 ], [ -5.926328845999876, 34.543113130999984 ], [ -5.925212106999936, 34.543073247999928 ], [ -5.924287723999953, 34.543920598999989 ], [ -5.923687723999933, 34.545520599000042 ], [ -5.923887723999883, 34.547920599000179 ], [ -5.924687723999909, 34.550120599000138 ], [ -5.926087723999842, 34.551520599000128 ], [ -5.928487723999922, 34.553220598999928 ], [ -5.929756086999873, 34.553854781000041 ], [ -5.929801432999909, 34.553981749000229 ], [ -5.930176895999864, 34.554065185000184 ], [ -5.930677251999953, 34.554176376000044 ], [ -5.932897421999883, 34.554669747000105 ], [ -5.937369406999892, 34.553293751000126 ], [ -5.939225889999932, 34.549993337999979 ], [ -5.940070090999882, 34.549390337000091 ], [ -5.940868724999916, 34.548880099000144 ], [ -5.942930272999945, 34.547562997999989 ], [ -5.94438503799995, 34.548333167000237 ], [ -5.945240780999882, 34.551157122000177 ], [ -5.94421060499991, 34.551921446000165 ], [ -5.942987723999806, 34.55352059900008 ], [ -5.940887723999936, 34.554820598999981 ], [ -5.937887723999893, 34.556720599000187 ], [ -5.936887723999916, 34.5575205990001 ], [ -5.934487723999951, 34.560020598999984 ], [ -5.933687722999935, 34.561320599000112 ], [ -5.932887722999908, 34.562420599000177 ], [ -5.932587723999859, 34.564120598999978 ], [ -5.932587723999859, 34.564620212000193 ], [ -5.93368824199996, 34.571694969000134 ], [ -5.932147902999873, 34.573748754000178 ], [ -5.927954758999931, 34.574347775000092 ], [ -5.92436063599996, 34.573748754000178 ], [ -5.921622255999921, 34.571267097000089 ], [ -5.92352030099994, 34.568597972000134 ], [ -5.923487722999937, 34.568520599000237 ], [ -5.92348099599991, 34.56850775700002 ], [ -5.92436063599996, 34.566988379000122 ], [ -5.921964553999942, 34.564249999000197 ], [ -5.91999298199994, 34.563855685000078 ], [ -5.919502963999889, 34.563757682000016 ], [ -5.919397322999941, 34.563736553000183 ], [ -5.918201343999954, 34.56425206099999 ], [ -5.914434008999876, 34.565875912000138 ], [ -5.91297924499986, 34.568956590000141 ], [ -5.916830091999827, 34.573492031000171 ], [ -5.918883876999928, 34.575374667000119 ], [ -5.923590466999883, 34.576315985000235 ], [ -5.930265266999925, 34.576572708000072 ], [ -5.936597769999935, 34.575460241000087 ], [ -5.939508601999876, 34.574604114000238 ], [ -5.940716965999854, 34.574247810000088 ], [ -5.939859941999828, 34.576009471000077 ], [ -5.940082326999914, 34.576899010000034 ], [ -5.939592872999924, 34.580937001000109 ], [ -5.941587723999874, 34.583866938000142 ], [ -5.941587723999874, 34.583920599000237 ], [ -5.942160103999868, 34.585044570000093 ], [ -5.949731843999928, 34.585739225000054 ], [ -5.949937813999952, 34.585758122000129 ], [ -5.951487709999924, 34.585900314000185 ], [ -5.959702848999939, 34.585985887999982 ], [ -5.976903295999875, 34.587611800999923 ], [ -5.989996173999941, 34.58812524800004 ], [ -5.990439339999853, 34.586985152000238 ], [ -5.992648979999899, 34.5822206160002 ], [ -5.993419148999919, 34.577257303000124 ], [ -5.9959863799999, 34.576487134000104 ], [ -5.998382461999938, 34.57314973400014 ], [ -5.999020081999902, 34.571970453000176 ], [ -6.000338121999903, 34.57026188399999 ], [ -6.002355394999938, 34.565606638000077 ], [ -6.005924415999914, 34.56529628900023 ], [ -6.01135553599994, 34.567003212000145 ], [ -6.013062458999855, 34.570572234000224 ], [ -6.013657850999948, 34.5735491920002 ], [ -6.013587722999887, 34.574320599000146 ], [ -6.01354282199992, 34.57562275500004 ], [ -6.010890011999891, 34.584072446000107 ], [ -6.01124454099994, 34.584143351000193 ], [ -6.01118772399991, 34.585620599000038 ], [ -6.012287723999918, 34.588320598999985 ], [ -6.012687723999932, 34.58902059899998 ], [ -6.01518772299994, 34.592020599000023 ], [ -6.017887722999944, 34.594220598999982 ], [ -6.020787723999945, 34.595620599000199 ], [ -6.023687723999956, 34.596220599000105 ], [ -6.023787722999884, 34.596220599000105 ], [ -6.024102662999951, 34.596220599000105 ], [ -6.026097146999916, 34.596796783000173 ], [ -6.02951099399985, 34.596331259000181 ], [ -6.033235189999914, 34.593693286000132 ], [ -6.034901050999906, 34.589885603000141 ], [ -6.035387722999928, 34.589520599000139 ], [ -6.037687723999909, 34.58852059899999 ], [ -6.039987723999957, 34.587820599000167 ], [ -6.042887722999922, 34.587420599000097 ], [ -6.043688131999943, 34.587420599000097 ], [ -6.047666450999884, 34.588262167000096 ], [ -6.052166521999879, 34.591676012999926 ], [ -6.053873444999908, 34.595865734000142 ], [ -6.053873444999908, 34.598503707000191 ], [ -6.054959668999913, 34.600055455000131 ], [ -6.056356242999925, 34.602072728000167 ], [ -6.056817494999962, 34.602240456000175 ], [ -6.053682421999895, 34.615956401000233 ], [ -6.050387723999961, 34.626620599000091 ], [ -6.047983736999925, 34.625511067000105 ], [ -6.043631904999927, 34.621159235000107 ], [ -6.041521118999924, 34.619336283000109 ], [ -6.04078772399987, 34.617820599000083 ], [ -6.035887723999906, 34.615020599000047 ], [ -6.033402021999962, 34.614869950000127 ], [ -6.030832299999929, 34.613417499000093 ], [ -6.026600795999855, 34.612148048000165 ], [ -6.023427167999898, 34.609185995000132 ], [ -6.02173456599985, 34.608551269000202 ], [ -6.016022035999868, 34.608339694000165 ], [ -6.016022035999868, 34.608820599000069 ], [ -6.015240337999955, 34.608820599000069 ], [ -6.0189840889999, 34.615110100000095 ], [ -6.01900139299994, 34.615144710000095 ], [ -6.019493529999863, 34.616128983000124 ], [ -6.020041964999962, 34.61722585199999 ], [ -6.021099840999909, 34.619553180000196 ], [ -6.020465114999865, 34.626112011000089 ], [ -6.017926212999953, 34.630131940000069 ], [ -6.01545692399992, 34.63171228499999 ], [ -6.01538772299989, 34.631820599000093 ], [ -6.011684874999958, 34.63485693500013 ], [ -6.006924301999959, 34.641557001000137 ], [ -5.995287665999911, 34.638806523000085 ], [ -5.992537187999915, 34.641557001000137 ], [ -5.993595063999919, 34.643038027000102 ], [ -5.992960337999932, 34.645365355000081 ], [ -5.980900551999923, 34.648327407000238 ], [ -5.976880622999943, 34.651501035000081 ], [ -5.97793849899989, 34.654463088000114 ], [ -5.972923879999939, 34.655234568000196 ], [ -5.972068596999804, 34.652739992000193 ], [ -5.971921678999877, 34.651160629000174 ] ] ] ] } },
{ "type": "Feature", "properties": { "Code_Commu": "04.501.01.05.", "Code_Provi": "04.501.", "CODE_REGIO": "04.", "nom": "Commune de Skhirate", "Marocains_": 122381, "Etrangers_": 324, "Populati_1": 122705, "Menages_": 32031, "nom_arabe": "Ш¬Щ…Ш§Ш№Ш© Ш§Щ„ШµШ®ЩЉШ±Ш§ШЄ" }, "geometry": { "type": "MultiPolygon", "coordinates": [ [ [ [ -6.996597448999921, 33.896182610000096 ], [ -6.995566166999936, 33.890475657000138 ], [ -6.995254797999905, 33.887361966000185 ], [ -6.995379345999936, 33.88318962000011 ], [ -6.993573404999893, 33.880885488999979 ], [ -6.992763845999946, 33.876526322000132 ], [ -6.991642916999865, 33.872789893000174 ], [ -6.992696523999882, 33.872661405000201 ], [ -6.992687723999893, 33.872520599000097 ], [ -6.994694333999917, 33.872291703000144 ], [ -6.997987723999927, 33.870820599000126 ], [ -7.000187722999954, 33.869520599000225 ], [ -7.001887723999914, 33.867820599000083 ], [ -7.005094060999909, 33.865690678000135 ], [ -7.004194233999897, 33.861380980000092 ], [ -7.004268796999952, 33.860860133000074 ], [ -7.002354012999945, 33.85653642800014 ], [ -7.006837727999937, 33.851803618000076 ], [ -7.016489396999873, 33.845532482000237 ], [ -7.02088772399992, 33.841720599000041 ], [ -7.02148772399994, 33.841120599000135 ], [ -7.025887723999915, 33.835520599000063 ], [ -7.033080881999922, 33.828176814000244 ], [ -7.033445191999931, 33.827630348000127 ], [ -7.04214645199994, 33.823353457000223 ], [ -7.052912416999959, 33.819961441000203 ], [ -7.06589056699994, 33.83293959100024 ], [ -7.088179373999935, 33.824424774000136 ], [ -7.091387723999901, 33.822820599000181 ], [ -7.092926092999903, 33.822026602000108 ], [ -7.104972494999913, 33.81774925600007 ], [ -7.107507088999853, 33.815848311000082 ], [ -7.109691821999888, 33.8142097610002 ], [ -7.120457786999907, 33.825860600000055 ], [ -7.125924901999895, 33.831783175000112 ], [ -7.125419569999849, 33.832230254000081 ], [ -7.125034353999922, 33.832461383000066 ], [ -7.124141637999912, 33.832446323000113 ], [ -7.12398772399996, 33.832443727000225 ], [ -7.122877151999887, 33.832384340000203 ], [ -7.121837385999925, 33.832306377000236 ], [ -7.121608484999911, 33.832731479000245 ], [ -7.120386095999947, 33.833052046000034 ], [ -7.12027583399987, 33.833243166999921 ], [ -7.11972039199992, 33.833382028000131 ], [ -7.119425433999936, 33.834266901000092 ], [ -7.117508207999947, 33.835446733000197 ], [ -7.113968711999917, 33.837806397000179 ], [ -7.11087165399988, 33.839871102000075 ], [ -7.108364510999934, 33.841345892000049 ], [ -7.105709889999957, 33.842968161000101 ], [ -7.104530057999909, 33.844590430000096 ], [ -7.102760309999951, 33.845917740000118 ], [ -7.100015968999912, 33.847289911000075 ], [ -7.099687723999921, 33.847043727000141 ], [ -7.098968152999873, 33.847407717000237 ], [ -7.098968152999873, 33.847921337000116 ], [ -7.099043558999938, 33.848115388000053 ], [ -7.096861150999928, 33.849752194000132 ], [ -7.095835013999931, 33.850778331000242 ], [ -7.09560394499988, 33.850720564000142 ], [ -7.09462806699986, 33.851182822000226 ], [ -7.094732595999915, 33.851481475000128 ], [ -7.094206529999894, 33.851521941000101 ], [ -7.093026697999903, 33.852111857000068 ], [ -7.091404428999795, 33.853439168000193 ], [ -7.089339723999956, 33.854324042000087 ], [ -7.088307370999871, 33.855356395000115 ], [ -7.086980059999917, 33.856683705000194 ], [ -7.085505269999942, 33.856683705000194 ], [ -7.085800227999925, 33.857421100000181 ], [ -7.082998127999872, 33.859338327000103 ], [ -7.079311152999878, 33.861845469999935 ], [ -7.07827880099984, 33.862140428000203 ], [ -7.077393926999889, 33.862435385000197 ], [ -7.075771657999951, 33.862435385000197 ], [ -7.075329220999947, 33.863467738000224 ], [ -7.074886783999943, 33.863762695999981 ], [ -7.072674599999857, 33.864057654000192 ], [ -7.070609893999915, 33.864500091000139 ], [ -7.065448129999936, 33.868334544000049 ], [ -7.064563255999929, 33.869071939000037 ], [ -7.062801173999958, 33.870204706000038 ], [ -7.062528316999931, 33.869967149000047 ], [ -7.062218662999896, 33.870006985000146 ], [ -7.06235943799993, 33.870308526000144 ], [ -7.062218662999896, 33.870366518000139 ], [ -7.061782085999937, 33.869878578999987 ], [ -7.06106301899996, 33.869827217000193 ], [ -7.058982857999865, 33.870340838000118 ], [ -7.057981299999938, 33.870161070000165 ], [ -7.057493361999889, 33.87003266500011 ], [ -7.056487723999908, 33.870143727000084 ], [ -7.05546456299993, 33.87003266500011 ], [ -7.05405210899994, 33.870135389000097 ], [ -7.052691016999916, 33.870238113000084 ], [ -7.052305801999921, 33.872806212000171 ], [ -7.052203077999877, 33.873114384000132 ], [ -7.04817116299995, 33.874372752000113 ], [ -7.047862991999864, 33.874270028000183 ], [ -7.048042758999941, 33.874013218000073 ], [ -7.048505016999798, 33.873936174999983 ], [ -7.048325248999845, 33.873602323000057 ], [ -7.048556377999944, 33.873448237000105 ], [ -7.048736144999907, 33.873756409000237 ], [ -7.049789065999903, 33.873499599000127 ], [ -7.049789065999903, 33.873371194000242 ], [ -7.050379727999939, 33.8731400650002 ], [ -7.050559494999959, 33.873294150999982 ], [ -7.052074673999925, 33.872857574000193 ], [ -7.052177396999866, 33.871804653000197 ], [ -7.052074673999925, 33.871830335000197 ], [ -7.052100354999936, 33.871316714999978 ], [ -7.052203077999877, 33.871368077000113 ], [ -7.052305801999921, 33.870340838000118 ], [ -7.051406967999924, 33.870084028000178 ], [ -7.047529138999948, 33.871316714999978 ], [ -7.048273886999937, 33.872908935999988 ], [ -7.048094119999917, 33.872985979000077 ], [ -7.047837310999796, 33.872575083000186 ], [ -7.047811628999909, 33.872395317000041 ], [ -7.047246647999941, 33.871496482000168 ], [ -7.045448978999957, 33.871984420000047 ], [ -7.046013959999925, 33.873242789000187 ], [ -7.045885554999927, 33.873679365000044 ], [ -7.045654426999931, 33.873756409000237 ], [ -7.045526021999933, 33.873550959999989 ], [ -7.045603064999852, 33.87306302200011 ], [ -7.045174024999881, 33.87226045500023 ], [ -7.044961039999919, 33.872343954000144 ], [ -7.04447310199987, 33.872395317000041 ], [ -7.041827958999932, 33.873987537000176 ], [ -7.042213174999858, 33.874629562000052 ], [ -7.041887722999945, 33.874843727000098 ], [ -7.041387723999947, 33.875343727000086 ], [ -7.04118772399994, 33.875643727000238 ], [ -7.04046686699985, 33.876196102000165 ], [ -7.04000460899988, 33.876375869000071 ], [ -7.039490989999933, 33.876529955000194 ], [ -7.038874645999954, 33.876606998000057 ], [ -7.038187723999954, 33.876543727000069 ], [ -7.037513553999929, 33.876298825999982 ], [ -7.037116159999925, 33.876807340000141 ], [ -7.0362093599999, 33.877357897000138 ], [ -7.036203823999926, 33.877351746000045 ], [ -7.035741565999956, 33.87758287600019 ], [ -7.035176583999942, 33.877634237000052 ], [ -7.035407713999859, 33.878070814000239 ], [ -7.035356351999951, 33.878173538000226 ], [ -7.035073859999954, 33.878224900000191 ], [ -7.034072301999856, 33.878224900000191 ], [ -7.034297260999836, 33.878523046000169 ], [ -7.034072301999856, 33.87866147699998 ], [ -7.033866853999939, 33.878635796000083 ], [ -7.033558681999921, 33.878789882000035 ], [ -7.033122105999951, 33.878687158000048 ], [ -7.032993700999953, 33.878481710000131 ], [ -7.032921108999915, 33.87759400400023 ], [ -7.031794911999896, 33.87754281299999 ], [ -7.030207998999856, 33.876877332999982 ], [ -7.02892822899986, 33.877389240000127 ], [ -7.02846751199985, 33.879283299000122 ], [ -7.028569893999872, 33.880051160000107 ], [ -7.029542518999961, 33.880614259000083 ], [ -7.029477477999933, 33.880729652000127 ], [ -7.028446741999915, 33.881134584999984 ], [ -7.02782400399991, 33.881383680000226 ], [ -7.027580309999905, 33.882388917000185 ], [ -7.02678772399986, 33.882943727000111 ], [ -7.025447257999872, 33.883685705000175 ], [ -7.024986539999929, 33.884197613000083 ], [ -7.024317401999838, 33.88436249199998 ], [ -7.024212121999938, 33.883625537000171 ], [ -7.023215740999888, 33.883376442000099 ], [ -7.022094812999853, 33.883625537000171 ], [ -7.021721169999864, 33.88431054900019 ], [ -7.021658895999849, 33.884559643999921 ], [ -7.021658895999849, 33.885182383000028 ], [ -7.019915228999935, 33.885929668000131 ], [ -7.01848293099988, 33.886178764000135 ], [ -7.017175180999857, 33.887050597000098 ], [ -7.016241073999936, 33.888046978000034 ], [ -7.015120144999912, 33.888981085000125 ], [ -7.014497406999908, 33.889354728000228 ], [ -7.014061489999904, 33.890164288000221 ], [ -7.01044960899992, 33.891222943000173 ], [ -7.009951418999947, 33.89140976400023 ], [ -7.007460465999884, 33.8939629899999 ], [ -7.006900001999952, 33.893402526000102 ], [ -7.006887918999951, 33.893366278000144 ], [ -7.006885774999944, 33.893359847000227 ], [ -7.006837727999937, 33.893215704999989 ], [ -7.006695343999922, 33.893184064000138 ], [ -7.005716798999913, 33.892966608999984 ], [ -7.004471322999905, 33.89495937200013 ], [ -7.003724036999927, 33.895083919000228 ], [ -7.00172261799986, 33.89666837599998 ], [ -7.001343575999954, 33.897303316000091 ], [ -7.001561144999926, 33.89787459300004 ], [ -7.001855353999929, 33.898266873000125 ], [ -7.002018803999931, 33.898920672000145 ], [ -7.002051493999886, 33.899705230999984 ], [ -7.002203745999793, 33.89991150800023 ], [ -7.002291738999872, 33.900439467000126 ], [ -7.00241628699996, 33.901124479000146 ], [ -7.001162299999862, 33.901707729000123 ], [ -6.999738512999897, 33.902369956000086 ], [ -6.997060738999949, 33.900065824000023 ], [ -6.996811643999933, 33.897574872000177 ], [ -6.996597448999921, 33.896182610000096 ] ] ] ] } },
{ "type": "Feature", "properties": { "Code_Commu": "04.291.09.11.", "Code_Provi": "04.291.", "CODE_REGIO": "04.", "nom": "Commune de M'qam Tolba", "Marocains_": 15070, "Etrangers_": 0, "Populati_1": 15070, "Menages_": 3268, "nom_arabe": "Ш¬Щ…Ш§Ш№Ш© Щ…Щ‚Ш§Щ… Ш§Щ„Ш·Щ„ШЁШ©" }, "geometry": { "type": "MultiPolygon", "coordinates": [ [ [ [ -6.201496727999825, 34.120163380000122 ], [ -6.209681792999902, 34.110886973000106 ], [ -6.212796452999953, 34.112690021000049 ], [ -6.213501489999942, 34.11306965700004 ], [ -6.213774324999861, 34.108158618000232 ], [ -6.213653692999912, 34.105625340000017 ], [ -6.213774324999861, 34.100519223999981 ], [ -6.217866857999923, 34.099700717000189 ], [ -6.219669019999913, 34.094444410000222 ], [ -6.218287723999936, 34.093820599000196 ], [ -6.218687723999949, 34.090920599000242 ], [ -6.217187723999928, 34.089820599000177 ], [ -6.215587723999874, 34.087620599000047 ], [ -6.215387723999868, 34.082720599000197 ], [ -6.215887722999923, 34.079820599000016 ], [ -6.218187722999915, 34.075520599000242 ], [ -6.222287723999955, 34.070220599000095 ], [ -6.223831335999932, 34.070220599000095 ], [ -6.226387723999892, 34.063920599000198 ], [ -6.229087723999896, 34.063220599000203 ], [ -6.230144454999959, 34.060139570000104 ], [ -6.230387722999922, 34.058020599000201 ], [ -6.231687723999926, 34.052220599000066 ], [ -6.233879913999942, 34.052220599000066 ], [ -6.234687722999922, 34.0498205990001 ], [ -6.236187723999933, 34.048320599000135 ], [ -6.236055758999953, 34.0464071130001 ], [ -6.23723817799987, 34.044042275000038 ], [ -6.227688935999822, 34.038585565000062 ], [ -6.224414909999894, 34.037767059000203 ], [ -6.22197897399991, 34.034234952000077 ], [ -6.221987722999813, 34.0340205990002 ], [ -6.223363959999915, 34.029001383000036 ], [ -6.225506251999946, 34.026035132000175 ], [ -6.223983375999921, 34.020146681000142 ], [ -6.223696287999871, 34.00771504900024 ], [ -6.219987722999861, 33.997220599000229 ], [ -6.217387723999877, 33.98852059900014 ], [ -6.216837257999885, 33.986759108000172 ], [ -6.203478711999935, 33.962212780000073 ], [ -6.199536664999926, 33.943093850000196 ], [ -6.192835183999932, 33.922989409000024 ], [ -6.195048639999925, 33.919721927000069 ], [ -6.19498772399993, 33.91932059900023 ], [ -6.196185924999952, 33.918456054000046 ], [ -6.194949122999958, 33.913060457000086 ], [ -6.194007460999842, 33.908352145000094 ], [ -6.182787723999922, 33.897020599000086 ], [ -6.176187722999884, 33.894020598999987 ], [ -6.170588622999958, 33.891561786000238 ], [ -6.169886744999928, 33.891190204000225 ], [ -6.172487722999904, 33.888220599000078 ], [ -6.177658301999884, 33.886328368000079 ], [ -6.182787723999922, 33.883020599000076 ], [ -6.186987722999959, 33.879620599000134 ], [ -6.190187723999884, 33.877020599000105 ], [ -6.193787723999947, 33.872920599000167 ], [ -6.194187723999903, 33.872520599000097 ], [ -6.196687723999901, 33.870220599000049 ], [ -6.199787722999929, 33.866020599000194 ], [ -6.201704790999884, 33.865632619000223 ], [ -6.224342072999946, 33.876228793000166 ], [ -6.229496224999878, 33.878641375000086 ], [ -6.249009359999945, 33.889679108000223 ], [ -6.26083550199985, 33.905841502000101 ], [ -6.266917421999949, 33.908189240000183 ], [ -6.27811794899992, 33.912427278000166 ], [ -6.287502174999929, 33.914344485000129 ], [ -6.29436375899985, 33.915050825000094 ], [ -6.306674248999855, 33.913234523000085 ], [ -6.324736359999918, 33.90758380599999 ], [ -6.333111528999893, 33.91252818300012 ], [ -6.333913551999899, 33.914332735000187 ], [ -6.335533264999924, 33.917977088000043 ], [ -6.3364414159999, 33.920701541000085 ], [ -6.330387076999898, 33.932507502000192 ], [ -6.328469868999889, 33.938259124000012 ], [ -6.322718246999955, 33.945625237000115 ], [ -6.319287454999881, 33.95258772699998 ], [ -6.31898473799987, 33.955614896000043 ], [ -6.318055554999944, 33.955986569000174 ], [ -6.317887723999888, 33.956620599000019 ], [ -6.312032586999919, 33.958011194000107 ], [ -6.302705793999905, 33.965099557000087 ], [ -6.285135836999928, 33.965916763999985 ], [ -6.270017500999927, 33.994519020000041 ], [ -6.268149596999933, 34.000920482000197 ], [ -6.26634006799992, 34.005142715000034 ], [ -6.283092817999886, 34.008002941000086 ], [ -6.29984556799991, 34.020669654000187 ], [ -6.296168134999959, 34.030067539000129 ], [ -6.288813269999878, 34.039874026000177 ], [ -6.279415385999926, 34.048046100000079 ], [ -6.273286330999952, 34.057852587000127 ], [ -6.285487723999893, 34.079020599000103 ], [ -6.288587723999797, 34.086920599000223 ], [ -6.29178772399996, 34.094320599000184 ], [ -6.292443837999883, 34.095802931000094 ], [ -6.28431862899987, 34.124454984000124 ], [ -6.278598177999868, 34.136713093000196 ], [ -6.269599477999861, 34.162463699000227 ], [ -6.248287722999919, 34.162220599000193 ], [ -6.221087723999858, 34.162120599000104 ], [ -6.21103639099988, 34.16204207300018 ], [ -6.211045969999873, 34.15181229699999 ], [ -6.209287723999921, 34.148999103000108 ], [ -6.207231803999946, 34.145549986000105 ], [ -6.203952246999961, 34.137897687000134 ], [ -6.199480574999882, 34.12711306599999 ], [ -6.199787722999929, 34.126720599000123 ], [ -6.19908772399981, 34.122120599000198 ], [ -6.201496727999825, 34.120506054000089 ], [ -6.201496727999825, 34.120163380000122 ] ] ] ] } },
{ "type": "Feature", "properties": { "Code_Commu": "04.491.05.13.", "Code_Provi": "04.491.", "CODE_REGIO": "04.", "nom": "Commune d'Ouled H'cine", "Marocains_": 33226, "Etrangers_": 1, "Populati_1": 33227, "Menages_": 7208, "nom_arabe": "Ш¬Щ…Ш§Ш№Ш© ШЈЩ€Щ„Ш§ШЇ Ш§Ш­ШіЩЉЩ†" }, "geometry": { "type": "MultiPolygon", "coordinates": [ [ [ [ -5.828989554999907, 34.462775953000119 ], [ -5.824969625999927, 34.460025476000226 ], [ -5.824755070999856, 34.460093589000223 ], [ -5.824487722999947, 34.459920598999986 ], [ -5.821487723999951, 34.45932059900008 ], [ -5.817687723999938, 34.459620599000175 ], [ -5.812587723999854, 34.460820598999987 ], [ -5.806787722999957, 34.461820599000134 ], [ -5.806438875999959, 34.461833284000193 ], [ -5.806387381999855, 34.461867614000198 ], [ -5.802509938999947, 34.462464144000194 ], [ -5.798930759999905, 34.462165879000111 ], [ -5.798248703999889, 34.461673283000039 ], [ -5.797787722999942, 34.461620599000128 ], [ -5.796299835999946, 34.46038069299999 ], [ -5.793656495999869, 34.459179175000088 ], [ -5.793444920999946, 34.455793972000038 ], [ -5.795137522999937, 34.453678220000143 ], [ -5.798099575999913, 34.453466644000173 ], [ -5.799032014999852, 34.453662947000169 ], [ -5.799348331999909, 34.453550706000044 ], [ -5.802542654999911, 34.453466644000173 ], [ -5.80825518499995, 34.452831919000175 ], [ -5.811640388999933, 34.449658290999935 ], [ -5.810430504999886, 34.448448407000228 ], [ -5.810387723999895, 34.448020599000188 ], [ -5.810297952999861, 34.447979794000048 ], [ -5.799079892999828, 34.445910443000173 ], [ -5.79932270799992, 34.445627159000196 ], [ -5.799096128999906, 34.445584675000077 ], [ -5.800426902999902, 34.435271177000232 ], [ -5.798667652999825, 34.432586006000236 ], [ -5.797253274999946, 34.431462823000118 ], [ -5.795137522999937, 34.42744289400008 ], [ -5.796195398999885, 34.424692417000188 ], [ -5.796366229999933, 34.424642346000041 ], [ -5.798734300999911, 34.420037762000049 ], [ -5.798099575999913, 34.418556736000085 ], [ -5.794012702999851, 34.418023666000238 ], [ -5.793868070999906, 34.418133585000191 ], [ -5.788870010999915, 34.417485689000046 ], [ -5.780885734999913, 34.416978750000112 ], [ -5.770857392999858, 34.420445338000036 ], [ -5.766574869999943, 34.422365088999982 ], [ -5.764360941999882, 34.420427903000132 ], [ -5.761487723999949, 34.418420599000115 ], [ -5.759594273999937, 34.417394981000143 ], [ -5.755384088999904, 34.416531353000096 ], [ -5.752252306999878, 34.415338294000094 ], [ -5.751506644999893, 34.414294367000139 ], [ -5.752338331999908, 34.411937922000106 ], [ -5.752387722999913, 34.411720598999977 ], [ -5.75258772299992, 34.410320598999931 ], [ -5.751987722999843, 34.408820599000194 ], [ -5.748487722999869, 34.406720598999982 ], [ -5.747145447999912, 34.406241215000136 ], [ -5.745093949999898, 34.406241215000136 ], [ -5.741663903999893, 34.407136009999988 ], [ -5.738233857999944, 34.408329069000047 ], [ -5.736742533999916, 34.408478201000094 ], [ -5.735549473999868, 34.408478201000094 ], [ -5.734505546999912, 34.407732539000222 ], [ -5.733163354999817, 34.40653948 ], [ -5.733014222999884, 34.404302493000102 ], [ -5.733595166999919, 34.403721550000114 ], [ -5.733587723999847, 34.403520599000046 ], [ -5.735387723999906, 34.401720598999987 ], [ -5.737287722999895, 34.401720598999987 ], [ -5.738887723999937, 34.403220599000122 ], [ -5.739387723999926, 34.404020599000035 ], [ -5.740487723999934, 34.403620599000192 ], [ -5.741787722999902, 34.401320599000144 ], [ -5.743387722999955, 34.399720599000091 ], [ -5.743676931999914, 34.399679284000115 ], [ -5.747778333999918, 34.401319845000046 ], [ -5.754712655999867, 34.399167814000236 ], [ -5.755187723999938, 34.399220599000103 ], [ -5.75648772299985, 34.400220599000079 ], [ -5.75628772399989, 34.402420598999981 ], [ -5.75648772299985, 34.404420599000105 ], [ -5.758687722999866, 34.405720599000176 ], [ -5.762887723999938, 34.405620599000088 ], [ -5.764887723999948, 34.404020599000035 ], [ -5.764987722999876, 34.402420598999981 ], [ -5.76418772299985, 34.402020599000139 ], [ -5.761387723999917, 34.40112059900008 ], [ -5.761187723999797, 34.399720599000091 ], [ -5.761293751999858, 34.398837034000223 ], [ -5.762343365999925, 34.397187640000197 ], [ -5.761391126999911, 34.394902266000088 ], [ -5.761359832999915, 34.394827162000126 ], [ -5.761285489999864, 34.394648738000114 ], [ -5.760545361999959, 34.395018801999981 ], [ -5.759792242999879, 34.395196006000049 ], [ -5.757900286999927, 34.398033941000165 ], [ -5.756419259999859, 34.397399215000178 ], [ -5.756211720999943, 34.396776598000088 ], [ -5.755187723999938, 34.396520598999984 ], [ -5.753887723999924, 34.394120599000189 ], [ -5.751787722999893, 34.39012059900017 ], [ -5.749887723999905, 34.3893205990002 ], [ -5.74878772399984, 34.3897205990001 ], [ -5.748487722999869, 34.390620598999931 ], [ -5.748687722999932, 34.391520598999989 ], [ -5.749088549999954, 34.391663751000124 ], [ -5.748167826999861, 34.392321410000079 ], [ -5.747109950999914, 34.392109835000099 ], [ -5.746567859999914, 34.391859639000131 ], [ -5.746787723999887, 34.390320599000177 ], [ -5.745587723999904, 34.388020599000129 ], [ -5.743187722999949, 34.386820599000146 ], [ -5.74161417799985, 34.387111995999987 ], [ -5.738646942999935, 34.389782508000167 ], [ -5.737800641999911, 34.390417234000097 ], [ -5.736108040999909, 34.389994083000147 ], [ -5.735941182999795, 34.389226539000049 ], [ -5.735887722999905, 34.389220599000112 ], [ -5.734887722999929, 34.388420599000199 ], [ -5.734787723999943, 34.386520599000164 ], [ -5.734313849999864, 34.385691320000035 ], [ -5.732865090999894, 34.387450528000102 ], [ -5.729584176999879, 34.391178839000133 ], [ -5.727645454999958, 34.392819296000084 ], [ -5.72630326299992, 34.393415824999977 ], [ -5.725714062999941, 34.393219425000041 ], [ -5.725312610999936, 34.393293768000092 ], [ -5.726587156999869, 34.390628809000077 ], [ -5.726087722999864, 34.388520599000117 ], [ -5.724787723999953, 34.386720599000228 ], [ -5.72445551699991, 34.385657539000192 ], [ -5.725110203999918, 34.384169614000086 ], [ -5.724215408999953, 34.382230892999985 ], [ -5.724052854999911, 34.382312170000034 ], [ -5.722587723999879, 34.38222059900005 ], [ -5.719987722999917, 34.382120599000075 ], [ -5.715987723999945, 34.38132059899999 ], [ -5.715787723999938, 34.38222059900005 ], [ -5.717187723999928, 34.384820599000193 ], [ -5.717371043999947, 34.385462220000079 ], [ -5.719182023999849, 34.386820455000134 ], [ -5.718335723999814, 34.388301482000202 ], [ -5.717470944999945, 34.387652898000169 ], [ -5.716387723999901, 34.387720599000147 ], [ -5.713587723999865, 34.386520599000164 ], [ -5.7111384399999, 34.385432028000082 ], [ -5.708180113999902, 34.389782508000167 ], [ -5.706487511999853, 34.391263534000132 ], [ -5.705218060999869, 34.393167711000046 ], [ -5.704583334999938, 34.394437162000145 ], [ -5.703313883999897, 34.395071888000132 ], [ -5.702825543999893, 34.393899873000237 ], [ -5.702287722999927, 34.393720599000119 ], [ -5.700587722999956, 34.391520598999989 ], [ -5.700287723999907, 34.390720599000076 ], [ -5.698487723999904, 34.390820599000165 ], [ -5.695787723999956, 34.392120599000236 ], [ -5.698244541999941, 34.386185730000079 ], [ -5.70152818899993, 34.383449357000245 ], [ -5.703717286999961, 34.377976612000168 ], [ -5.69961272799992, 34.370041131000221 ], [ -5.694687257999874, 34.365115660000242 ], [ -5.688487723999913, 34.364120599000046 ], [ -5.685787722999919, 34.362420599000075 ], [ -5.68454618099986, 34.360904954000034 ], [ -5.686823072999857, 34.358745105000082 ], [ -5.689761786999838, 34.35663290500014 ], [ -5.690309061999926, 34.35334925799998 ], [ -5.689308892999918, 34.351974026000221 ], [ -5.691787723999937, 34.346520599000087 ], [ -5.694187723999846, 34.342520599000238 ], [ -5.697287723999921, 34.336320599000089 ], [ -5.706576017999907, 34.330737812000109 ], [ -5.730041215999961, 34.33279927500007 ], [ -5.730084703999921, 34.333212410999977 ], [ -5.738237816999913, 34.342675867000139 ], [ -5.747061595999924, 34.341637776000141 ], [ -5.74611859599986, 34.335036775000106 ], [ -5.746111521999921, 34.334325954000178 ], [ -5.754548432999798, 34.335049118000143 ], [ -5.754672692999861, 34.336394846000132 ], [ -5.755215654999915, 34.338257412000189 ], [ -5.760987723999961, 34.354420599000036 ], [ -5.768082953999908, 34.354873445000237 ], [ -5.773532935999924, 34.353835353000136 ], [ -5.783654329999933, 34.353835354000182 ], [ -5.78754717399994, 34.353575831000114 ], [ -5.793516201999921, 34.356430583000076 ], [ -5.797564655999849, 34.35698899 ], [ -5.819156203999853, 34.375895335000166 ], [ -5.85733153699988, 34.409912958000234 ], [ -5.908612839999932, 34.456810881000081 ], [ -5.907706292999933, 34.461796894000202 ], [ -5.906927723999956, 34.470720599000231 ], [ -5.905687723999904, 34.470720599000231 ], [ -5.899787723999907, 34.470720599000231 ], [ -5.89934897899991, 34.470677266000109 ], [ -5.892436797999892, 34.471113825000089 ], [ -5.887358337999899, 34.469355897000128 ], [ -5.885977802999889, 34.469175827000129 ], [ -5.883329221999929, 34.471276425000042 ], [ -5.882487723999873, 34.473620599000185 ], [ -5.882387722999852, 34.476720599000203 ], [ -5.882487723999873, 34.481820599000116 ], [ -5.882787722999922, 34.483520599000087 ], [ -5.882587722999801, 34.484420599000089 ], [ -5.881487723999896, 34.484920599000077 ], [ -5.880807324999921, 34.48481085700007 ], [ -5.877523553999936, 34.486027068999988 ], [ -5.875733964999881, 34.481553096000084 ], [ -5.876749190999874, 34.479160063999984 ], [ -5.876787723999939, 34.47862059900018 ], [ -5.878087722999794, 34.475820599000144 ], [ -5.882187722999902, 34.469420598999932 ], [ -5.884787722999931, 34.463720599000112 ], [ -5.885387722999837, 34.46012059899999 ], [ -5.885087723999959, 34.458020599000122 ], [ -5.884287723999932, 34.456920599000057 ], [ -5.880887723999933, 34.456620599000132 ], [ -5.875287723999918, 34.457720599000197 ], [ -5.862587722999933, 34.461820599000134 ], [ -5.860187722999854, 34.464020599000094 ], [ -5.85878772399991, 34.465620599000147 ], [ -5.859287723999898, 34.466720599000041 ], [ -5.86278772299994, 34.468220599000119 ], [ -5.865691657999889, 34.469631082000035 ], [ -5.86678601899996, 34.4699207660002 ], [ -5.869023004999917, 34.472157752000044 ], [ -5.867829945999915, 34.474693003000084 ], [ -5.859925926999949, 34.478421314000116 ], [ -5.848293596999952, 34.484834009000224 ], [ -5.84471441799991, 34.487369261000197 ], [ -5.838599987999885, 34.489307982000071 ], [ -5.833535425999912, 34.487669447000144 ], [ -5.832560176999948, 34.487182872000119 ], [ -5.823090214999922, 34.48244789000023 ], [ -5.820107565999876, 34.479465241000071 ], [ -5.82072052399991, 34.478594196000188 ], [ -5.820787723999956, 34.477720599000122 ], [ -5.822187723999946, 34.47552059899999 ], [ -5.823087722999901, 34.47432059900018 ], [ -5.82568772299993, 34.470820598999978 ], [ -5.826087723999876, 34.469520599000077 ], [ -5.827887723999879, 34.466620599000123 ], [ -5.827932301999908, 34.46559529600006 ], [ -5.828989554999907, 34.462775953000119 ] ] ] ] } },
{ "type": "Feature", "properties": { "Code_Commu": "04.481.07.07.", "Code_Provi": "04.481.", "CODE_REGIO": "04.", "nom": "Commune de Lamrabih", "Marocains_": 20153, "Etrangers_": 1, "Populati_1": 20154, "Menages_": 4592, "nom_arabe": "Ш¬Щ…Ш§Ш№Ш© Щ„Щ…Ш±Ш§ШЁЩЉШ­" }, "geometry": { "type": "MultiPolygon", "coordinates": [ [ [ [ -5.455406308174133, 34.394290268421287 ], [ -5.454366922378483, 34.396239101886692 ], [ -5.450729131698608, 34.39909744262701 ], [ -5.443973064422494, 34.406892836093903 ], [ -5.442933678627014, 34.412089765071926 ], [ -5.442803740501404, 34.414688229561023 ], [ -5.446181774139404, 34.415077984333095 ], [ -5.449040055274963, 34.418845772743282 ], [ -5.455016613006535, 34.421054482460079 ], [ -5.456055998802185, 34.424302577972469 ], [ -5.454756736755371, 34.429369568824768 ], [ -5.457095384597778, 34.434826374054126 ], [ -5.455276370048466, 34.440542995929718 ], [ -5.455666184425354, 34.445220232009945 ], [ -5.457355260848942, 34.451586484909228 ], [ -5.459434032440186, 34.455094456672782 ], [ -5.463461637496948, 34.457433044910488 ], [ -5.467619180679264, 34.460031509399414 ], [ -5.469827890396061, 34.461980402469635 ], [ -5.471776723861694, 34.461460709571838 ], [ -5.475024819374084, 34.460941016674042 ], [ -5.481391072273254, 34.462240219116211 ], [ -5.484295964241028, 34.462240219116211 ], [ -5.484487771987858, 34.461920619010925 ], [ -5.48542320728302, 34.461359322071132 ], [ -5.487757325172424, 34.457822799682617 ], [ -5.48944628238678, 34.458082675933781 ], [ -5.493993639945984, 34.456003904342822 ], [ -5.496592044830209, 34.457173228263912 ], [ -5.497501611709595, 34.459251999855042 ], [ -5.497631430625859, 34.461200833320675 ], [ -5.500359892845154, 34.462629973888511 ], [ -5.504907250404358, 34.463669359684047 ], [ -5.507245779037476, 34.463799297809544 ], [ -5.515820741653442, 34.466527700424137 ], [ -5.520498037338257, 34.469256103038731 ], [ -5.520803689956665, 34.469510853290558 ], [ -5.522576808929387, 34.4726340770722 ], [ -5.528423309326172, 34.475492417812291 ], [ -5.529587745666504, 34.475120604038239 ], [ -5.529611468315068, 34.475154817104396 ], [ -5.536562442779541, 34.473845183849392 ], [ -5.539536833763066, 34.471911907195988 ], [ -5.540875196456909, 34.467152953147888 ], [ -5.543105959892216, 34.464178621769008 ], [ -5.545634150505066, 34.464476048946494 ], [ -5.546377778053227, 34.468491435051135 ], [ -5.545931577682438, 34.47206062078476 ], [ -5.547274470329285, 34.472444295883236 ], [ -5.552718997001648, 34.472244322300128 ], [ -5.554927706718445, 34.469126164913234 ], [ -5.553628444671631, 34.465618252754268 ], [ -5.55012059211731, 34.461720526218414 ], [ -5.550900101661625, 34.458472430706081 ], [ -5.549990653991642, 34.455744028091488 ], [ -5.549287676811161, 34.452520608901921 ], [ -5.555187582969666, 34.451066792011432 ], [ -5.557266354560852, 34.452495992183685 ], [ -5.55882537364954, 34.454964518547058 ], [ -5.559994697570801, 34.460031509399414 ], [ -5.561423897743225, 34.460681140422878 ], [ -5.565321564674377, 34.461200833320675 ], [ -5.569998860359192, 34.462240219116211 ], [ -5.573195099830571, 34.465103268623352 ], [ -5.570233106613159, 34.469965457916317 ], [ -5.569187760353088, 34.471620619297084 ], [ -5.568987727165222, 34.473420619964713 ], [ -5.568887710571289, 34.474620580673275 ], [ -5.568487763404846, 34.476620614528827 ], [ -5.568495154380798, 34.476762354373932 ], [ -5.56942880153656, 34.479347705841235 ], [ -5.567198038101139, 34.48083484172821 ], [ -5.566156983375549, 34.482768177986202 ], [ -5.565859556198063, 34.488568127155304 ], [ -5.567049264907837, 34.491245031356925 ], [ -5.568387746810913, 34.494516789913291 ], [ -5.567792892455998, 34.500019252300319 ], [ -5.566008329391479, 34.506711483001823 ], [ -5.565413475036621, 34.512660145759583 ], [ -5.566008329391479, 34.51979851722723 ], [ -5.567501425743103, 34.522732973098925 ], [ -5.562667012214661, 34.521910071372986 ], [ -5.560820579528809, 34.521595776081142 ], [ -5.555276870727539, 34.524438679218406 ], [ -5.552291750907841, 34.526855170726776 ], [ -5.546463847160339, 34.527139484882468 ], [ -5.540493726730347, 34.526570916175899 ], [ -5.533954977989197, 34.530124545097522 ], [ -5.532287716865483, 34.52992057800293 ], [ -5.529548406600895, 34.52969807386404 ], [ -5.52514195442194, 34.530977427959442 ], [ -5.523960590362549, 34.531433820724601 ], [ -5.523887753486633, 34.53142058849329 ], [ -5.516931891441345, 34.534224033355713 ], [ -5.511726856231689, 34.539429068565482 ], [ -5.508306384086609, 34.542105972766876 ], [ -5.504142284393254, 34.541511118412132 ], [ -5.503012180328369, 34.540883243084068 ], [ -5.502803921699524, 34.540767550468388 ], [ -5.503027796745243, 34.540255606174469 ], [ -5.502887725830021, 34.540220618247986 ], [ -5.502787709236145, 34.539520621299744 ], [ -5.503487706184387, 34.538320600986594 ], [ -5.504625678062439, 34.536768853664455 ], [ -5.505687713622933, 34.535320580005589 ], [ -5.506269335746708, 34.534240365028438 ], [ -5.499383449554443, 34.532439410686493 ], [ -5.499349713325444, 34.53220397233963 ], [ -5.498134136199894, 34.531972408294735 ], [ -5.489321112632751, 34.540785491466579 ], [ -5.481787443161011, 34.545902729034481 ], [ -5.476812243461495, 34.551588594913596 ], [ -5.473685026168823, 34.553578615188712 ], [ -5.470887780189514, 34.554620623588676 ], [ -5.467987775802499, 34.554120600223541 ], [ -5.465787768363953, 34.553320586681536 ], [ -5.465287685394173, 34.553020596504325 ], [ -5.464187741279602, 34.552520573139191 ], [ -5.463587760925236, 34.552220582961979 ], [ -5.462687730789128, 34.552020609378872 ], [ -5.461387753486633, 34.551720619201774 ], [ -5.459887742996216, 34.551520586013908 ], [ -5.457887768745309, 34.551520586013908 ], [ -5.456887722015324, 34.551620602607841 ], [ -5.455987691879216, 34.551520586013908 ], [ -5.454987764358521, 34.551720619201774 ], [ -5.454487681388855, 34.551520586013908 ], [ -5.453987717628479, 34.551320612430629 ], [ -5.452801465988102, 34.551041483879089 ], [ -5.448864579200688, 34.547511875629482 ], [ -5.446973443031254, 34.541692733764592 ], [ -5.444645762443486, 34.540819823741913 ], [ -5.432716369628849, 34.540383398533038 ], [ -5.430388689041138, 34.540383398533038 ], [ -5.428206562995911, 34.536600947380236 ], [ -5.427187085151672, 34.536786317825431 ], [ -5.42298769950861, 34.537020623683873 ], [ -5.423057556152344, 34.537090420723132 ], [ -5.419914126396122, 34.537182867527122 ], [ -5.408712267875615, 34.533691346645469 ], [ -5.399401545524597, 34.527144730091209 ], [ -5.397801280021611, 34.523507773876247 ], [ -5.39532816410059, 34.522052943706512 ], [ -5.387472271919194, 34.52321678400051 ], [ -5.387763142585754, 34.529617905616931 ], [ -5.39227306842804, 34.535146117210445 ], [ -5.389782428741455, 34.537175476551113 ], [ -5.389636278152409, 34.537112832069511 ], [ -5.389379262924194, 34.537268400192374 ], [ -5.379989147186279, 34.535507798194999 ], [ -5.372593164443913, 34.534503638744468 ], [ -5.361644983291626, 34.531968355178833 ], [ -5.358571767807007, 34.531146407127494 ], [ -5.348006367683411, 34.527789235115108 ], [ -5.343958020210266, 34.527493000030461 ], [ -5.343621730804443, 34.52733838558197 ], [ -5.331714034080505, 34.521864712238369 ], [ -5.325592041015625, 34.518803715705872 ], [ -5.315026640891972, 34.516038954258022 ], [ -5.317036628723145, 34.514589905738774 ], [ -5.323518395423889, 34.509916961193142 ], [ -5.331319093704167, 34.503696203231812 ], [ -5.335187673568726, 34.499420583248025 ], [ -5.338132262229863, 34.495895624160937 ], [ -5.339687705039978, 34.493020594120026 ], [ -5.340187668800354, 34.492220580577907 ], [ -5.340587735176086, 34.491520583629665 ], [ -5.340887665748596, 34.491020619869289 ], [ -5.341287732124329, 34.490620613098145 ], [ -5.34237813949585, 34.488489985466117 ], [ -5.344097971916142, 34.484124004840908 ], [ -5.344550490379277, 34.482960402965602 ], [ -5.342970609664917, 34.482071757316646 ], [ -5.341489434242249, 34.481775522232169 ], [ -5.335689544677734, 34.48061823844904 ], [ -5.335170030593815, 34.48049187660223 ], [ -5.338527202606201, 34.475357294082698 ], [ -5.343361973762512, 34.470672011375484 ], [ -5.343432188034058, 34.470604002475795 ], [ -5.345439076423588, 34.468659162521476 ], [ -5.345439076423588, 34.466273069381657 ], [ -5.34465384483326, 34.465758979320469 ], [ -5.341387748718262, 34.463620603084564 ], [ -5.340701460838318, 34.463277459144649 ], [ -5.341094493865967, 34.460447251796722 ], [ -5.343464255332947, 34.456102609634399 ], [ -5.347710251808167, 34.45086932182312 ], [ -5.353338479995728, 34.447413384914398 ], [ -5.358297228813171, 34.442920625209865 ], [ -5.360842823982239, 34.440698921680621 ], [ -5.366273641586304, 34.438822805881557 ], [ -5.371605753898621, 34.438032865524349 ], [ -5.373876810073796, 34.438921570777893 ], [ -5.377628922462407, 34.441488862037829 ], [ -5.379505038261414, 34.44020521640789 ], [ -5.383948445320129, 34.435465574264583 ], [ -5.386614441871643, 34.430133521556968 ], [ -5.389675498008671, 34.426480114460105 ], [ -5.393625140190068, 34.413643658161334 ], [ -5.394816160202026, 34.413054347038383 ], [ -5.417429327964783, 34.401865541934967 ], [ -5.419424295425415, 34.401311874389592 ], [ -5.429932713508606, 34.399384975433293 ], [ -5.444414377212524, 34.396488666534424 ], [ -5.455406308174133, 34.394290268421287 ] ], [ [ -5.514046311378479, 34.482540965080318 ], [ -5.509187698364258, 34.483220577240104 ], [ -5.507287740707341, 34.483020603656826 ], [ -5.507206320762634, 34.48315620422369 ], [ -5.50550651550293, 34.483122229576225 ], [ -5.505059361457768, 34.484642386436519 ], [ -5.503092050552311, 34.486967325210628 ], [ -5.500677704811096, 34.488263964653015 ], [ -5.496561765670776, 34.48978263139719 ], [ -5.495580673217773, 34.490678369998932 ], [ -5.496251344680786, 34.492556214332637 ], [ -5.500275254249516, 34.495149433612823 ], [ -5.513554453849792, 34.50127482414257 ], [ -5.514670848846436, 34.500220417976436 ], [ -5.51516401767725, 34.499754667282104 ], [ -5.51672887802124, 34.49774265289318 ], [ -5.513662934303227, 34.495990693569297 ], [ -5.513196706771794, 34.495685994625148 ], [ -5.513822674751282, 34.494121074676514 ], [ -5.514477014541626, 34.493297278881187 ], [ -5.518293738365116, 34.488979339599666 ], [ -5.520126938819772, 34.487101495266131 ], [ -5.519635081291199, 34.485894262790737 ], [ -5.51967978477478, 34.484284698963279 ], [ -5.519232749938965, 34.482719838619232 ], [ -5.514046311378479, 34.482540965080318 ] ] ] ] } },
{ "type": "Feature", "properties": { "Code_Commu": "04.291.01.01.", "Code_Provi": "04.291.", "CODE_REGIO": "04.", "nom": "Commune de KhГ©misset", "Marocains_": 125789, "Etrangers_": 45, "Populati_1": 125834, "Menages_": 34344, "nom_arabe": "Ш¬Щ…Ш§Ш№Ш© Ш§Щ„Ш®Щ…ЩЉШіШ§ШЄ" }, "geometry": { "type": "MultiPolygon", "coordinates": [ [ [ [ -6.0632682399999, 33.802233984999987 ], [ -6.072762238999928, 33.80185422500017 ], [ -6.0851677299999, 33.801980812000124 ], [ -6.094895342999905, 33.799608224000053 ], [ -6.095547835999866, 33.799449079000169 ], [ -6.099345434999861, 33.803879612000173 ], [ -6.102763274999859, 33.806791105000116 ], [ -6.10883943399989, 33.811348224000142 ], [ -6.111750926999946, 33.815145824000126 ], [ -6.110358473999895, 33.822487849000197 ], [ -6.110409083999912, 33.823651878000135 ], [ -6.110611646999871, 33.828310835000025 ], [ -6.098965674999874, 33.838311181000222 ], [ -6.087572876999957, 33.847172246000184 ], [ -6.08086378399986, 33.84907104600012 ], [ -6.075675079999883, 33.84960780900019 ], [ -6.073521758999902, 33.849830566000037 ], [ -6.065673385999958, 33.850463499000114 ], [ -6.051748854999914, 33.845020273000046 ], [ -6.050229814999909, 33.843627820000222 ], [ -6.03503941699995, 33.826412036000079 ], [ -6.030062209999926, 33.82124700899999 ], [ -6.028330324999956, 33.819449770000233 ], [ -6.032634270999949, 33.814639477000242 ], [ -6.0360521099999, 33.811727984000129 ], [ -6.036178696999912, 33.80995577099992 ], [ -6.040229469999872, 33.80425937199999 ], [ -6.052002027999947, 33.802487159000179 ], [ -6.0632682399999, 33.802233984999987 ] ] ] ] } },
{ "type": "Feature", "properties": { "Code_Commu": "04.481.05.09.", "Code_Provi": "04.481.", "CODE_REGIO": "04.", "nom": "Commune de Sefsaf", "Marocains_": 28106, "Etrangers_": 0, "Populati_1": 28106, "Menages_": 5201, "nom_arabe": "Ш¬Щ…Ш§Ш№Ш© ШµЩЃШµШ§ЩЃ" }, "geometry": { "type": "MultiPolygon", "coordinates": [ [ [ [ -6.089687723999873, 34.603620599000237 ], [ -6.091487723999933, 34.59952059900013 ], [ -6.091587722999861, 34.597820598999988 ], [ -6.089987722999922, 34.595920599000124 ], [ -6.08828772399994, 34.594520599000134 ], [ -6.085087722999958, 34.593920599000228 ], [ -6.079187722999905, 34.596420599000112 ], [ -6.077654391999886, 34.598227740000141 ], [ -6.077460021999855, 34.600365805000081 ], [ -6.07699449799992, 34.601452029000029 ], [ -6.076063448999946, 34.601917553000192 ], [ -6.074666874999878, 34.602072728000167 ], [ -6.068925404999902, 34.601141679000136 ], [ -6.066132257999925, 34.601141679000136 ], [ -6.061942536999823, 34.601452029000029 ], [ -6.060235613999907, 34.601607204000175 ], [ -6.058063165999897, 34.60269342800018 ], [ -6.056817494999962, 34.602240456000175 ], [ -6.056356242999925, 34.602072728000167 ], [ -6.054959668999913, 34.600055455000131 ], [ -6.053873444999908, 34.598503707000191 ], [ -6.053873444999908, 34.595865734000142 ], [ -6.052166521999879, 34.591676012999926 ], [ -6.047666450999884, 34.588262167000096 ], [ -6.043688131999943, 34.587420599000097 ], [ -6.042887722999922, 34.587420599000097 ], [ -6.039987723999957, 34.587820599000167 ], [ -6.037687723999909, 34.58852059899999 ], [ -6.035387722999928, 34.589520599000139 ], [ -6.034901050999906, 34.589885603000141 ], [ -6.033235189999914, 34.593693286000132 ], [ -6.02951099399985, 34.596331259000181 ], [ -6.026097146999916, 34.596796783000173 ], [ -6.024102662999951, 34.596220599000105 ], [ -6.023787722999884, 34.596220599000105 ], [ -6.023687723999956, 34.596220599000105 ], [ -6.020787723999945, 34.595620599000199 ], [ -6.017887722999944, 34.594220598999982 ], [ -6.01518772299994, 34.592020599000023 ], [ -6.012687723999932, 34.58902059899998 ], [ -6.012287723999918, 34.588320598999985 ], [ -6.01118772399991, 34.585620599000038 ], [ -6.01124454099994, 34.584143351000193 ], [ -6.010890011999891, 34.584072446000107 ], [ -6.01354282199992, 34.57562275500004 ], [ -6.013587722999887, 34.574320599000146 ], [ -6.013657850999948, 34.5735491920002 ], [ -6.013062458999855, 34.570572234000224 ], [ -6.01135553599994, 34.567003212000145 ], [ -6.005924415999914, 34.56529628900023 ], [ -6.002355394999938, 34.565606638000077 ], [ -6.000338121999903, 34.57026188399999 ], [ -5.999020081999902, 34.571970453000176 ], [ -5.998382461999938, 34.57314973400014 ], [ -5.9959863799999, 34.576487134000104 ], [ -5.993419148999919, 34.577257303000124 ], [ -5.991203683999856, 34.576247312000135 ], [ -5.985631881999893, 34.57366318000004 ], [ -5.982123332999947, 34.572208414999977 ], [ -5.979812824999897, 34.572037267000042 ], [ -5.972539003999884, 34.575289092999981 ], [ -5.969629474999863, 34.574690072000237 ], [ -5.966120925999917, 34.571095948999982 ], [ -5.963296971999853, 34.567844123000043 ], [ -5.962612376999857, 34.567587400000036 ], [ -5.961522447999926, 34.56624101599999 ], [ -5.961303129999919, 34.56617522099998 ], [ -5.96132876199988, 34.566047061000177 ], [ -5.958333658999948, 34.564677871000072 ], [ -5.955937576999872, 34.564592297000104 ], [ -5.954739535999863, 34.565704764000202 ], [ -5.95350201999986, 34.568526298999984 ], [ -5.952987723999854, 34.569220599000232 ], [ -5.952787723999904, 34.569620599000132 ], [ -5.950187722999942, 34.571320599000103 ], [ -5.949287723999873, 34.571720599000116 ], [ -5.940716965999854, 34.574247810000088 ], [ -5.939508601999876, 34.574604114000238 ], [ -5.936597769999935, 34.575460241000087 ], [ -5.930265266999925, 34.576572708000072 ], [ -5.923590466999883, 34.576315985000235 ], [ -5.918883876999928, 34.575374667000119 ], [ -5.916830091999827, 34.573492031000171 ], [ -5.91297924499986, 34.568956590000141 ], [ -5.914434008999876, 34.565875912000138 ], [ -5.918201343999954, 34.56425206099999 ], [ -5.919397322999941, 34.563736553000183 ], [ -5.919502963999889, 34.563757682000016 ], [ -5.91999298199994, 34.563855685000078 ], [ -5.921964553999942, 34.564249999000197 ], [ -5.92436063599996, 34.566988379000122 ], [ -5.92348099599991, 34.56850775700002 ], [ -5.923487722999937, 34.568520599000237 ], [ -5.92352030099994, 34.568597972000134 ], [ -5.921622255999921, 34.571267097000089 ], [ -5.92436063599996, 34.573748754000178 ], [ -5.927954758999931, 34.574347775000092 ], [ -5.932147902999873, 34.573748754000178 ], [ -5.93368824199996, 34.571694969000134 ], [ -5.932587723999859, 34.564620212000193 ], [ -5.932587723999859, 34.564120598999978 ], [ -5.932887722999908, 34.562420599000177 ], [ -5.933687722999935, 34.561320599000112 ], [ -5.934487723999951, 34.560020598999984 ], [ -5.936887723999916, 34.5575205990001 ], [ -5.937887723999893, 34.556720599000187 ], [ -5.940887723999936, 34.554820598999981 ], [ -5.942987723999806, 34.55352059900008 ], [ -5.94421060499991, 34.551921446000165 ], [ -5.945240780999882, 34.551157122000177 ], [ -5.94438503799995, 34.548333167000237 ], [ -5.942930272999945, 34.547562997999989 ], [ -5.940868724999916, 34.548880099000144 ], [ -5.940070090999882, 34.549390337000091 ], [ -5.939225889999932, 34.549993337999979 ], [ -5.937369406999892, 34.553293751000126 ], [ -5.932897421999883, 34.554669747000105 ], [ -5.930677251999953, 34.554176376000044 ], [ -5.930176895999864, 34.554065185000184 ], [ -5.929801432999909, 34.553981749000229 ], [ -5.929756086999873, 34.553854781000041 ], [ -5.928487723999922, 34.553220598999928 ], [ -5.926087723999842, 34.551520599000128 ], [ -5.924687723999909, 34.550120599000138 ], [ -5.923887723999883, 34.547920599000179 ], [ -5.923687723999933, 34.545520599000042 ], [ -5.924287723999953, 34.543920598999989 ], [ -5.925212106999936, 34.543073247999928 ], [ -5.926328845999876, 34.543113130999984 ], [ -5.930949861999864, 34.542257387000234 ], [ -5.933517092999921, 34.540631475000168 ], [ -5.9344058719999, 34.5380243890001 ], [ -5.935187723999945, 34.536920599000041 ], [ -5.936187722999932, 34.535820599000203 ], [ -5.937098746999879, 34.534844501000237 ], [ -5.938651554999922, 34.533871100000056 ], [ -5.94438503799995, 34.528736638000169 ], [ -5.945155206999914, 34.525570386000197 ], [ -5.943700442999955, 34.523345453000047 ], [ -5.94310142199987, 34.52308873000004 ], [ -5.940876488999891, 34.522832006000101 ], [ -5.944497608999939, 34.517072093000195 ], [ -5.944587723999916, 34.517020599000034 ], [ -5.945087722999915, 34.518120599000099 ], [ -5.945387723999943, 34.519020598999987 ], [ -5.945987723999849, 34.520420599000147 ], [ -5.946278984999879, 34.52151282900013 ], [ -5.958832310999924, 34.514739572999929 ], [ -5.969880529999955, 34.511496301000193 ], [ -5.976687722999884, 34.508520599000178 ], [ -5.979187722999882, 34.507820599000183 ], [ -5.980387722999865, 34.507520599000202 ], [ -5.981987722999918, 34.507220599000107 ], [ -5.984587723999937, 34.507520599000202 ], [ -5.986687722999875, 34.508920599000078 ], [ -5.988987723999912, 34.510620599000049 ], [ -5.991387722999889, 34.512420599000109 ], [ -5.993087723999793, 34.51402059899999 ], [ -5.994987723999941, 34.513820598999928 ], [ -5.996387723999874, 34.511920599000121 ], [ -5.998087722999855, 34.510120599000231 ], [ -5.998987723999903, 34.511120599000037 ], [ -5.999487722999959, 34.512420599000109 ], [ -6.00118772299993, 34.513220599000022 ], [ -6.00118772299993, 34.513820598999928 ], [ -6.002687723999884, 34.515420598999981 ], [ -6.003787722999959, 34.515120599000227 ], [ -6.006687722999914, 34.515120599000227 ], [ -6.007987723999918, 34.515320599000233 ], [ -6.00908772299988, 34.51592059900014 ], [ -6.00948772299995, 34.516820599000198 ], [ -6.009987723999927, 34.518920599000239 ], [ -6.011787722999941, 34.520120599000222 ], [ -6.013287723999952, 34.519520599000145 ], [ -6.01378772299995, 34.519320599000082 ], [ -6.015287723999961, 34.515720599000133 ], [ -6.016187723999906, 34.51152059900005 ], [ -6.016787723999926, 34.507220599000107 ], [ -6.017912411999873, 34.503533567000034 ], [ -6.019560677999948, 34.49813010500003 ], [ -6.034872530999849, 34.50228247199999 ], [ -6.050587723999911, 34.511220599000126 ], [ -6.054887723999911, 34.511320599000044 ], [ -6.057587722999926, 34.511620599000196 ], [ -6.064387723999914, 34.510920599000144 ], [ -6.068587722999951, 34.509020599000166 ], [ -6.075387723999938, 34.506520599000055 ], [ -6.081287723999935, 34.503420599000094 ], [ -6.087287723999907, 34.499420599000246 ], [ -6.091187722999905, 34.497920599000111 ], [ -6.093587723999917, 34.498120599000174 ], [ -6.094687722999936, 34.498320599000181 ], [ -6.102987723999945, 34.500420599000222 ], [ -6.110687723999888, 34.502420599000118 ], [ -6.109071028999949, 34.504095248999931 ], [ -6.093784236999909, 34.51993003199999 ], [ -6.092746144999808, 34.523303830000089 ], [ -6.09248662199991, 34.526158582000164 ], [ -6.093005667999876, 34.527196674000095 ], [ -6.09477478999986, 34.528523515000188 ], [ -6.101829447999876, 34.527715720000231 ], [ -6.105981814999893, 34.529532380000092 ], [ -6.10904976799992, 34.534989443000143 ], [ -6.106241337999961, 34.541470435000122 ], [ -6.107934509999893, 34.545508 ], [ -6.107687722999913, 34.547420599000191 ], [ -6.10818772399989, 34.552720599000168 ], [ -6.10818772399989, 34.556220599000198 ], [ -6.107976884999857, 34.55853982900004 ], [ -6.108805341999926, 34.568244611000125 ], [ -6.110666678999905, 34.570105948000048 ], [ -6.112787722999826, 34.570220599000038 ], [ -6.112730216999864, 34.57206081400011 ], [ -6.11501233599995, 34.574451604999979 ], [ -6.114767093999887, 34.574574226000095 ], [ -6.113767502999906, 34.578322692000086 ], [ -6.114286548999928, 34.585070288000225 ], [ -6.11218772299992, 34.584420599000225 ], [ -6.107187723999914, 34.586020599000108 ], [ -6.105766146999883, 34.586450378000222 ], [ -6.106760383999926, 34.590001224000048 ], [ -6.103956253999911, 34.591014003999987 ], [ -6.102690182999936, 34.591647040000112 ], [ -6.106012194999835, 34.598193357000241 ], [ -6.108646921999934, 34.601953253000147 ], [ -6.107187723999914, 34.601820599000177 ], [ -6.102787723999938, 34.603620599000237 ], [ -6.102487723999957, 34.603720598999985 ], [ -6.10239711599985, 34.603770526000119 ], [ -6.100270724999859, 34.605641750000245 ], [ -6.096187301999862, 34.607738643000062 ], [ -6.095612727999935, 34.608033694000085 ], [ -6.094529255999817, 34.608590072000084 ], [ -6.09235680799992, 34.608900422000204 ], [ -6.090339534999885, 34.608434897000166 ], [ -6.089098135999961, 34.607814198000199 ], [ -6.088942960999873, 34.606572799000105 ], [ -6.089377342999853, 34.605731183000103 ], [ -6.089687723999873, 34.603620599000237 ] ] ] ] } },
{ "type": "Feature", "properties": { "Code_Commu": "04.481.09.07.", "Code_Provi": "04.481.", "CODE_REGIO": "04.", "nom": "Commune de Selfat", "Marocains_": 10366, "Etrangers_": 0, "Populati_1": 10366, "Menages_": 2127, "nom_arabe": "Ш¬Щ…Ш§Ш№Ш© ШіЩ„ЩЃШ§ШЄ" }, "geometry": { "type": "MultiPolygon", "coordinates": [ [ [ [ -5.482053834999874, 34.325859340000079 ], [ -5.480459831999895, 34.32506233800018 ], [ -5.478666577999945, 34.322970208000129 ], [ -5.476972948999958, 34.321675080000034 ], [ -5.473948734999851, 34.316681610000103 ], [ -5.473844167999914, 34.316577043000223 ], [ -5.471792437999852, 34.313406187000226 ], [ -5.469899558999941, 34.314302814000087 ], [ -5.467707803999929, 34.316195693000111 ], [ -5.467742890999943, 34.316774625999983 ], [ -5.467537869999944, 34.316945476000228 ], [ -5.467508552999902, 34.317590446000111 ], [ -5.467110052999942, 34.318785949000187 ], [ -5.466213425999854, 34.319284075000041 ], [ -5.465126652999913, 34.31948167000013 ], [ -5.464742691999959, 34.319865631000198 ], [ -5.462826167999879, 34.319084825000232 ], [ -5.460734038999817, 34.314800940000055 ], [ -5.460833663999949, 34.313605438000081 ], [ -5.461032913999929, 34.312310310000044 ], [ -5.459538535999911, 34.310417431000189 ], [ -5.456660103999866, 34.309370728000204 ], [ -5.456506089999948, 34.309244717000183 ], [ -5.451070392999952, 34.307030173000101 ], [ -5.447583509999845, 34.304041417000235 ], [ -5.443797751999853, 34.301949287000127 ], [ -5.443199999999877, 34.300853410000173 ], [ -5.443453440999804, 34.300029730000233 ], [ -5.445092879999891, 34.298960530999921 ], [ -5.44688613299985, 34.298860906000129 ], [ -5.447384259999865, 34.297864653000204 ], [ -5.44608913199994, 34.293281893000142 ], [ -5.445391754999946, 34.292883393000182 ], [ -5.444993873999806, 34.29317595300023 ], [ -5.444326103999799, 34.293666959000177 ], [ -5.443543105999936, 34.294242693000228 ], [ -5.441107870999872, 34.292684141999928 ], [ -5.44060483699991, 34.287510084000132 ], [ -5.440387723999891, 34.287220599000079 ], [ -5.44025354899992, 34.286952250000184 ], [ -5.440211243999954, 34.285810002000176 ], [ -5.439771502999804, 34.284930520999922 ], [ -5.43985263299993, 34.284714175000147 ], [ -5.438816490999898, 34.283418997000126 ], [ -5.438871180999911, 34.279973526000049 ], [ -5.435619196999937, 34.27960537600012 ], [ -5.434378134999861, 34.277123254000117 ], [ -5.434087722999891, 34.275720599000124 ], [ -5.433387723999886, 34.274820599000122 ], [ -5.431969015999925, 34.273327067000196 ], [ -5.431677001999901, 34.272451023000144 ], [ -5.432088594999868, 34.271521471000142 ], [ -5.432261030999939, 34.270917948000033 ], [ -5.429778907999889, 34.267486778000034 ], [ -5.429632900999877, 34.264128613000082 ], [ -5.429778907999889, 34.261719494000147 ], [ -5.427953817999878, 34.260259421999933 ], [ -5.422624554999913, 34.256682244999979 ], [ -5.421187723999878, 34.254320598999982 ], [ -5.421075713999926, 34.251907182000082 ], [ -5.421223988999941, 34.250127884000108 ], [ -5.422875142999942, 34.248240851000048 ], [ -5.429394092999928, 34.2501034080002 ], [ -5.436533894999798, 34.233340395000141 ], [ -5.450735741999893, 34.234476543000142 ], [ -5.463587723999922, 34.226020599000037 ], [ -5.464240989999894, 34.22515627700011 ], [ -5.470087723999939, 34.217420599000093 ], [ -5.470385042999851, 34.217331403000173 ], [ -5.473785034999878, 34.212231415000076 ], [ -5.46933238299988, 34.202769531000229 ], [ -5.467887723999922, 34.199020599000164 ], [ -5.467905450999865, 34.198949692000099 ], [ -5.464782675999857, 34.191743288000168 ], [ -5.443984122999836, 34.18429306000013 ], [ -5.445647598999869, 34.181520599000123 ], [ -5.456401168999946, 34.165046637999978 ], [ -5.463851396999928, 34.165046637999978 ], [ -5.467887723999922, 34.157320599000116 ], [ -5.469486574999848, 34.149481977000107 ], [ -5.469787722999911, 34.149120599000014 ], [ -5.469439067999929, 34.14735234599999 ], [ -5.482787393999956, 34.153871296000091 ], [ -5.488995916999897, 34.156354705000126 ], [ -5.491387722999832, 34.156520599000203 ], [ -5.495585168999924, 34.157369350000181 ], [ -5.500171258999956, 34.160700672000075 ], [ -5.498787723999953, 34.162520599000118 ], [ -5.498587723999947, 34.163020599000106 ], [ -5.498287722999919, 34.163520599000094 ], [ -5.497887722999849, 34.164020599000082 ], [ -5.497187723999843, 34.164420598999982 ], [ -5.496187723999867, 34.165220599000236 ], [ -5.49568772299989, 34.165420599000072 ], [ -5.494687723999959, 34.166220599000042 ], [ -5.494287723999946, 34.1667205990002 ], [ -5.494187722999868, 34.166820599000118 ], [ -5.493787722999912, 34.167720599000177 ], [ -5.493387722999955, 34.168920598999989 ], [ -5.493387722999955, 34.170420599000067 ], [ -5.493887723999933, 34.171320599000126 ], [ -5.493987722999918, 34.171420599000044 ], [ -5.494187722999868, 34.172120599000039 ], [ -5.494087723999939, 34.172520599000109 ], [ -5.493887723999933, 34.173220599000103 ], [ -5.493387722999955, 34.173920598999928 ], [ -5.492787722999935, 34.174420599000086 ], [ -5.492487723999886, 34.175320599000145 ], [ -5.492487723999886, 34.176720599000191 ], [ -5.492687723999836, 34.177820599000029 ], [ -5.493387722999955, 34.178920598999923 ], [ -5.493987722999918, 34.179620599000145 ], [ -5.494487723999896, 34.180420599000229 ], [ -5.494787723999934, 34.181220599000198 ], [ -5.495187723999891, 34.181520599000123 ], [ -5.495287723999922, 34.181520599000123 ], [ -5.495416890999934, 34.181615217000115 ], [ -5.497377422999818, 34.183051356000021 ], [ -5.501102536999838, 34.18429306000013 ], [ -5.506379781999954, 34.183982634000188 ], [ -5.522521942999902, 34.184603487000118 ], [ -5.52655748299992, 34.189570305000188 ], [ -5.52655748299992, 34.19267456700004 ], [ -5.528109613999845, 34.196710107000115 ], [ -5.529661744999942, 34.213473120000231 ], [ -5.535249415999942, 34.232409116000099 ], [ -5.5343181369999, 34.243894885000145 ], [ -5.540087722999886, 34.250220599000045 ], [ -5.549529019999909, 34.265003864000107 ], [ -5.549839445999908, 34.275558354000111 ], [ -5.548931191999941, 34.277028860000144 ], [ -5.543320495999922, 34.286112843000069 ], [ -5.542389217999869, 34.292942219000054 ], [ -5.543630921999863, 34.297288185000127 ], [ -5.540216234999946, 34.299771595000095 ], [ -5.538664103999849, 34.304427987000224 ], [ -5.532455579999919, 34.310015658000111 ], [ -5.52997217099994, 34.317465885999979 ], [ -5.521590663999916, 34.31808673900008 ], [ -5.515443035999851, 34.316720599000178 ], [ -5.51538772299989, 34.316720599000178 ], [ -5.514371599999947, 34.316582037000103 ], [ -5.511967452999954, 34.313740772000131 ], [ -5.511782856999957, 34.312033254000028 ], [ -5.511557955999933, 34.309952923000139 ], [ -5.510725748999903, 34.302255004000131 ], [ -5.505138077999959, 34.303186283000173 ], [ -5.498287722999919, 34.317020598999989 ], [ -5.497894244999941, 34.317690072000232 ], [ -5.493112233999852, 34.316693820000182 ], [ -5.491817106999918, 34.315498316999935 ], [ -5.491493434999938, 34.314095740000198 ], [ -5.491405734999887, 34.314016810000226 ], [ -5.491418605999911, 34.314003939000145 ], [ -5.490621603999955, 34.313306562000093 ], [ -5.489724976999923, 34.313206937000245 ], [ -5.48773247299988, 34.313406187000226 ], [ -5.486736219999898, 34.314900566000176 ], [ -5.487753212999849, 34.316568434000146 ], [ -5.487787723999929, 34.317120599000077 ], [ -5.488587723999956, 34.3191205990002 ], [ -5.488687722999884, 34.321320598999932 ], [ -5.488287722999928, 34.322320599000079 ], [ -5.487287722999952, 34.323020599000074 ], [ -5.487187723999853, 34.323220599000138 ], [ -5.486687722999875, 34.323720599000126 ], [ -5.48598772399987, 34.324520599000039 ], [ -5.485287722999942, 34.324920599000109 ], [ -5.484487723999905, 34.325320599000179 ], [ -5.483287723999922, 34.32582059900011 ], [ -5.482306825999956, 34.325624419000235 ], [ -5.482053834999874, 34.325859340000079 ] ] ] ] } },
{ "type": "Feature", "properties": { "Code_Commu": "04.491.03.07.", "Code_Provi": "04.491.", "CODE_REGIO": "04.", "nom": "Commune de Kceibya", "Marocains_": 33006, "Etrangers_": 1, "Populati_1": 33007, "Menages_": 6099, "nom_arabe": "Ш¬Щ…Ш§Ш№Ш© Ш§Щ„Щ‚ШµЩЉШЁЩЉШ©" }, "geometry": { "type": "MultiPolygon", "coordinates": [ [ [ [ -6.103587723999851, 34.408220599000117 ], [ -6.10188772399988, 34.407720599000129 ], [ -6.100087723999934, 34.407920599000136 ], [ -6.097687723999911, 34.408920599000112 ], [ -6.097587723999936, 34.408220599000117 ], [ -6.095787723999933, 34.408320599000035 ], [ -6.09418772399988, 34.407820599000047 ], [ -6.093387723999854, 34.403820599000198 ], [ -6.091387722999855, 34.400520599000174 ], [ -6.086687723999887, 34.398120599000038 ], [ -6.082787723999957, 34.39672059899999 ], [ -6.078287723999949, 34.39622059900023 ], [ -6.076687723999953, 34.396120599000085 ], [ -6.073787723999942, 34.396920599000225 ], [ -6.070787723999899, 34.395620598999926 ], [ -6.067787722999924, 34.393920599000126 ], [ -6.066887723999912, 34.392620599000225 ], [ -6.064987723999877, 34.391420599000071 ], [ -6.06268772299984, 34.391320598999982 ], [ -6.060787723999908, 34.389920599000106 ], [ -6.060687722999887, 34.388720599000123 ], [ -6.06268772299984, 34.388020599000129 ], [ -6.06268772299984, 34.387220598999988 ], [ -6.062587723999911, 34.386720599000228 ], [ -6.062187723999955, 34.386720599000228 ], [ -6.061287722999907, 34.386720599000228 ], [ -6.059687723999957, 34.386820599000146 ], [ -6.059087723999937, 34.386620599000082 ], [ -6.058387722999953, 34.384820599000193 ], [ -6.055087723999918, 34.38322059900014 ], [ -6.051287722999916, 34.381720599000232 ], [ -6.05048772299989, 34.381120598999985 ], [ -6.049287723999896, 34.380420598999933 ], [ -6.048287723999863, 34.380220599000097 ], [ -6.046287723999853, 34.380320599000186 ], [ -6.044687723999914, 34.378920599000196 ], [ -6.044687723999914, 34.377920599000049 ], [ -6.046087723999904, 34.377220599000225 ], [ -6.046187722999946, 34.376020599000071 ], [ -6.045287723999877, 34.37532059900002 ], [ -6.043987723999862, 34.375520599000083 ], [ -6.043187723999949, 34.375520599000083 ], [ -6.041987723999853, 34.375120599000184 ], [ -6.041587723999896, 34.3743205990001 ], [ -6.04118772399994, 34.372620599000129 ], [ -6.040887722999912, 34.372620599000129 ], [ -6.039887722999936, 34.372820599000136 ], [ -6.03918772399993, 34.373620599000049 ], [ -6.038687723999942, 34.372620599000129 ], [ -6.038287723999872, 34.370820599000183 ], [ -6.037787723999884, 34.368520599000135 ], [ -6.037687723999909, 34.367120599000145 ], [ -6.037487723999959, 34.365620599000181 ], [ -6.037087723999889, 34.363820599000121 ], [ -6.037387722999938, 34.362120598999979 ], [ -6.037287723999953, 34.360620599000185 ], [ -6.036587722999911, 34.359720599000184 ], [ -6.037187722999931, 34.359320599000114 ], [ -6.039687722999929, 34.357220599000243 ], [ -6.047787722999885, 34.349220599000034 ], [ -6.05108772299991, 34.342420598999979 ], [ -6.051718672999868, 34.340401559000043 ], [ -6.048108199999945, 34.33748540900018 ], [ -6.047893046999889, 34.334473261000198 ], [ -6.046271795999871, 34.322176803000104 ], [ -6.042658218999918, 34.318021188999978 ], [ -6.042917741999929, 34.308937886000081 ], [ -6.044794332999913, 34.302351155000167 ], [ -6.048900853999953, 34.300821275000089 ], [ -6.049405814999943, 34.300633152000046 ], [ -6.049405814999943, 34.298556968000014 ], [ -6.060408772999949, 34.288384421999979 ], [ -6.066187722999871, 34.289920599000197 ], [ -6.075087722999797, 34.292820598999981 ], [ -6.079487723999875, 34.274420599000223 ], [ -6.090687723999906, 34.272920599000088 ], [ -6.112587722999876, 34.270120599000052 ], [ -6.13248772399993, 34.265120599000113 ], [ -6.131587722999939, 34.263820598999985 ], [ -6.130311015999951, 34.261025646000121 ], [ -6.130286662999936, 34.26094649700002 ], [ -6.127558307999891, 34.25357993900019 ], [ -6.127558307999891, 34.251942926000197 ], [ -6.129468155999916, 34.248123229000043 ], [ -6.132742181999902, 34.243212190000236 ], [ -6.134106359999919, 34.237209808999978 ], [ -6.13601620799983, 34.236118466999926 ], [ -6.139835904999927, 34.233390112000222 ], [ -6.143928437999875, 34.226842060000081 ], [ -6.158934389999899, 34.219202666000172 ], [ -6.159207224999932, 34.215110133000223 ], [ -6.161662744999887, 34.212927449000119 ], [ -6.165209605999905, 34.210199094000245 ], [ -6.169574973999943, 34.209107752000193 ], [ -6.178912416999935, 34.197492885000088 ], [ -6.184035255999959, 34.194374635000145 ], [ -6.18676361099989, 34.188099419000196 ], [ -6.19112897899987, 34.184825392999983 ], [ -6.190856142999849, 34.179641517999983 ], [ -6.195494346999851, 34.175548986000138 ], [ -6.202588069999877, 34.161907211000198 ], [ -6.202547875999926, 34.161887114000194 ], [ -6.208287723999945, 34.16202059900013 ], [ -6.21103639099988, 34.16204207300018 ], [ -6.221087723999858, 34.162120599000104 ], [ -6.248287722999919, 34.162220599000193 ], [ -6.269599477999861, 34.162463699000227 ], [ -6.274587722999854, 34.162520599000118 ], [ -6.278487722999955, 34.162620599000036 ], [ -6.279523377999851, 34.162293426000076 ], [ -6.281171952999955, 34.165660727000045 ], [ -6.282477182999912, 34.167116561000114 ], [ -6.284704491999946, 34.169789332000164 ], [ -6.286040877999937, 34.172350737999977 ], [ -6.285438724999949, 34.173655401000019 ], [ -6.284481760999881, 34.175134875000083 ], [ -6.282143085999905, 34.176025798000126 ], [ -6.278913487999944, 34.178141742000093 ], [ -6.279502773999923, 34.179059878000203 ], [ -6.281262224999864, 34.182798712000078 ], [ -6.282244631999959, 34.184449876000087 ], [ -6.28281127899993, 34.185937325000168 ], [ -6.281133969999928, 34.188297983000098 ], [ -6.279314343999886, 34.193755494000186 ], [ -6.277205789999869, 34.196458006000171 ], [ -6.277131639999936, 34.196739775000083 ], [ -6.272788386999935, 34.203310338000108 ], [ -6.272851900999854, 34.208327935000227 ], [ -6.272869588999924, 34.208344886000134 ], [ -6.27296739499991, 34.214408820000187 ], [ -6.272687723999866, 34.215020599000127 ], [ -6.272300925999957, 34.216406625999923 ], [ -6.268987723999885, 34.221420599000112 ], [ -6.267987723999909, 34.223420599000235 ], [ -6.265104168999926, 34.231597167000132 ], [ -6.265660996999884, 34.236942710000221 ], [ -6.263879148999877, 34.239726846000167 ], [ -6.262876859999835, 34.244404196000119 ], [ -6.261206377999883, 34.246965602000103 ], [ -6.261390911999911, 34.250410241000111 ], [ -6.257587723999904, 34.252820599000074 ], [ -6.25664039399993, 34.254092992000096 ], [ -6.253856256999882, 34.259995361999927 ], [ -6.251687723999851, 34.263420599000142 ], [ -6.251604687999929, 34.263608814000122 ], [ -6.248065252999936, 34.265452270000083 ], [ -6.248365156999853, 34.268451316000096 ], [ -6.248287722999919, 34.268520599000226 ], [ -6.248622079999961, 34.269572792000133 ], [ -6.245949308999911, 34.273247852000111 ], [ -6.245608733999859, 34.275757149000128 ], [ -6.245608733999859, 34.278593811000178 ], [ -6.245478630999855, 34.283250842000143 ], [ -6.246419208999953, 34.290183601000081 ], [ -6.245294336999962, 34.294214392000072 ], [ -6.244555116999891, 34.297072636000166 ], [ -6.245587723999904, 34.300020599000106 ], [ -6.245712106999918, 34.30104676000019 ], [ -6.249823202999949, 34.307365666000237 ], [ -6.248463211999876, 34.307932329000096 ], [ -6.245770828999866, 34.309148709999931 ], [ -6.246108504999938, 34.309625236000102 ], [ -6.247516548999897, 34.311938450000184 ], [ -6.247604700999887, 34.314450784000087 ], [ -6.247830074999911, 34.32087393400019 ], [ -6.24312718799996, 34.330749996000236 ], [ -6.246732733999863, 34.3456424700002 ], [ -6.251733301999934, 34.35249107400017 ], [ -6.253160012999899, 34.354264429000068 ], [ -6.252650001999939, 34.358794275000093 ], [ -6.245165105999945, 34.361945811000055 ], [ -6.240462218999937, 34.366491934000237 ], [ -6.237326960999951, 34.371194821000245 ], [ -6.239024505999907, 34.373028169000236 ], [ -6.241563923999934, 34.375904817000048 ], [ -6.243603833999885, 34.381004591000135 ], [ -6.244536745999881, 34.383124526000131 ], [ -6.241687723999917, 34.386820599000146 ], [ -6.241599829999927, 34.386820599000146 ], [ -6.240572983999925, 34.387796103000198 ], [ -6.236750784999913, 34.387512977000029 ], [ -6.232503896999958, 34.384964844000137 ], [ -6.227832319999948, 34.377320446000226 ], [ -6.220187921999923, 34.369534485000202 ], [ -6.208287723999945, 34.353920599000048 ], [ -6.205687722999926, 34.350820599000087 ], [ -6.203483496999809, 34.348583172000133 ], [ -6.174887784999896, 34.358067888000107 ], [ -6.152520841999944, 34.36698635200014 ], [ -6.141620496999906, 34.377603572000169 ], [ -6.133692972999881, 34.385247970000137 ], [ -6.128030454999873, 34.385672659000193 ], [ -6.124491381999917, 34.391052050000042 ], [ -6.122792626999853, 34.398130197000114 ], [ -6.127071403999935, 34.402617694000241 ], [ -6.128879832999928, 34.404642091000142 ], [ -6.124774507999859, 34.41030460799999 ], [ -6.11953667999984, 34.42177120600013 ], [ -6.11768772299996, 34.420920599000169 ], [ -6.113187722999953, 34.41732059900005 ], [ -6.106587723999951, 34.413620599000126 ], [ -6.105187723999904, 34.409720599000025 ], [ -6.103587723999851, 34.408220599000117 ] ] ] ] } },
{ "type": "Feature", "properties": { "Code_Commu": "04.291.03.13.", "Code_Provi": "04.291.", "CODE_REGIO": "04.", "nom": "Commune de Sfassif", "Marocains_": 7070, "Etrangers_": 1, "Populati_1": 7071, "Menages_": 1807, "nom_arabe": "Ш¬Щ…Ш§Ш№Ш© Ш§Щ„ШµЩЃШ§ШµЩЉЩЃ" }, "geometry": { "type": "MultiPolygon", "coordinates": [ [ [ [ -5.813216017999878, 34.01444490900019 ], [ -5.808568531999924, 34.007631759000105 ], [ -5.800263797999889, 34.001922254000135 ], [ -5.796116461999929, 33.993627583000091 ], [ -5.793087722999815, 33.991720599000075 ], [ -5.779687722999881, 33.983520599000144 ], [ -5.775751864999847, 33.980455505000236 ], [ -5.766006770999923, 33.961696199000244 ], [ -5.753549669999927, 33.946384346000173 ], [ -5.756923467999911, 33.941453411000111 ], [ -5.753809192999938, 33.938079612000081 ], [ -5.760225197999887, 33.930499757000064 ], [ -5.762632971999892, 33.927958218000015 ], [ -5.76678533899991, 33.929515356000081 ], [ -5.770079874999851, 33.929405538000083 ], [ -5.774311503999854, 33.928996310000116 ], [ -5.774051980999957, 33.917836823000243 ], [ -5.778204347999917, 33.917058255000086 ], [ -5.777425779999874, 33.915241594000179 ], [ -5.780280531999892, 33.910310658000014 ], [ -5.781578146999891, 33.904341631000079 ], [ -5.7779877239999, 33.897120599000175 ], [ -5.779687722999881, 33.896120599000199 ], [ -5.790784359999918, 33.89531345100005 ], [ -5.797801979999861, 33.893799847000196 ], [ -5.800263797999889, 33.891884530000084 ], [ -5.79813966699993, 33.886361790000194 ], [ -5.805153598999937, 33.877981729000226 ], [ -5.807530439999937, 33.874756016000049 ], [ -5.803637595999874, 33.866970327999979 ], [ -5.798687723999876, 33.863920598999982 ], [ -5.791180494999935, 33.856070365000221 ], [ -5.785990035999873, 33.857627503000117 ], [ -5.782842599999867, 33.852818878000221 ], [ -5.787087723999946, 33.851320599000132 ], [ -5.797149522999803, 33.847765631000186 ], [ -5.800887722999903, 33.845320599000047 ], [ -5.803310287999921, 33.842148193000071 ], [ -5.803755103999947, 33.835475956000039 ], [ -5.809087723999937, 33.835220599000138 ], [ -5.818340678999903, 33.833307830000024 ], [ -5.826587723999864, 33.831620599000132 ], [ -5.831349435999869, 33.83389913700023 ], [ -5.842190065999944, 33.845331074000114 ], [ -5.855395924999868, 33.853609374000087 ], [ -5.863871326999913, 33.857748524000101 ], [ -5.863686347999874, 33.859680523000122 ], [ -5.863448523999921, 33.86216446899999 ], [ -5.862097405999862, 33.876276147000169 ], [ -5.863082917999861, 33.882780525000101 ], [ -5.866039452999871, 33.888102289000244 ], [ -5.894027989999927, 33.894015360000196 ], [ -5.906839643999945, 33.901308148000169 ], [ -5.918862888999911, 33.911360369000136 ], [ -5.920833911999921, 33.915302416000031 ], [ -5.919185952999953, 33.916718828000171 ], [ -5.917787722999947, 33.91792059900024 ], [ -5.916087723999851, 33.919820599000047 ], [ -5.913541124999938, 33.927325661000168 ], [ -5.908416462999924, 33.930479299000183 ], [ -5.904474415999914, 33.933041629000058 ], [ -5.901320777999899, 33.936983677000114 ], [ -5.900729469999931, 33.942305441000087 ], [ -5.905110852999883, 33.945142356000076 ], [ -5.910978793999902, 33.948809819000189 ], [ -5.911687722999943, 33.953620599000146 ], [ -5.911587723999958, 33.954820599000129 ], [ -5.910044909999897, 33.958817877000115 ], [ -5.907430950999924, 33.966351930000087 ], [ -5.906982871999958, 33.972774391000087 ], [ -5.90672841199995, 33.977608129000146 ], [ -5.906642541999872, 33.979754891000141 ], [ -5.90703674599996, 33.988427396000191 ], [ -5.904474415999914, 33.991778136000107 ], [ -5.904868619999888, 33.99907092400008 ], [ -5.906642541999872, 34.005575302000238 ], [ -5.893830886999865, 34.007152121000047 ], [ -5.886932304999902, 34.009911553999984 ], [ -5.877865594999889, 34.008728940000196 ], [ -5.865053940999871, 34.011882577999984 ], [ -5.850862570999936, 34.009517349000134 ], [ -5.833320459999868, 34.010108656000114 ], [ -5.820533473999944, 34.01286663400009 ], [ -5.813216017999878, 34.01444490900019 ] ] ] ] } },
{ "type": "Feature", "properties": { "Code_Commu": "04.441.03.01.", "Code_Provi": "04.441.", "CODE_REGIO": "04.", "nom": null, "Marocains_": null, "Etrangers_": null, "Populati_1": null, "Menages_": null, "nom_arabe": null }, "geometry": { "type": "MultiPolygon", "coordinates": [ [ [ [ -6.636282155999879, 34.039065010000229 ], [ -6.635576143999913, 34.034217060000231 ], [ -6.634058225999922, 34.032926829000132 ], [ -6.632540306999886, 34.026779259000023 ], [ -6.628204148999941, 34.026316735000137 ], [ -6.601497314999904, 34.022872833000122 ], [ -6.600659643999961, 34.022777760000167 ], [ -6.572342527999922, 34.019563854000182 ], [ -6.568496956999866, 34.019206127000132 ], [ -6.568587722999951, 34.018620599000201 ], [ -6.572631065999929, 33.999535614000195 ], [ -6.571287722999955, 33.997520598999984 ], [ -6.567689833999907, 33.993595630000016 ], [ -6.555007223999894, 33.981067559000223 ], [ -6.552830569999855, 33.978673238999988 ], [ -6.54007955499992, 33.964647123000134 ], [ -6.533013550999954, 33.95782631600008 ], [ -6.529934539999829, 33.934033960000193 ], [ -6.541787723999903, 33.921920599000089 ], [ -6.548103316999857, 33.915871928000115 ], [ -6.560947855999927, 33.902879741000106 ], [ -6.560987723999858, 33.902620598999931 ], [ -6.552887722999856, 33.901120599000194 ], [ -6.549287722999907, 33.901320599000201 ], [ -6.541324770999893, 33.904854144000126 ], [ -6.537405510999918, 33.900934885000083 ], [ -6.520576140999935, 33.874615869000081 ], [ -6.512266332999957, 33.869238934000066 ], [ -6.513687723999908, 33.86802059900009 ], [ -6.510487723999915, 33.865820599000131 ], [ -6.5052877239998, 33.865420599000061 ], [ -6.492308968999907, 33.866856158000132 ], [ -6.47534227899996, 33.862035437000145 ], [ -6.475587723999922, 33.861120599000117 ], [ -6.475787723999929, 33.857920599000181 ], [ -6.473913505999917, 33.850507078000078 ], [ -6.473815299999899, 33.841771871999924 ], [ -6.474902902999929, 33.838509061000082 ], [ -6.475990506999949, 33.836333854000145 ], [ -6.4762654699999, 33.833675879000225 ], [ -6.478887723999947, 33.831620599000132 ], [ -6.479087723999953, 33.831320599000037 ], [ -6.480987722999942, 33.828520599000171 ], [ -6.484487722999916, 33.826320599000042 ], [ -6.490187722999906, 33.825920599000142 ], [ -6.496094827999912, 33.825994438000123 ], [ -6.502636792999908, 33.839234130000136 ], [ -6.507893543999955, 33.842859475000125 ], [ -6.511156353999866, 33.839596664999988 ], [ -6.516231836999907, 33.837783992000197 ], [ -6.51423789699993, 33.834702449000076 ], [ -6.514087723999864, 33.831120599000201 ], [ -6.517319440999927, 33.830170767000084 ], [ -6.517287722999868, 33.826920599000118 ], [ -6.517287722999868, 33.823720599000183 ], [ -6.516887722999911, 33.820820599000228 ], [ -6.516531316999931, 33.819741448999935 ], [ -6.512448327999948, 33.815357994000067 ], [ -6.511743650999904, 33.814619760000085 ], [ -6.516865339999924, 33.80693722600023 ], [ -6.519314842999904, 33.801592855000081 ], [ -6.519421135999892, 33.795427893000124 ], [ -6.520187723999925, 33.794320599000173 ], [ -6.525215919999937, 33.790904112000192 ], [ -6.527352280999935, 33.790462107000167 ], [ -6.527447059999872, 33.790411063000192 ], [ -6.538347023999904, 33.786518219000129 ], [ -6.542287722999902, 33.7874205990002 ], [ -6.54477324599992, 33.786748836000129 ], [ -6.54924698699989, 33.791968199999985 ], [ -6.548770225999874, 33.797212575000174 ], [ -6.55004497799996, 33.798363964000146 ], [ -6.554874982999877, 33.795546461000185 ], [ -6.556513628999937, 33.794303907000028 ], [ -6.561287722999907, 33.79272059900012 ], [ -6.564087722999943, 33.7917205990002 ], [ -6.565187363999883, 33.791460818000076 ], [ -6.566746137999871, 33.795023732000175 ], [ -6.568241071999921, 33.794667017000052 ], [ -6.568861618999961, 33.794578368000089 ], [ -6.568861618999961, 33.79034740700024 ], [ -6.57476269499989, 33.789233996000235 ], [ -6.576714373999891, 33.789858533000142 ], [ -6.577518246999887, 33.790538734000165 ], [ -6.578770973999895, 33.790904112000192 ], [ -6.578788751999923, 33.790919571000131 ], [ -6.581331817999853, 33.793130934000089 ], [ -6.581386297999927, 33.793321612999932 ], [ -6.584282582999947, 33.795341998000026 ], [ -6.584334698999896, 33.795544322000069 ], [ -6.585451437999836, 33.797473235000098 ], [ -6.586342166999884, 33.800145421000195 ], [ -6.584969193999882, 33.801724340000192 ], [ -6.584787723999909, 33.802320599000041 ], [ -6.58258772399995, 33.803920599000094 ], [ -6.58258772399995, 33.805120599000077 ], [ -6.583487722999905, 33.805620599000235 ], [ -6.585087722999958, 33.806520599000123 ], [ -6.585287722999851, 33.809120598999925 ], [ -6.586787723999919, 33.810120599000243 ], [ -6.588411773999894, 33.810204602000169 ], [ -6.590016421999906, 33.809832094000114 ], [ -6.591686537999863, 33.810054776000243 ], [ -6.591603226999894, 33.810471332000077 ], [ -6.593489291999902, 33.811829299000237 ], [ -6.59418772399988, 33.812920599000108 ], [ -6.595961114999795, 33.815325264000023 ], [ -6.595767011999897, 33.815530489000082 ], [ -6.595806156999913, 33.815621830000225 ], [ -6.592911289999961, 33.819964131000063 ], [ -6.592354583999906, 33.821745588000113 ], [ -6.592465924999942, 33.82352704499999 ], [ -6.592911289999961, 33.824417774000096 ], [ -6.594470064999882, 33.826310572000182 ], [ -6.594539937999912, 33.826427028000239 ], [ -6.594885626999883, 33.826608970000166 ], [ -6.596362862999911, 33.827980688000196 ], [ -6.598367001999918, 33.828648735000115 ], [ -6.60120439099984, 33.828398376999985 ], [ -6.601287723999917, 33.828420599000083 ], [ -6.601661549999903, 33.828455744999928 ], [ -6.603488690999939, 33.827980688000196 ], [ -6.607719651999957, 33.828426052999987 ], [ -6.611735420999878, 33.829402861000176 ], [ -6.612987722999947, 33.829520598999977 ], [ -6.615787723999858, 33.830520599000067 ], [ -6.618287722999867, 33.833320598999933 ], [ -6.618855789999884, 33.835696149000228 ], [ -6.618742417999897, 33.838001384000108 ], [ -6.620092412999952, 33.838468690000184 ], [ -6.621187722999935, 33.839320599000075 ], [ -6.622987722999881, 33.839220598999987 ], [ -6.62538772399995, 33.838420599000017 ], [ -6.625623360999953, 33.838461381999934 ], [ -6.62564556399991, 33.838446749000241 ], [ -6.627983725999911, 33.838224067000112 ], [ -6.631212616999903, 33.838558089999935 ], [ -6.634218825999938, 33.840116865000084 ], [ -6.636222964999945, 33.840562229000113 ], [ -6.640342584999928, 33.841786981000041 ], [ -6.64054873799995, 33.842735284000241 ], [ -6.64158772299993, 33.844120599000235 ], [ -6.640987723999956, 33.845420599000136 ], [ -6.63818772399992, 33.846620599000119 ], [ -6.636287722999896, 33.847020599000189 ], [ -6.635214917999861, 33.848451007000222 ], [ -6.63646306499993, 33.851883408999981 ], [ -6.6368708, 33.852255168000113 ], [ -6.637113693999936, 33.853032429000223 ], [ -6.637781739999866, 33.853811816000132 ], [ -6.638561127999878, 33.854257180000047 ], [ -6.639775230999874, 33.854075065000131 ], [ -6.641387723999912, 33.85442059899998 ], [ -6.643187722999869, 33.853020598999933 ], [ -6.644187722999959, 33.850820599000201 ], [ -6.644187722999959, 33.84612059900013 ], [ -6.645687723999856, 33.844320599000071 ], [ -6.647587723999948, 33.843620599000076 ], [ -6.647696094999958, 33.843722950000085 ], [ -6.647802435999949, 33.843457097000226 ], [ -6.649806575999946, 33.843791120000049 ], [ -6.650363280999954, 33.844904531000225 ], [ -6.649789015999943, 33.850154950000103 ], [ -6.650265873999956, 33.851475477000179 ], [ -6.650808644999927, 33.854257180000047 ], [ -6.653703512999925, 33.857486070999926 ], [ -6.65771179199993, 33.857486070999926 ], [ -6.657931215999952, 33.857356998000171 ], [ -6.658487722999894, 33.857420599000193 ], [ -6.660487722999903, 33.856920599000034 ], [ -6.663187723999954, 33.855220599000063 ], [ -6.664787722999961, 33.854220599000143 ], [ -6.666738865999946, 33.854025485000136 ], [ -6.66828919299985, 33.85503656800023 ], [ -6.670961378999891, 33.858488141000237 ], [ -6.671629424999935, 33.861271668000086 ], [ -6.673744904999921, 33.862719102000142 ], [ -6.680536710999831, 33.864611900000227 ], [ -6.684767670999861, 33.866504698000142 ], [ -6.686660468999889, 33.867506768000112 ], [ -6.688219243999924, 33.869622247999985 ], [ -6.691114111999866, 33.874743937000233 ], [ -6.694231661999879, 33.876859417000105 ], [ -6.69658772299988, 33.877520599000093 ], [ -6.700387723999881, 33.87792059899999 ], [ -6.701580297999953, 33.877385997000147 ], [ -6.705588450999869, 33.876302711999926 ], [ -6.710376116999953, 33.873741867000092 ], [ -6.711489527999902, 33.87363052600017 ], [ -6.714813841999955, 33.874184579000087 ], [ -6.71608772299993, 33.874920599000063 ], [ -6.717887723999922, 33.875720599000203 ], [ -6.718587722999928, 33.87792059899999 ], [ -6.718660838999938, 33.87854208300007 ], [ -6.722400951999873, 33.881647083000075 ], [ -6.725741183999958, 33.88253781200018 ], [ -6.735205174999805, 33.886100726000109 ], [ -6.738656747999926, 33.886546090000195 ], [ -6.746227940999916, 33.882983176000096 ], [ -6.748009397999908, 33.880533673000173 ], [ -6.749880884999925, 33.881781330000081 ], [ -6.753568039999948, 33.883983330000035 ], [ -6.755203607999874, 33.886618412000132 ], [ -6.756137295999849, 33.889886322000166 ], [ -6.757812822999938, 33.890810751000174 ], [ -6.758182684999895, 33.891372942000203 ], [ -6.759700209999949, 33.892558508000093 ], [ -6.763931170999911, 33.894005941999922 ], [ -6.765823968999939, 33.901577135000139 ], [ -6.76125898499987, 33.904026638000232 ], [ -6.757627747999891, 33.905237051000086 ], [ -6.755105802999879, 33.90716559700013 ], [ -6.755023885999947, 33.90970503300008 ], [ -6.751410073999921, 33.909780320000039 ], [ -6.751021093999952, 33.90998407100011 ], [ -6.749679513999865, 33.909816374000172 ], [ -6.748120738999944, 33.910595761000081 ], [ -6.748368250999931, 33.91137365600008 ], [ -6.748318646999905, 33.911399639000138 ], [ -6.748677444999942, 33.914270016000046 ], [ -6.746505757999898, 33.917132694000145 ], [ -6.746227940999916, 33.917498906999981 ], [ -6.746247735999873, 33.917845325000201 ], [ -6.746450622999873, 33.921395845000177 ], [ -6.74544855399995, 33.922286573000179 ], [ -6.746005258999901, 33.9238453480001 ], [ -6.747786715999951, 33.928410332000112 ], [ -6.748677444999942, 33.933866045000059 ], [ -6.749679513999865, 33.936872252999933 ], [ -6.751126947999921, 33.939544439000088 ], [ -6.754133156999956, 33.942105283999922 ], [ -6.753186698999912, 33.942940394000118 ], [ -6.744669165999937, 33.950455864000048 ], [ -6.739324794999959, 33.951569274000178 ], [ -6.737787723999872, 33.953413759000114 ], [ -6.737787723999872, 33.953809707000175 ], [ -6.737787723999872, 33.954263861000072 ], [ -6.739770158999931, 33.95791571500007 ], [ -6.73828298199993, 33.958808022000085 ], [ -6.738187723999943, 33.958920599000123 ], [ -6.737187723999796, 33.960120599000106 ], [ -6.736487722999868, 33.961020599000108 ], [ -6.735487722999892, 33.96222059899992 ], [ -6.733687723999935, 33.963820599000144 ], [ -6.732687723999959, 33.964620599000114 ], [ -6.732087723999882, 33.965520599000115 ], [ -6.731387722999955, 33.966820599000243 ], [ -6.729987722999851, 33.968820599000139 ], [ -6.727187723999918, 33.972420599000145 ], [ -6.721887723999941, 33.977520599000229 ], [ -6.721087723999915, 33.978320599000142 ], [ -6.716187723999951, 33.982120598999984 ], [ -6.714387723999891, 33.984020599000132 ], [ -6.710987723999949, 33.986920599000086 ], [ -6.708687723999958, 33.988720599000203 ], [ -6.707373681999798, 33.989721518000124 ], [ -6.708438027999932, 33.990431082000043 ], [ -6.713138884999921, 33.996196284000121 ], [ -6.718770018999919, 33.999561229999983 ], [ -6.719487723999919, 34.00072059900009 ], [ -6.716587723999908, 34.004020599000114 ], [ -6.715287722999904, 34.005320599000186 ], [ -6.712787723999952, 34.00822059900014 ], [ -6.70658772399986, 34.014920599000106 ], [ -6.691087722999896, 34.032020599000077 ], [ -6.690187723999884, 34.032020599000077 ], [ -6.679787723999937, 34.031820599000071 ], [ -6.667587723999929, 34.031520599000146 ], [ -6.665587722999931, 34.031120599000076 ], [ -6.663278156999866, 34.033382204000077 ], [ -6.661456654999938, 34.034217060000231 ], [ -6.65863364199987, 34.035897423999984 ], [ -6.657358274999865, 34.036721625000041 ], [ -6.65515628299994, 34.037635183000134 ], [ -6.654094749999956, 34.038011856000139 ], [ -6.65351572599991, 34.039087186000131 ], [ -6.652287723999905, 34.039520599000184 ], [ -6.649837218999949, 34.040403545000231 ], [ -6.648887722999859, 34.04152059900008 ], [ -6.647987723999961, 34.04152059900008 ], [ -6.647264116999906, 34.042186131999983 ], [ -6.645290822999925, 34.03952977400013 ], [ -6.643284731999927, 34.038623798000117 ], [ -6.641515391999917, 34.038826008000171 ], [ -6.640357587999915, 34.040820005000228 ], [ -6.641420129999915, 34.043931738000197 ], [ -6.640420591999884, 34.044581158000085 ], [ -6.637518785999873, 34.04252757200004 ], [ -6.636714582999957, 34.041958443999988 ], [ -6.636282155999879, 34.039065010000229 ] ] ] ] } },
{ "type": "Feature", "properties": { "Code_Commu": "04.481.11.11.", "Code_Provi": "04.481.", "CODE_REGIO": "04.", "nom": "Commune de Sidi Al Kamel", "Marocains_": 34015, "Etrangers_": 1, "Populati_1": 34016, "Menages_": 6472, "nom_arabe": "Ш¬Щ…Ш§Ш№Ш© ШіЩЉШЇЩЉ Ш§Щ„ЩѓШ§Щ…Щ„" }, "geometry": { "type": "MultiPolygon", "coordinates": [ [ [ [ -6.131487723999953, 34.617320599000095 ], [ -6.13111161899991, 34.617253437999977 ], [ -6.130995344999803, 34.617279863000135 ], [ -6.130437463999897, 34.617133053000032 ], [ -6.128693358999953, 34.616674077000084 ], [ -6.128047022999908, 34.616503989000023 ], [ -6.128047022999908, 34.614486716000044 ], [ -6.128822896999907, 34.612314268000034 ], [ -6.13301176199991, 34.606135692000237 ], [ -6.133387722999942, 34.605120599000202 ], [ -6.133687723999913, 34.602320599000166 ], [ -6.132987722999871, 34.600720599000113 ], [ -6.130687723999927, 34.600520599000049 ], [ -6.128087722999908, 34.602320599000166 ], [ -6.123487723999915, 34.606420599000103 ], [ -6.122187722999911, 34.607620599000086 ], [ -6.119687723999903, 34.608020598999985 ], [ -6.114987723999946, 34.604720599000132 ], [ -6.11178772299985, 34.602920599000072 ], [ -6.110487723999938, 34.602120599000102 ], [ -6.108646921999934, 34.601953253000147 ], [ -6.106012194999835, 34.598193357000241 ], [ -6.102690182999936, 34.591647040000112 ], [ -6.103956253999911, 34.591014003999987 ], [ -6.106760383999926, 34.590001224000048 ], [ -6.105766146999883, 34.586450378000222 ], [ -6.107187723999914, 34.586020599000108 ], [ -6.11218772299992, 34.584420599000225 ], [ -6.114286548999928, 34.585070288000225 ], [ -6.113767502999906, 34.578322692000086 ], [ -6.114767093999887, 34.574574226000095 ], [ -6.11501233599995, 34.574451604999979 ], [ -6.112730216999864, 34.57206081400011 ], [ -6.112787722999826, 34.570220599000038 ], [ -6.110666678999905, 34.570105948000048 ], [ -6.108805341999926, 34.568244611000125 ], [ -6.107976884999857, 34.55853982900004 ], [ -6.10818772399989, 34.556220599000198 ], [ -6.10818772399989, 34.552720599000168 ], [ -6.107687722999913, 34.547420599000191 ], [ -6.107934509999893, 34.545508 ], [ -6.106241337999961, 34.541470435000122 ], [ -6.10904976799992, 34.534989443000143 ], [ -6.105981814999893, 34.529532380000092 ], [ -6.101829447999876, 34.527715720000231 ], [ -6.09477478999986, 34.528523515000188 ], [ -6.093005667999876, 34.527196674000095 ], [ -6.09248662199991, 34.526158582000164 ], [ -6.092746144999808, 34.523303830000089 ], [ -6.093784236999909, 34.51993003199999 ], [ -6.109071028999949, 34.504095248999931 ], [ -6.110687723999888, 34.502420599000118 ], [ -6.111887723999871, 34.501420599000141 ], [ -6.113487723999924, 34.501220599000135 ], [ -6.125687722999942, 34.50052059900014 ], [ -6.129487722999954, 34.500320599000077 ], [ -6.136087723999879, 34.499420599000246 ], [ -6.141787723999869, 34.498820599000169 ], [ -6.147387723999941, 34.497920599000111 ], [ -6.158387723999908, 34.496820599000046 ], [ -6.16298772399989, 34.496220599000139 ], [ -6.167987723999886, 34.495720598999981 ], [ -6.169087723999951, 34.495520599000145 ], [ -6.175187722999908, 34.494920599000238 ], [ -6.182487722999952, 34.494220599000073 ], [ -6.185687723999877, 34.493920599000091 ], [ -6.188287723999906, 34.493520599000021 ], [ -6.192487722999942, 34.493020599000033 ], [ -6.196687723999901, 34.492320599000038 ], [ -6.20088772399987, 34.491920599000196 ], [ -6.203987723999944, 34.491520599000125 ], [ -6.207687723999925, 34.491220599000144 ], [ -6.209987722999927, 34.491720599000132 ], [ -6.210787722999953, 34.493620599000167 ], [ -6.212787723999952, 34.493420599000103 ], [ -6.213987723999935, 34.493520599000021 ], [ -6.216187723999951, 34.492920599000115 ], [ -6.217087723999839, 34.493220599000097 ], [ -6.218987722999941, 34.49262059900019 ], [ -6.219287723999855, 34.492520599000102 ], [ -6.219387722999954, 34.491220599000144 ], [ -6.221250432999909, 34.491214664000097 ], [ -6.223286180999935, 34.490603940000199 ], [ -6.225881409999943, 34.491642032000129 ], [ -6.228163230999883, 34.492640328000107 ], [ -6.228387723999901, 34.492520599000102 ], [ -6.229987722999851, 34.493220599000097 ], [ -6.232487723999952, 34.491120599000226 ], [ -6.232787722999888, 34.490820599000131 ], [ -6.236587723999889, 34.489520599000173 ], [ -6.240587722999919, 34.490120599000079 ], [ -6.243487723999863, 34.48962059899992 ], [ -6.244487723999953, 34.489820598999984 ], [ -6.244587723999928, 34.491320599000062 ], [ -6.244087723999883, 34.49262059900019 ], [ -6.245687722999946, 34.493120599000179 ], [ -6.248787723999897, 34.492920599000115 ], [ -6.252987722999876, 34.49262059900019 ], [ -6.25808772299996, 34.493920599000091 ], [ -6.261787722999941, 34.493920599000091 ], [ -6.265287723999904, 34.49262059900019 ], [ -6.269587723999905, 34.491120599000226 ], [ -6.273787722999941, 34.491120599000226 ], [ -6.275987722999901, 34.489920599000243 ], [ -6.277187723999873, 34.48962059899992 ], [ -6.278187723999849, 34.490220599000224 ], [ -6.278787723999926, 34.490720598999985 ], [ -6.279187723999883, 34.49182059900005 ], [ -6.279887722999888, 34.491920599000196 ], [ -6.281287722999934, 34.49002059899999 ], [ -6.281987723999919, 34.49002059899999 ], [ -6.282587723999939, 34.490820599000131 ], [ -6.283587722999869, 34.491420599000037 ], [ -6.285287723999943, 34.491520599000125 ], [ -6.286287723999919, 34.491720599000132 ], [ -6.287487723999902, 34.492120599000202 ], [ -6.288487723999935, 34.491920599000196 ], [ -6.289187723999873, 34.491720599000132 ], [ -6.2899877239999, 34.49182059900005 ], [ -6.290247124999951, 34.491885449000108 ], [ -6.294914510999945, 34.490084894000233 ], [ -6.30425733699991, 34.490603940000199 ], [ -6.30776562199992, 34.493511759000171 ], [ -6.307788307999942, 34.493522647000191 ], [ -6.312581024999929, 34.495822991000125 ], [ -6.312617759999853, 34.49584062299999 ], [ -6.314638253999874, 34.492939646000195 ], [ -6.317233482999939, 34.491382509000232 ], [ -6.321126326999888, 34.490344417000131 ], [ -6.322683464999955, 34.49813010500003 ], [ -6.319200804999923, 34.502130892000025 ], [ -6.318887723999921, 34.503320599000176 ], [ -6.318087723999895, 34.504720599000166 ], [ -6.312487722999947, 34.502820599000188 ], [ -6.308787722999853, 34.503020599000195 ], [ -6.30758772299987, 34.504620599000077 ], [ -6.307287723999934, 34.507120599000189 ], [ -6.307187722999913, 34.510320599000238 ], [ -6.306959583999856, 34.512430889000086 ], [ -6.30727397499993, 34.51408858799999 ], [ -6.30727397499993, 34.517657610000242 ], [ -6.306032575999893, 34.521536981000168 ], [ -6.303821913999855, 34.522519497000076 ], [ -6.301501660999918, 34.52355072099999 ], [ -6.300446280999893, 34.524019779000241 ], [ -6.300318258999937, 34.523964912000224 ], [ -6.299587723999934, 34.524220598999989 ], [ -6.297387722999872, 34.524120599000071 ], [ -6.294187722999936, 34.523020599000176 ], [ -6.292287722999959, 34.519820599000241 ], [ -6.292187723999916, 34.517920599000092 ], [ -6.293887723999887, 34.514720598999986 ], [ -6.295387722999919, 34.511420599000132 ], [ -6.295387722999919, 34.509620599000073 ], [ -6.294524492999926, 34.509145822000107 ], [ -6.293928937999851, 34.509278168000094 ], [ -6.290204740999911, 34.5097436920002 ], [ -6.287411593999934, 34.509278168000094 ], [ -6.28368739799987, 34.507571245000122 ], [ -6.282288561999849, 34.50585449200014 ], [ -6.281487722999941, 34.505320599000072 ], [ -6.279987723999909, 34.504820599000084 ], [ -6.278987723999876, 34.505720599000142 ], [ -6.278487722999955, 34.508520599000178 ], [ -6.279287722999925, 34.512220599000102 ], [ -6.284687723999866, 34.519720598999982 ], [ -6.284817584999871, 34.520287266000025 ], [ -6.285549495999931, 34.521071457000176 ], [ -6.286015019999923, 34.524019779000241 ], [ -6.285239145999924, 34.526192227000024 ], [ -6.283377047999863, 34.528519849000077 ], [ -6.279652851999913, 34.531157822000125 ], [ -6.275249558999917, 34.531295425000224 ], [ -6.275043973999857, 34.531301849000045 ], [ -6.274687255999936, 34.5313129970001 ], [ -6.274618088999887, 34.531119327000226 ], [ -6.271587723999914, 34.529820599000232 ], [ -6.269787723999912, 34.527520599000184 ], [ -6.263487723999901, 34.521320599000035 ], [ -6.262611094999954, 34.520471365000105 ], [ -6.257618022999907, 34.516726561000041 ], [ -6.251904998999919, 34.512529237000194 ], [ -6.248287722999919, 34.510720599000138 ], [ -6.245587723999904, 34.510020599000143 ], [ -6.242987722999885, 34.510820599000226 ], [ -6.242787722999878, 34.513020599000185 ], [ -6.24608772299996, 34.516220599000121 ], [ -6.24858772399989, 34.519120599000075 ], [ -6.249287722999895, 34.520120599000222 ], [ -6.252687723999941, 34.526020599000049 ], [ -6.253687723999803, 34.530820599000037 ], [ -6.253387722999946, 34.53462059899999 ], [ -6.24858772399989, 34.537720599000181 ], [ -6.24268772399995, 34.538420599000176 ], [ -6.24208772399993, 34.538420599000176 ], [ -6.236487722999868, 34.540120598999977 ], [ -6.235487722999835, 34.543420599000171 ], [ -6.240387722999913, 34.550520599000038 ], [ -6.240887723999947, 34.555620599000122 ], [ -6.240255005999927, 34.556229883000242 ], [ -6.240083264999953, 34.556916847000082 ], [ -6.239152215999923, 34.558158246000175 ], [ -6.237445291999961, 34.559399644000223 ], [ -6.235272844999884, 34.56017551900004 ], [ -6.228600325999935, 34.557072022000227 ], [ -6.228600325999935, 34.556851553000172 ], [ -6.223487722999948, 34.554620599000145 ], [ -6.221587722999914, 34.553220598999928 ], [ -6.22058772299988, 34.54922059900008 ], [ -6.219187722999948, 34.543920598999989 ], [ -6.21668772299995, 34.541120599000124 ], [ -6.213387723999915, 34.539620598999988 ], [ -6.209887723999884, 34.53952059900007 ], [ -6.207087723999848, 34.540420599000129 ], [ -6.203787723999937, 34.542920599000183 ], [ -6.202287722999813, 34.546920599000202 ], [ -6.203087722999896, 34.548620599000174 ], [ -6.209287723999921, 34.548720598999921 ], [ -6.212787723999952, 34.549320599000225 ], [ -6.216587723999851, 34.552720599000168 ], [ -6.220887723999908, 34.559220599000241 ], [ -6.222687723999911, 34.564120598999978 ], [ -6.222287723999955, 34.569420599000068 ], [ -6.222122437999928, 34.569562271999985 ], [ -6.221307107999905, 34.571192933000191 ], [ -6.218203610999865, 34.572589507000089 ], [ -6.214169064999908, 34.572899856000106 ], [ -6.212772490999953, 34.571968807000076 ], [ -6.211531091999802, 34.570417059000079 ], [ -6.211582887999896, 34.568914986000095 ], [ -6.211287723999931, 34.565520599000138 ], [ -6.209187722999957, 34.560220599000047 ], [ -6.207187722999947, 34.556420599000035 ], [ -6.204764845999932, 34.556420599000035 ], [ -6.201289551999935, 34.558158246000175 ], [ -6.196479131999865, 34.561727266999981 ], [ -6.19385860899996, 34.564278829000102 ], [ -6.191887722999866, 34.568220599000085 ], [ -6.19318772399987, 34.571820599000034 ], [ -6.195487723999918, 34.577520599000081 ], [ -6.195439134999901, 34.577957904000073 ], [ -6.195858432999955, 34.578796501000113 ], [ -6.195392968999897, 34.582365057000118 ], [ -6.195392907999917, 34.582365522000089 ], [ -6.1929101099999, 34.585003495000137 ], [ -6.190737662999936, 34.585624194000047 ], [ -6.187944514999913, 34.585624194000047 ], [ -6.185772066999959, 34.58484832 ], [ -6.184065143999931, 34.583451746000094 ], [ -6.181698470999947, 34.576782031999983 ], [ -6.180487722999942, 34.576620599000194 ], [ -6.17858772299985, 34.577120599000182 ], [ -6.177787722999938, 34.580220599000143 ], [ -6.177387722999867, 34.582620599000165 ], [ -6.174887723999802, 34.58592059900019 ], [ -6.17328772299993, 34.588720599000226 ], [ -6.172387723999918, 34.594220598999982 ], [ -6.171887722999827, 34.596420599000112 ], [ -6.170187723999959, 34.598220599000172 ], [ -6.167787722999947, 34.598920599000223 ], [ -6.167620738999915, 34.598858944000142 ], [ -6.16746143499995, 34.598969231000126 ], [ -6.164513112999828, 34.598348532000045 ], [ -6.150417579999896, 34.591842901000064 ], [ -6.149787723999907, 34.59162059900018 ], [ -6.145787722999899, 34.591120599000192 ], [ -6.144187722999959, 34.591920599000105 ], [ -6.143087723999884, 34.593620599000076 ], [ -6.142587722999906, 34.597520599000177 ], [ -6.142725721999852, 34.601660569000046 ], [ -6.143564507999884, 34.604710701000045 ], [ -6.14387485799989, 34.607814198000199 ], [ -6.143587722999939, 34.60884788300018 ], [ -6.143587722999939, 34.610820599000192 ], [ -6.140187723999929, 34.614120599000046 ], [ -6.136087723999879, 34.616520599000182 ], [ -6.135687723999922, 34.616720599000189 ], [ -6.131487723999953, 34.617320599000095 ] ] ] ] } },
{ "type": "Feature", "properties": { "Code_Commu": "04.281.07.07.", "Code_Provi": "04.281.", "CODE_REGIO": "04.", "nom": "Commune d'Oued El Makhazine", "Marocains_": 6264, "Etrangers_": 0, "Populati_1": 6264, "Menages_": 1650, "nom_arabe": "Ш¬Щ…Ш§Ш№Ш© Щ€Ш§ШЇЩЉ Ш§Щ„Щ…Ш®Ш§ШІЩ†" }, "geometry": { "type": "MultiPolygon", "coordinates": [ [ [ [ -5.784468493999952, 34.853218978000086 ], [ -5.791125747999899, 34.850999893000051 ], [ -5.789691425999933, 34.847968858000172 ], [ -5.786687578999874, 34.840459241000133 ], [ -5.791387723999947, 34.834720598999922 ], [ -5.792790061999938, 34.835651224000117 ], [ -5.792883396999855, 34.835648948000085 ], [ -5.793955850999851, 34.83562279099999 ], [ -5.800371933999884, 34.835466301000167 ], [ -5.808359813999914, 34.834771702000182 ], [ -5.811087722999844, 34.833120599000097 ], [ -5.81388772299988, 34.830220599000143 ], [ -5.817015068999922, 34.828624123000168 ], [ -5.822993818999862, 34.833748765000166 ], [ -5.824596941999914, 34.835096453000119 ], [ -5.828110491999951, 34.844897410000101 ], [ -5.828562842999872, 34.847992429000101 ], [ -5.829404957999941, 34.852109435000045 ], [ -5.840500380999913, 34.848226037000245 ], [ -5.848050224999952, 34.846692475000168 ], [ -5.851965651999933, 34.846006953000142 ], [ -5.853497126999798, 34.84699790700023 ], [ -5.855849049999961, 34.848226037000245 ], [ -5.858068134999883, 34.850630046000106 ], [ -5.859362600999873, 34.855622986000071 ], [ -5.861211837999861, 34.868197799000143 ], [ -5.86675954999987, 34.884656010000072 ], [ -5.870587722999915, 34.891820599000198 ], [ -5.872862031999944, 34.893902196000226 ], [ -5.877115277999906, 34.902963457999988 ], [ -5.877854972999899, 34.907401627000127 ], [ -5.878224819999957, 34.912579491000088 ], [ -5.876375582999856, 34.92016136400008 ], [ -5.875635887999863, 34.925709076000089 ], [ -5.876375582999856, 34.929962321000176 ], [ -5.878224819999957, 34.934400490000144 ], [ -5.876243038999917, 34.934620688000223 ], [ -5.870787722999921, 34.935320599000136 ], [ -5.866968603999851, 34.935860305000233 ], [ -5.860287218999929, 34.936804499000175 ], [ -5.85508772299994, 34.937620599000013 ], [ -5.833930306999889, 34.94359799199998 ], [ -5.833103432999849, 34.943831600000124 ], [ -5.827399170999854, 34.941930179999986 ], [ -5.804650847999881, 34.936555701000202 ], [ -5.796887723999873, 34.934310942000195 ], [ -5.79198772399991, 34.93292059900017 ], [ -5.79198772399991, 34.932628798999986 ], [ -5.790625342999931, 34.93219857400004 ], [ -5.787242349999929, 34.931626635000043 ], [ -5.781139867999855, 34.927928160000192 ], [ -5.781139867999855, 34.921455830000241 ], [ -5.782989104999956, 34.915168424000115 ], [ -5.787797120999926, 34.908696093000117 ], [ -5.786872502999927, 34.900189602000125 ], [ -5.791310671999952, 34.887799713000049 ], [ -5.784653417999948, 34.877628909000123 ], [ -5.778679812999883, 34.87551325700008 ], [ -5.774852460999853, 34.874485205000099 ], [ -5.775762316999931, 34.872109081000133 ], [ -5.7807700199999, 34.862650087000134 ], [ -5.784468493999952, 34.853218978000086 ] ] ] ] } },
{ "type": "Feature", "properties": { "Code_Commu": "04.481.01.03.", "Code_Provi": "04.481.", "CODE_REGIO": "04.", "nom": "Commune de Had Kourt", "Marocains_": 8554, "Etrangers_": 0, "Populati_1": 8554, "Menages_": 2111, "nom_arabe": "Ш¬Щ…Ш§Ш№Ш© ШЈШ­ШЇ ЩѓЩ€Ш±ШЄ" }, "geometry": { "type": "MultiPolygon", "coordinates": [ [ [ [ -5.726307252999902, 34.5957701600002 ], [ -5.738437343999919, 34.5957701600002 ], [ -5.740762694999944, 34.611301747000198 ], [ -5.741259458999934, 34.613586859000065 ], [ -5.741620416999922, 34.616847268000129 ], [ -5.734307950999948, 34.625622227000235 ], [ -5.731641051999873, 34.628891330000101 ], [ -5.725705049999931, 34.63000970700017 ], [ -5.719166844999904, 34.629407504000199 ], [ -5.716672003999918, 34.625106053000195 ], [ -5.715371078999908, 34.621045590000222 ], [ -5.715278007999927, 34.620755094000174 ], [ -5.713833046999923, 34.616245065000101 ], [ -5.716758032999905, 34.613234050000131 ], [ -5.716241858999922, 34.608846570000196 ], [ -5.713660987999901, 34.6059215840001 ], [ -5.713488929999869, 34.598265002000232 ], [ -5.713488929999869, 34.5980929440002 ], [ -5.726307252999902, 34.5957701600002 ] ] ] ] } },
{ "type": "Feature", "properties": { "Code_Commu": "04.291.05.07.", "Code_Provi": "04.291.", "CODE_REGIO": "04.", "nom": "Commune de Houderrane", "Marocains_": 6048, "Etrangers_": 1, "Populati_1": 6049, "Menages_": 1859, "nom_arabe": "Ш¬Щ…Ш§Ш№Ш© Ш­Щ€ШЇШ±Ш§Щ†" }, "geometry": { "type": "MultiPolygon", "coordinates": [ [ [ [ -6.355225341999869, 33.784273883000083 ], [ -6.346059657999888, 33.783255473000168 ], [ -6.33689397399985, 33.78554689399999 ], [ -6.326964483999859, 33.787583713000174 ], [ -6.319071810999901, 33.788347520000229 ], [ -6.311942945999874, 33.788602121999986 ], [ -6.305832489999943, 33.78987513400017 ], [ -6.296157601999937, 33.791402748000053 ], [ -6.294166711999878, 33.780362360000197 ], [ -6.29335697599987, 33.7758720060001 ], [ -6.290247175999866, 33.772869440000136 ], [ -6.279311881999945, 33.762590718000013 ], [ -6.275025608999954, 33.758304445000192 ], [ -6.270188164999922, 33.754740013000173 ], [ -6.266114526999957, 33.753721603000088 ], [ -6.253129808999915, 33.748374954000099 ], [ -6.245746340999915, 33.745319726000105 ], [ -6.223341335999919, 33.749393364000184 ], [ -6.218758493999871, 33.752957796000032 ], [ -6.213157242999955, 33.754994615000101 ], [ -6.198899512999958, 33.749902568000039 ], [ -6.200172523999925, 33.74633813600019 ], [ -6.200172523999925, 33.74328290800014 ], [ -6.199154114999885, 33.740736885000103 ], [ -6.195080477999909, 33.738954668000133 ], [ -6.199832931999936, 33.728941291000012 ], [ -6.200172523999925, 33.726224552000076 ], [ -6.211375026999917, 33.717568073000109 ], [ -6.222322926999936, 33.707893184000113 ], [ -6.233780031999913, 33.697963694000123 ], [ -6.229197189999923, 33.693380852000189 ], [ -6.228687984999794, 33.691344033000178 ], [ -6.232252417999916, 33.685742782000091 ], [ -6.233598115999882, 33.681705688000193 ], [ -6.23352542899994, 33.679886928000144 ], [ -6.228178779999951, 33.67403107500013 ], [ -6.216976277999947, 33.668939028000239 ], [ -6.208065196999826, 33.666138403000105 ], [ -6.205861970999933, 33.66198655400018 ], [ -6.205009968999889, 33.660282548999987 ], [ -6.21544866399995, 33.655190503000199 ], [ -6.220887723999908, 33.650720599000181 ], [ -6.223118242999931, 33.649687928999981 ], [ -6.233780031999913, 33.644751806999977 ], [ -6.250074580999922, 33.649334649000082 ], [ -6.250187723999943, 33.65292059900014 ], [ -6.249329004999936, 33.659733094999979 ], [ -6.250535560999936, 33.661167917999933 ], [ -6.253230506999898, 33.664372719000198 ], [ -6.257712649999917, 33.669702835000123 ], [ -6.262295491999851, 33.681414542000084 ], [ -6.258059816999946, 33.686751493000145 ], [ -6.257087722999927, 33.689320599000098 ], [ -6.256124854999939, 33.690421020000088 ], [ -6.266878333999955, 33.692107840000233 ], [ -6.267642140999953, 33.692617045000134 ], [ -6.26789674399987, 33.702801137999984 ], [ -6.273243391999927, 33.704583354000192 ], [ -6.28164526899991, 33.69974591 ], [ -6.29055635099985, 33.702037330999929 ], [ -6.292487722999908, 33.701020599000174 ], [ -6.294884589999867, 33.699491308000233 ], [ -6.308378513999912, 33.704328752000094 ], [ -6.311942945999874, 33.710184605000109 ], [ -6.315252776999898, 33.718586482000092 ], [ -6.311994446999961, 33.718586482000092 ], [ -6.309396922999895, 33.718331880000164 ], [ -6.306850899999915, 33.722150915000043 ], [ -6.30598772299993, 33.725320598999929 ], [ -6.309906127999852, 33.732335008000064 ], [ -6.31016073, 33.734117224000101 ], [ -6.31830800399996, 33.738190861000078 ], [ -6.332820336999873, 33.743028306000042 ], [ -6.348096476999956, 33.74633813600019 ], [ -6.355734546999884, 33.747356545000116 ], [ -6.366487722999921, 33.748220599000035 ], [ -6.373556709999946, 33.750157171000069 ], [ -6.381958585999939, 33.749902568000039 ], [ -6.389887722999902, 33.748120599000117 ], [ -6.40078772399994, 33.746820599000046 ], [ -6.403855146999888, 33.746748441000079 ], [ -6.409087184999919, 33.747147072000132 ], [ -6.41261258399993, 33.746777381000186 ], [ -6.416618365999796, 33.746323897000138 ], [ -6.41721508299986, 33.74625634400013 ], [ -6.417181949999872, 33.747524673000044 ], [ -6.417103741999881, 33.751044009999987 ], [ -6.417437764999931, 33.751934737999932 ], [ -6.418885198999931, 33.752602785000079 ], [ -6.420332632999873, 33.753604854000116 ], [ -6.420529467999927, 33.753932913000199 ], [ -6.420555314999945, 33.753938878000042 ], [ -6.421223361999864, 33.75494094700008 ], [ -6.421112020999885, 33.755608994000227 ], [ -6.420041962999903, 33.75667905099999 ], [ -6.420030421999911, 33.756690591999984 ], [ -6.419887268999901, 33.756833745000222 ], [ -6.419825769999875, 33.756815657000118 ], [ -6.418885198999931, 33.757390451000106 ], [ -6.4189965399999, 33.758615202000101 ], [ -6.419632437999951, 33.759886998000127 ], [ -6.419607722999956, 33.760080599999981 ], [ -6.420777997999949, 33.761732752000114 ], [ -6.421112020999885, 33.763180186000113 ], [ -6.421544250999943, 33.763698862000069 ], [ -6.422187723999912, 33.764020599000105 ], [ -6.423487723999926, 33.76372059900018 ], [ -6.424687723999909, 33.762620599000115 ], [ -6.427287723999882, 33.760820599000226 ], [ -6.429387723999923, 33.760420598999985 ], [ -6.431387723999933, 33.76062059899999 ], [ -6.432687722999958, 33.762720599000204 ], [ -6.431787723999889, 33.764520599000093 ], [ -6.428187722999951, 33.768820599000094 ], [ -6.426387722999948, 33.770620598999983 ], [ -6.425787722999871, 33.771020599000224 ], [ -6.425487723999936, 33.77082059899999 ], [ -6.425435986999901, 33.770747304000054 ], [ -6.424452252999856, 33.770528697000202 ], [ -6.423895546999915, 33.769860650000055 ], [ -6.423450182999886, 33.76896992200011 ], [ -6.422336771999881, 33.76863589900006 ], [ -6.422222921999889, 33.768557079000118 ], [ -6.420587723999859, 33.768720599000176 ], [ -6.41721508299986, 33.767522488000225 ], [ -6.415767648999918, 33.767522488000225 ], [ -6.414320215999908, 33.76796785200014 ], [ -6.413986191999868, 33.768747239999982 ], [ -6.4137635099999, 33.769192604000068 ], [ -6.413429486999917, 33.770083333000116 ], [ -6.413429486999917, 33.770974061000118 ], [ -6.414320215999908, 33.772198812999989 ], [ -6.415878990999886, 33.773200882000026 ], [ -6.417326423999953, 33.774314293000089 ], [ -6.418439834999958, 33.775316363000172 ], [ -6.419145221999941, 33.775943373000189 ], [ -6.420429548999891, 33.777941216000045 ], [ -6.420555314999945, 33.779324641000187 ], [ -6.421205964999956, 33.779937017000236 ], [ -6.421112020999885, 33.784446330000037 ], [ -6.421223361999864, 33.78622778800019 ], [ -6.421557384999801, 33.787563880000221 ], [ -6.423436100999879, 33.788607611000202 ], [ -6.423487723999926, 33.789020599000082 ], [ -6.423487723999926, 33.789720599000077 ], [ -6.422487722999961, 33.790720599000224 ], [ -6.417487723999955, 33.792420599000195 ], [ -6.416987722999863, 33.79272059900012 ], [ -6.416976606999924, 33.792765062000171 ], [ -6.41654703699993, 33.792908252000132 ], [ -6.40964389099986, 33.792685569000241 ], [ -6.391087723999931, 33.790420599000072 ], [ -6.369103308999911, 33.789009394000118 ], [ -6.36540943499989, 33.787074508000046 ], [ -6.361081195999873, 33.785292292000236 ], [ -6.355225341999869, 33.784273883000083 ] ] ] ] } },
{ "type": "Feature", "properties": { "Code_Commu": "04.481.01.07.", "Code_Provi": "04.481.", "CODE_REGIO": "04.", "nom": "Commune de Mechraa Bel Ksiri", "Marocains_": 32598, "Etrangers_": 17, "Populati_1": 32615, "Menages_": 8166, "nom_arabe": "Ш¬Щ…Ш§Ш№Ш© Щ…ШґШ±Ш№ ШЁЩ„Щ‚ШµЩЉШ±ЩЉ" }, "geometry": { "type": "MultiPolygon", "coordinates": [ [ [ [ -5.939859941999828, 34.576009471000077 ], [ -5.940716965999854, 34.574247810000088 ], [ -5.949287723999873, 34.571720599000116 ], [ -5.950187722999942, 34.571320599000103 ], [ -5.952787723999904, 34.569620599000132 ], [ -5.952987723999854, 34.569220599000232 ], [ -5.95350201999986, 34.568526298999984 ], [ -5.954739535999863, 34.565704764000202 ], [ -5.955937576999872, 34.564592297000104 ], [ -5.958333658999948, 34.564677871000072 ], [ -5.96132876199988, 34.566047061000177 ], [ -5.961303129999919, 34.56617522099998 ], [ -5.961522447999926, 34.56624101599999 ], [ -5.962612376999857, 34.567587400000036 ], [ -5.963296971999853, 34.567844123000043 ], [ -5.966120925999917, 34.571095948999982 ], [ -5.969629474999863, 34.574690072000237 ], [ -5.972539003999884, 34.575289092999981 ], [ -5.979812824999897, 34.572037267000042 ], [ -5.982123332999947, 34.572208414999977 ], [ -5.985631881999893, 34.57366318000004 ], [ -5.991203683999856, 34.576247312000135 ], [ -5.993419148999919, 34.577257303000124 ], [ -5.992648979999899, 34.5822206160002 ], [ -5.990439339999853, 34.586985152000238 ], [ -5.989996173999941, 34.58812524800004 ], [ -5.976903295999875, 34.587611800999923 ], [ -5.959702848999939, 34.585985887999982 ], [ -5.951487709999924, 34.585900314000185 ], [ -5.949937813999952, 34.585758122000129 ], [ -5.949731843999928, 34.585739225000054 ], [ -5.942160103999868, 34.585044570000093 ], [ -5.941587723999874, 34.583920599000237 ], [ -5.941587723999874, 34.583866938000142 ], [ -5.939592872999924, 34.580937001000109 ], [ -5.940082326999914, 34.576899010000034 ], [ -5.939859941999828, 34.576009471000077 ] ] ] ] } },
{ "type": "Feature", "properties": { "Code_Commu": "04.501.05.03.", "Code_Provi": "04.501.", "CODE_REGIO": "04.", "nom": "Commune de Mers El Kheir", "Marocains_": 26534, "Etrangers_": 10, "Populati_1": 26544, "Menages_": 6106, "nom_arabe": "Ш¬Щ…Ш§Ш№Ш© Щ…Ш±Ші Ш§Щ„Ш®ЩЉШ±" }, "geometry": { "type": "MultiPolygon", "coordinates": [ [ [ [ -6.850613243999817, 33.91009010900018 ], [ -6.85669087999986, 33.903626591000034 ], [ -6.871257912999909, 33.888577205000104 ], [ -6.881194365999932, 33.878640752000138 ], [ -6.90299668099982, 33.861179606000121 ], [ -6.902969521999864, 33.861145995000243 ], [ -6.909202493999942, 33.856686421000234 ], [ -6.90948772299987, 33.856620599000109 ], [ -6.916406068999891, 33.851821976000167 ], [ -6.925787722999928, 33.845220599000129 ], [ -6.9302978099999, 33.84207846400011 ], [ -6.93440378899993, 33.841034570000033 ], [ -6.935989563999954, 33.840631406999989 ], [ -6.946890721999864, 33.850953742000115 ], [ -6.936687723999853, 33.858520599000087 ], [ -6.938087723999899, 33.863620599000171 ], [ -6.939687723999953, 33.867720599000165 ], [ -6.936187722999875, 33.869420599000136 ], [ -6.932587723999916, 33.871620599000039 ], [ -6.930387723999957, 33.873820599000169 ], [ -6.925287723999872, 33.878220599000088 ], [ -6.923209493999877, 33.87987095800014 ], [ -6.938887723999926, 33.887920598999926 ], [ -6.937587722999922, 33.888820598999985 ], [ -6.936587722999946, 33.889620599000068 ], [ -6.919975474999887, 33.893497197000045 ], [ -6.917467243999852, 33.896487780000143 ], [ -6.909170787999869, 33.902661887000193 ], [ -6.907048438999936, 33.908739523000179 ], [ -6.902610798999945, 33.913466573000107 ], [ -6.896436692999885, 33.916264216000229 ], [ -6.893087723999827, 33.915420599000129 ], [ -6.891087723999874, 33.912920599000245 ], [ -6.887806300999898, 33.911339277000138 ], [ -6.887276547999932, 33.910931775000165 ], [ -6.885951099999886, 33.910040637000179 ], [ -6.885209019999934, 33.908494636000228 ], [ -6.884590619999926, 33.908927517000052 ], [ -6.885085339999932, 33.910102477000123 ], [ -6.884095899999863, 33.910844557000075 ], [ -6.884837979999872, 33.911586637000198 ], [ -6.884909815999947, 33.913574089000122 ], [ -6.885023499999875, 33.916966718000083 ], [ -6.883044619999907, 33.921604719000243 ], [ -6.885023499999875, 33.923398079000094 ], [ -6.884071290999941, 33.924877594000236 ], [ -6.883539339999913, 33.925686160000168 ], [ -6.885116486999948, 33.926820599000166 ], [ -6.889883368999904, 33.930249409000169 ], [ -6.89001324599991, 33.930340156000113 ], [ -6.882093558999941, 33.937371654000174 ], [ -6.881976031999955, 33.937286180000171 ], [ -6.871936035999795, 33.929984365000053 ], [ -6.871161442999892, 33.92948066299999 ], [ -6.854086178999921, 33.916746568000178 ], [ -6.851380555999867, 33.914792507000243 ], [ -6.851268072999915, 33.914472363000186 ], [ -6.850613243999817, 33.91009010900018 ] ] ] ] } },
{ "type": "Feature", "properties": { "Code_Commu": "04.481.01.11.", "Code_Provi": "04.481.", "CODE_REGIO": "04.", "nom": "Commune de Sidi Kacem", "Marocains_": 75007, "Etrangers_": 30, "Populati_1": 75037, "Menages_": 20288, "nom_arabe": "Ш¬Щ…Ш§Ш№Ш© ШіЩЉШЇЩЉ Щ‚Ш§ШіЩ…" }, "geometry": { "type": "MultiPolygon", "coordinates": [ [ [ [ -5.69930937599986, 34.195785886000124 ], [ -5.707614109999895, 34.191373995999982 ], [ -5.710850201999961, 34.192618647000188 ], [ -5.711506953999958, 34.19163351900005 ], [ -5.711715049999952, 34.191656641000179 ], [ -5.716178366999941, 34.192152565000185 ], [ -5.721109302999878, 34.194747795000126 ], [ -5.722406917999933, 34.198121593000224 ], [ -5.722147394999865, 34.200197775999982 ], [ -5.719693843999892, 34.204777737000086 ], [ -5.719887723999875, 34.205320599000061 ], [ -5.720787722999944, 34.207020599000032 ], [ -5.722287723999955, 34.209420599000225 ], [ -5.722887723999861, 34.21052059900012 ], [ -5.723487723999938, 34.211520599000039 ], [ -5.736161632999938, 34.231859574000055 ], [ -5.737695326999869, 34.235720599000047 ], [ -5.739794953999876, 34.240683354000055 ], [ -5.738756861999946, 34.243019060000051 ], [ -5.74316875199986, 34.252621409000085 ], [ -5.74057352299991, 34.253659501000186 ], [ -5.738725447999855, 34.250456171000167 ], [ -5.730452127999911, 34.247171427000183 ], [ -5.723185485999807, 34.245614290000049 ], [ -5.70813315599986, 34.243797629000085 ], [ -5.706835540999862, 34.234195280999984 ], [ -5.700347467999961, 34.229783391000183 ], [ -5.694118917999901, 34.227447684000083 ], [ -5.688787722999962, 34.2215205990002 ], [ -5.6865927529999, 34.218364382000118 ], [ -5.691004641999882, 34.21265487699992 ], [ -5.69853080799993, 34.210319170999924 ], [ -5.70088772399987, 34.208120599000097 ], [ -5.700587722999956, 34.205420598999979 ], [ -5.700287723999907, 34.201920599000118 ], [ -5.700187722999885, 34.20002059900014 ], [ -5.700087723999957, 34.199220599000228 ], [ -5.699987722999936, 34.198920599000076 ], [ -5.699987722999936, 34.198220599000081 ], [ -5.699787722999929, 34.196620599000198 ], [ -5.69930937599986, 34.195785886000124 ] ] ] ] } },
{ "type": "Feature", "properties": { "Code_Commu": "04.501.03.01.", "Code_Provi": "04.501.", "CODE_REGIO": "04.", "nom": "Commune d'El Menzeh", "Marocains_": 6964, "Etrangers_": 204, "Populati_1": 7168, "Menages_": 2162, "nom_arabe": "Ш¬Щ…Ш§Ш№Ш© Ш§Щ„Щ…Щ†ШІЩ‡" }, "geometry": { "type": "MultiPolygon", "coordinates": [ [ [ [ -6.847325630999933, 33.863498489000222 ], [ -6.845878197999923, 33.861717032000172 ], [ -6.842528049999885, 33.862734041000181 ], [ -6.841287723999869, 33.8623205990001 ], [ -6.837387722999949, 33.861320599000123 ], [ -6.836087723999924, 33.861020599000199 ], [ -6.835189454999863, 33.857820095000022 ], [ -6.832505480999941, 33.857338356000241 ], [ -6.831587723999917, 33.856420599000046 ], [ -6.830274442999894, 33.855895287000124 ], [ -6.829511059999959, 33.854368522000186 ], [ -6.826059486999952, 33.855481932000146 ], [ -6.823387301999901, 33.854257180000047 ], [ -6.824723393999875, 33.850805606999984 ], [ -6.824055347999945, 33.848244763000196 ], [ -6.821828526999809, 33.845015872000147 ], [ -6.819267681999918, 33.844570507000128 ], [ -6.818599635999874, 33.844236484000135 ], [ -6.81715932499992, 33.843143833999932 ], [ -6.817129300999909, 33.843036249000193 ], [ -6.816150131999905, 33.842677709000043 ], [ -6.816488404999916, 33.840739706000193 ], [ -6.816287723999949, 33.84002059900007 ], [ -6.816094666999959, 33.838508315000183 ], [ -6.814814038999941, 33.836553950999985 ], [ -6.815114191999896, 33.833752943000036 ], [ -6.815066778999892, 33.833623348000231 ], [ -6.815593426999953, 33.827980688000196 ], [ -6.815482085999861, 33.82363838700013 ], [ -6.810293952999871, 33.813776264000126 ], [ -6.813603980999915, 33.811230088000116 ], [ -6.812813125999924, 33.804376009000123 ], [ -6.81279819599996, 33.8042123580002 ], [ -6.812691265999888, 33.80304028900008 ], [ -6.837025127999937, 33.799357239000187 ], [ -6.840645166999877, 33.798809328000232 ], [ -6.850665862999904, 33.800702126000147 ], [ -6.857569009999906, 33.800368102999983 ], [ -6.856673395999849, 33.801322668000182 ], [ -6.853763460999858, 33.804232603000173 ], [ -6.858369302999847, 33.808838444000116 ], [ -6.858325506999961, 33.808880872000088 ], [ -6.874441436999859, 33.825485551000043 ], [ -6.88553553499986, 33.839570233000131 ], [ -6.902087800999936, 33.860054805000232 ], [ -6.902176916999849, 33.860165091999988 ], [ -6.902969521999864, 33.861145995000243 ], [ -6.90299668099982, 33.861179606000121 ], [ -6.881194365999932, 33.878640752000138 ], [ -6.871257912999909, 33.888577205000104 ], [ -6.85669087999986, 33.903626591000034 ], [ -6.850613243999817, 33.91009010900018 ], [ -6.851268072999915, 33.914472363000186 ], [ -6.851380555999867, 33.914792507000243 ], [ -6.845403840999893, 33.910475990000236 ], [ -6.826688579999939, 33.897163073000115 ], [ -6.824357654999915, 33.895710805000022 ], [ -6.82695021599983, 33.892558508000093 ], [ -6.830067765999956, 33.89044302799999 ], [ -6.832739950999951, 33.88732547799998 ], [ -6.835078113999884, 33.883873905000144 ], [ -6.837287723999907, 33.882320599000025 ], [ -6.83768772399992, 33.881420599000194 ], [ -6.838487723999833, 33.880820599000117 ], [ -6.839187722999952, 33.880320599000129 ], [ -6.839287723999917, 33.879320598999982 ], [ -6.839887723999936, 33.878220599000088 ], [ -6.840687723999849, 33.877120599000193 ], [ -6.841787723999914, 33.875820599000122 ], [ -6.841887723999946, 33.875020598999981 ], [ -6.84252475999989, 33.873837533000199 ], [ -6.842092600999933, 33.870067612000071 ], [ -6.844208081999909, 33.868174813999985 ], [ -6.844208081999909, 33.865947993000191 ], [ -6.845285743999909, 33.865677995000226 ], [ -6.84573828799995, 33.865564615000096 ], [ -6.849218429999951, 33.86494592300005 ], [ -6.849107088999915, 33.864277877000234 ], [ -6.847325630999933, 33.863498489000222 ] ] ] ] } },
{ "type": "Feature", "properties": { "Code_Commu": "04.481.11.05.", "Code_Provi": "04.481.", "CODE_REGIO": "04.", "nom": "Commune de Rmilat", "Marocains_": 19117, "Etrangers_": 0, "Populati_1": 19117, "Menages_": 3572, "nom_arabe": "Ш¬Щ…Ш§Ш№Ш© Ш§Ш±Щ…ЩЉЩ„Ш§ШЄ" }, "geometry": { "type": "MultiPolygon", "coordinates": [ [ [ [ -6.083987723999883, 34.49402059900018 ], [ -6.080087723999952, 34.493020599000033 ], [ -6.079987722999931, 34.493020599000033 ], [ -6.074987723999868, 34.490720598999985 ], [ -6.071087723999938, 34.489020599000185 ], [ -6.065387723999947, 34.487220599000125 ], [ -6.057487723999884, 34.484220599000082 ], [ -6.05278772399987, 34.482920599000181 ], [ -6.049687722999863, 34.481320599000128 ], [ -6.044287723999844, 34.478920598999935 ], [ -6.041587723999896, 34.477920599000186 ], [ -6.038987723999924, 34.476220599000044 ], [ -6.038287723999872, 34.473720599000103 ], [ -6.037987723999947, 34.47252059900012 ], [ -6.037187722999931, 34.468920599000171 ], [ -6.034387722999952, 34.465620599000147 ], [ -6.031087722999928, 34.461720599000046 ], [ -6.030387723999922, 34.459220598999934 ], [ -6.028487722999955, 34.456820599000139 ], [ -6.024787722999861, 34.454020599000103 ], [ -6.024487723999925, 34.453720599000178 ], [ -6.022287723999852, 34.451220599000237 ], [ -6.018487722999851, 34.447720599000036 ], [ -6.012587722999854, 34.446220599000071 ], [ -6.009285475999889, 34.445774349000089 ], [ -6.013851172999921, 34.442592197000238 ], [ -6.022155906999956, 34.439737444999935 ], [ -6.022259492999922, 34.439556168000138 ], [ -6.02315614399987, 34.439575246000118 ], [ -6.02786541099988, 34.437401738000233 ], [ -6.030517660999919, 34.436993700000244 ], [ -6.031487722999941, 34.43662059899998 ], [ -6.033187723999959, 34.436320599000226 ], [ -6.034570517999896, 34.436013311000181 ], [ -6.036170144999915, 34.4345469860001 ], [ -6.03980346599991, 34.433768417000238 ], [ -6.043955832999927, 34.431951757000036 ], [ -6.0451398099999, 34.429820599000095 ], [ -6.045253447999812, 34.42961605 ], [ -6.047070108999947, 34.426501775000133 ], [ -6.053039135999882, 34.424425592000034 ], [ -6.059884170999851, 34.424119513000221 ], [ -6.058999037999911, 34.426681742000198 ], [ -6.057956805999822, 34.429698730000041 ], [ -6.059487723999837, 34.42952059900017 ], [ -6.059587723999925, 34.42952059900017 ], [ -6.063987723999844, 34.429220599000189 ], [ -6.065587723999954, 34.429020599000182 ], [ -6.066287723999892, 34.4291205990001 ], [ -6.066387722999934, 34.4291205990001 ], [ -6.066487723999899, 34.4291205990001 ], [ -6.066587722999941, 34.4291205990001 ], [ -6.068487723999851, 34.429020599000182 ], [ -6.068487723999851, 34.4291205990001 ], [ -6.068587722999951, 34.429020599000182 ], [ -6.069087723999928, 34.4291205990001 ], [ -6.069387722999863, 34.429020599000182 ], [ -6.069587722999927, 34.429020599000182 ], [ -6.070287723999911, 34.429020599000182 ], [ -6.070387723999943, 34.429020599000182 ], [ -6.070487723999861, 34.429020599000182 ], [ -6.070787723999899, 34.429020599000182 ], [ -6.071187723999856, 34.428920599000094 ], [ -6.071787723999932, 34.428820599000119 ], [ -6.071987723999882, 34.428820599000119 ], [ -6.073187723999865, 34.428620599000112 ], [ -6.073687722999864, 34.428520599000194 ], [ -6.075187723999875, 34.428420599000106 ], [ -6.07628772399994, 34.428120599000124 ], [ -6.076387723999801, 34.428220599000042 ], [ -6.07648772399989, 34.428120599000124 ], [ -6.07648772399989, 34.428220599000042 ], [ -6.076687723999953, 34.428120599000124 ], [ -6.077087723999909, 34.428120599000124 ], [ -6.078087723999943, 34.427920599000117 ], [ -6.078587722999941, 34.427820599000199 ], [ -6.078587722999941, 34.427920599000117 ], [ -6.078987722999898, 34.427820599000199 ], [ -6.079087723999919, 34.427820599000199 ], [ -6.080387722999888, 34.427720599000054 ], [ -6.080887723999808, 34.427620599000136 ], [ -6.080987722999907, 34.427720599000054 ], [ -6.080987722999907, 34.427620599000136 ], [ -6.08118772399996, 34.427720599000054 ], [ -6.083487722999905, 34.427520599000047 ], [ -6.083687722999912, 34.427520599000047 ], [ -6.084987723999916, 34.427420599000129 ], [ -6.085587723999936, 34.427220599000123 ], [ -6.086187723999899, 34.427220599000123 ], [ -6.089387722999902, 34.426420598999982 ], [ -6.091987723999921, 34.426020599000083 ], [ -6.092087723999953, 34.426020599000083 ], [ -6.09398772399993, 34.425820599000076 ], [ -6.095487722999906, 34.425520598999924 ], [ -6.099287723999907, 34.42502059899999 ], [ -6.099387722999893, 34.425120599000081 ], [ -6.099687723999921, 34.42502059899999 ], [ -6.099787722999849, 34.42502059899999 ], [ -6.100687723999897, 34.424920599000018 ], [ -6.101187722999953, 34.4248205990001 ], [ -6.101187722999953, 34.424920599000018 ], [ -6.101487723999924, 34.4248205990001 ], [ -6.103087723999863, 34.424620599000093 ], [ -6.10588772299991, 34.424020599000187 ], [ -6.109087723999949, 34.423320599000192 ], [ -6.112087723999878, 34.422520599000222 ], [ -6.112287723999941, 34.422020599000064 ], [ -6.112587722999876, 34.422220599000127 ], [ -6.117187723999905, 34.426720599000134 ], [ -6.119287723999946, 34.427820599000199 ], [ -6.121487723999905, 34.428920599000094 ], [ -6.123987722999857, 34.432320599000036 ], [ -6.125187723999943, 34.433920599000032 ], [ -6.124787723999816, 34.43702059900005 ], [ -6.125787723999849, 34.438120599000115 ], [ -6.127487722999945, 34.437220599000057 ], [ -6.129387723999912, 34.43702059900005 ], [ -6.130887723999933, 34.438120599000115 ], [ -6.132187722999959, 34.439420599000186 ], [ -6.136287723999885, 34.440020599000093 ], [ -6.136887722999916, 34.439520598999934 ], [ -6.13618772399991, 34.437520599000038 ], [ -6.13738772399995, 34.436820599000043 ], [ -6.140987723999956, 34.435320599000079 ], [ -6.1452877239999, 34.433220599000038 ], [ -6.147687722999819, 34.432120599000143 ], [ -6.150087722999956, 34.432020599000225 ], [ -6.15158772399991, 34.431620598999984 ], [ -6.153087723999931, 34.431520599000237 ], [ -6.154987722999863, 34.43352059900019 ], [ -6.15948772299987, 34.435620599000231 ], [ -6.164187722999884, 34.436720599000068 ], [ -6.166387722999957, 34.437720599000045 ], [ -6.167087723999941, 34.438520599000185 ], [ -6.16698772299992, 34.442220599000223 ], [ -6.166787722999914, 34.444420599000182 ], [ -6.168387723999956, 34.449220599000171 ], [ -6.168787723999912, 34.453720599000178 ], [ -6.171287722999921, 34.456920599000057 ], [ -6.175587722999921, 34.459420599000168 ], [ -6.175990152999873, 34.459451555000044 ], [ -6.176312529999905, 34.460499280000136 ], [ -6.177091098999938, 34.461537371000134 ], [ -6.179426804999935, 34.459720711000102 ], [ -6.181243465999955, 34.458942142000069 ], [ -6.185395832999916, 34.459461188000034 ], [ -6.189029153999854, 34.45998023400017 ], [ -6.192402951999952, 34.462834986000132 ], [ -6.205379098999799, 34.466727830000195 ], [ -6.234964712999897, 34.461277848000066 ], [ -6.23574328199993, 34.460499280000136 ], [ -6.235749649999946, 34.460362376000035 ], [ -6.253114635999907, 34.450259348000202 ], [ -6.256606783999928, 34.448227601000042 ], [ -6.258521946999906, 34.452536719000079 ], [ -6.253987722999909, 34.471920599000043 ], [ -6.256787723999878, 34.473320599000033 ], [ -6.25808772299996, 34.473920599000166 ], [ -6.259787723999921, 34.474220599000091 ], [ -6.260587723999947, 34.473920599000166 ], [ -6.261287723999885, 34.473920599000166 ], [ -6.262187722999897, 34.474520599000243 ], [ -6.262387722999961, 34.475120598999979 ], [ -6.262587722999911, 34.475620599000138 ], [ -6.262287723999918, 34.476520599000139 ], [ -6.262087723999912, 34.477620599000034 ], [ -6.262187722999897, 34.478120599000192 ], [ -6.262487723999868, 34.47902059900008 ], [ -6.263187722999874, 34.479220599000087 ], [ -6.263687723999851, 34.47982059899999 ], [ -6.264987722999933, 34.479320599000175 ], [ -6.265487723999854, 34.479320599000175 ], [ -6.265487723999854, 34.47982059899999 ], [ -6.267187723999825, 34.480120599000145 ], [ -6.267487722999931, 34.48082059900014 ], [ -6.268587723999929, 34.481820599000116 ], [ -6.269387723999955, 34.481720599000141 ], [ -6.269587723999905, 34.482220599000129 ], [ -6.27028772299991, 34.482620599000199 ], [ -6.269887722999954, 34.483520599000087 ], [ -6.27028772299991, 34.483820599000182 ], [ -6.270987723999895, 34.483820599000182 ], [ -6.271787723999921, 34.484320599000171 ], [ -6.273787722999941, 34.484320599000171 ], [ -6.274387722999961, 34.484620598999925 ], [ -6.275987722999901, 34.484820598999988 ], [ -6.277287723999905, 34.485120599000084 ], [ -6.27778772399995, 34.486320599000123 ], [ -6.277087723999955, 34.4869205990002 ], [ -6.276487723999878, 34.489320599000166 ], [ -6.277187723999873, 34.48962059899992 ], [ -6.275987722999901, 34.489920599000243 ], [ -6.273787722999941, 34.491120599000226 ], [ -6.269587723999905, 34.491120599000226 ], [ -6.265287723999904, 34.49262059900019 ], [ -6.261787722999941, 34.493920599000091 ], [ -6.25808772299996, 34.493920599000091 ], [ -6.252987722999876, 34.49262059900019 ], [ -6.248787723999897, 34.492920599000115 ], [ -6.245687722999946, 34.493120599000179 ], [ -6.244087723999883, 34.49262059900019 ], [ -6.244587723999928, 34.491320599000062 ], [ -6.244487723999953, 34.489820598999984 ], [ -6.243487723999863, 34.48962059899992 ], [ -6.240587722999919, 34.490120599000079 ], [ -6.236587723999889, 34.489520599000173 ], [ -6.232787722999888, 34.490820599000131 ], [ -6.232487723999952, 34.491120599000226 ], [ -6.229987722999851, 34.493220599000097 ], [ -6.228387723999901, 34.492520599000102 ], [ -6.228163230999883, 34.492640328000107 ], [ -6.225881409999943, 34.491642032000129 ], [ -6.223286180999935, 34.490603940000199 ], [ -6.221250432999909, 34.491214664000097 ], [ -6.219387722999954, 34.491220599000144 ], [ -6.219287723999855, 34.492520599000102 ], [ -6.218987722999941, 34.49262059900019 ], [ -6.217087723999839, 34.493220599000097 ], [ -6.216187723999951, 34.492920599000115 ], [ -6.213987723999935, 34.493520599000021 ], [ -6.212787723999952, 34.493420599000103 ], [ -6.210787722999953, 34.493620599000167 ], [ -6.209987722999927, 34.491720599000132 ], [ -6.207687723999925, 34.491220599000144 ], [ -6.203987723999944, 34.491520599000125 ], [ -6.20088772399987, 34.491920599000196 ], [ -6.196687723999901, 34.492320599000038 ], [ -6.192487722999942, 34.493020599000033 ], [ -6.188287723999906, 34.493520599000021 ], [ -6.185687723999877, 34.493920599000091 ], [ -6.182487722999952, 34.494220599000073 ], [ -6.175187722999908, 34.494920599000238 ], [ -6.169087723999951, 34.495520599000145 ], [ -6.167987723999886, 34.495720598999981 ], [ -6.16298772399989, 34.496220599000139 ], [ -6.158387723999908, 34.496820599000046 ], [ -6.147387723999941, 34.497920599000111 ], [ -6.141787723999869, 34.498820599000169 ], [ -6.136087723999879, 34.499420599000246 ], [ -6.129487722999954, 34.500320599000077 ], [ -6.125687722999942, 34.50052059900014 ], [ -6.113487723999924, 34.501220599000135 ], [ -6.111887723999871, 34.501420599000141 ], [ -6.110687723999888, 34.502420599000118 ], [ -6.102987723999945, 34.500420599000222 ], [ -6.094687722999936, 34.498320599000181 ], [ -6.093587723999917, 34.498120599000174 ], [ -6.091187722999905, 34.497920599000111 ], [ -6.083987723999883, 34.49402059900018 ] ] ] ] } },
{ "type": "Feature", "properties": { "Code_Commu": "04.291.07.07.", "Code_Provi": "04.291.", "CODE_REGIO": "04.", "nom": "Commune d'Ezzhiliga", "Marocains_": 14788, "Etrangers_": 0, "Populati_1": 14788, "Menages_": 3676, "nom_arabe": "Ш¬Щ…Ш§Ш№Ш© Ш§Щ„ШІШ­ЩЉЩ„ЩѓШ©" }, "geometry": { "type": "MultiPolygon", "coordinates": [ [ [ [ -6.608851479999885, 33.461964306000084 ], [ -6.603983663999941, 33.458313444000169 ], [ -6.595464985999854, 33.458921921000126 ], [ -6.589380216999928, 33.458313444000169 ], [ -6.586337831999913, 33.458009206000042 ], [ -6.582991208999943, 33.453141389999928 ], [ -6.588434949999851, 33.443169376000185 ], [ -6.586618288999944, 33.43512416499999 ], [ -6.581687353999939, 33.427078954000194 ], [ -6.574161188999938, 33.420850404000191 ], [ -6.56507788599987, 33.415919468000027 ], [ -6.559108857999831, 33.410729009000192 ], [ -6.557811243999936, 33.399829046000093 ], [ -6.546651757999939, 33.396455248000166 ], [ -6.520958986999858, 33.395157633000224 ], [ -6.512654252999937, 33.38711242200003 ], [ -6.506166179999923, 33.388669560000096 ], [ -6.484366252999905, 33.379067211000063 ], [ -6.460490142999959, 33.372060092000197 ], [ -6.449849702999927, 33.366869634000068 ], [ -6.441285445999881, 33.36505297299999 ], [ -6.436354509999944, 33.36661011100017 ], [ -6.432721188999949, 33.368686294000099 ], [ -6.426233115999935, 33.368167248000134 ], [ -6.416630766999845, 33.370243432000166 ], [ -6.403537041999925, 33.368480815000055 ], [ -6.403356330999941, 33.368456488000106 ], [ -6.402876051999954, 33.369983909000098 ], [ -6.393014179999852, 33.350000643000101 ], [ -6.393014179999852, 33.349401764999925 ], [ -6.391787722999936, 33.348420599000121 ], [ -6.39476211099992, 33.343645721000087 ], [ -6.403987722999943, 33.332020599000145 ], [ -6.404787722999856, 33.330020599000193 ], [ -6.406921043999887, 33.32845326100005 ], [ -6.411180785999932, 33.323010258000238 ], [ -6.408887722999907, 33.315820599000176 ], [ -6.406481109999902, 33.311613312000134 ], [ -6.396907023999916, 33.295500827000069 ], [ -6.395187722999935, 33.293120599000133 ], [ -6.39468772399988, 33.290520599000104 ], [ -6.382892785999957, 33.276815175000138 ], [ -6.38248772399993, 33.274920599000041 ], [ -6.384190400999955, 33.257091432000038 ], [ -6.388795518999871, 33.249896922000175 ], [ -6.394235942999956, 33.242794148000144 ], [ -6.398387723999861, 33.237620599000081 ], [ -6.398410404999879, 33.237624852000181 ], [ -6.406768895999903, 33.226986772000146 ], [ -6.411714135999887, 33.225132307000081 ], [ -6.414318648999938, 33.22415561400004 ], [ -6.417149812999867, 33.223093928000139 ], [ -6.417683923999959, 33.223165828000049 ], [ -6.43064500599985, 33.224910588000171 ], [ -6.431610240999873, 33.225296683000181 ], [ -6.431787723999889, 33.225020599000118 ], [ -6.431827439999893, 33.224985296000114 ], [ -6.461009188999924, 33.218682038000111 ], [ -6.470960342999945, 33.198779730000069 ], [ -6.479087676999939, 33.193580255000199 ], [ -6.495323888999906, 33.186512728000082 ], [ -6.505856797999911, 33.186895743000093 ], [ -6.507943428999909, 33.187823135000087 ], [ -6.519920894999871, 33.175601231000144 ], [ -6.524073261999888, 33.157434625000178 ], [ -6.531339903999935, 33.148870369000122 ], [ -6.539226656999915, 33.148965294999982 ], [ -6.541455333999863, 33.149079587000017 ], [ -6.550804124999956, 33.163663176000114 ], [ -6.560146949999933, 33.175341708000076 ], [ -6.569465099999945, 33.176584128000172 ], [ -6.575718325999901, 33.177417891000175 ], [ -6.572085004999849, 33.181310735000181 ], [ -6.591808747999949, 33.19143213000018 ], [ -6.602189665999902, 33.193767836000177 ], [ -6.613349151999898, 33.194027359000074 ], [ -6.632034802999897, 33.202591616000177 ], [ -6.654613297999958, 33.209079689000077 ], [ -6.648384747999899, 33.212972533000141 ], [ -6.645326215999887, 33.216489845000183 ], [ -6.643194288999894, 33.218941561000179 ], [ -6.642358819999856, 33.221030233000135 ], [ -6.639687722999952, 33.226520599000025 ], [ -6.638587723999933, 33.231720599000084 ], [ -6.637087722999922, 33.234120599000221 ], [ -6.640858582999897, 33.248008129000141 ], [ -6.639301444999944, 33.259946184000171 ], [ -6.647606178999922, 33.266174735000106 ], [ -6.652277591999791, 33.276036606000105 ], [ -6.655132343999924, 33.287715138000237 ], [ -6.657991052999932, 33.29325388600023 ], [ -6.659284710999941, 33.296538918000238 ], [ -6.650460930999941, 33.301210330999936 ], [ -6.638782398999922, 33.307957927000132 ], [ -6.631515756999931, 33.31392695500017 ], [ -6.628401481999958, 33.315224570000169 ], [ -6.622691976999931, 33.318338845000198 ], [ -6.611333092999871, 33.317342451000172 ], [ -6.610887723999895, 33.317520599000147 ], [ -6.610178813999937, 33.31822950899999 ], [ -6.600892050999903, 33.317819799000233 ], [ -6.594987723999907, 33.321920599000237 ], [ -6.593404582999938, 33.322589532000052 ], [ -6.591289701999926, 33.324307872000134 ], [ -6.591549224999881, 33.32897928500023 ], [ -6.598296821999952, 33.3323530830001 ], [ -6.59933491299995, 33.337284019000094 ], [ -6.604784894999796, 33.344291138000131 ], [ -6.613349151999898, 33.346107799000094 ], [ -6.632034802999897, 33.362198221000199 ], [ -6.626065775999848, 33.373357707000196 ], [ -6.627937168999949, 33.38131112800005 ], [ -6.628887722999934, 33.381220599000244 ], [ -6.630787722999912, 33.381420599000137 ], [ -6.63177605899989, 33.383609058000104 ], [ -6.633332417999895, 33.383998147000227 ], [ -6.63359194099985, 33.391005266000093 ], [ -6.639041921999876, 33.393860018999931 ], [ -6.639041921999876, 33.39905047700023 ], [ -6.642156196999906, 33.399829046000093 ], [ -6.643453811999962, 33.406576642000061 ], [ -6.646568086999878, 33.411248054999987 ], [ -6.652537114999859, 33.414621853000085 ], [ -6.650460930999941, 33.418774219999989 ], [ -6.655132343999924, 33.420850404000191 ], [ -6.663696600999913, 33.429155138000226 ], [ -6.66213946299996, 33.430712275000189 ], [ -6.661808927999914, 33.432199683000135 ], [ -6.662387723999927, 33.432720599000106 ], [ -6.662787723999941, 33.433220599000094 ], [ -6.664487723999912, 33.433320599000183 ], [ -6.664787722999961, 33.433420599000101 ], [ -6.665287723999938, 33.434020599000178 ], [ -6.665287723999938, 33.435020598999984 ], [ -6.665087723999932, 33.435320599000079 ], [ -6.664262576999931, 33.435430618999987 ], [ -6.665513261999877, 33.436681303000228 ], [ -6.666551352999875, 33.440833670000188 ], [ -6.663956123999924, 33.444986037000092 ], [ -6.662484416999916, 33.44578878599998 ], [ -6.655391866999878, 33.449657450000188 ], [ -6.653834729999915, 33.448100312000122 ], [ -6.650720453999895, 33.450176495000221 ], [ -6.647346655999911, 33.448878880999985 ], [ -6.646049040999912, 33.451733633000117 ], [ -6.643713334999859, 33.450436018000119 ], [ -6.636446692999925, 33.45406934 ], [ -6.635577135999881, 33.454181540000036 ], [ -6.635987723999961, 33.45492059899999 ], [ -6.636115850999886, 33.45492059899999 ], [ -6.628659804999927, 33.458735320000073 ], [ -6.627872172999901, 33.459138294000184 ], [ -6.627105788999927, 33.45953039800014 ], [ -6.624850863999939, 33.460020599000245 ], [ -6.624777586999926, 33.460036528999979 ], [ -6.620108303999871, 33.461051590000238 ], [ -6.613415056999941, 33.462268543999983 ], [ -6.608851479999885, 33.461964306000084 ] ] ] ] } },
{ "type": "Feature", "properties": { "Code_Commu": "04.481.03.09.", "Code_Provi": "04.481.", "CODE_REGIO": "04.", "nom": "Commune de Moulay Abdelkader", "Marocains_": 7738, "Etrangers_": 2, "Populati_1": 7740, "Menages_": 1720, "nom_arabe": "Ш¬Щ…Ш§Ш№Ш© Щ…Щ€Щ„Ш§ЩЉ Ш№ШЁШЇ Ш§Щ„Щ‚Ш§ШЇШ±" }, "geometry": { "type": "MultiPolygon", "coordinates": [ [ [ [ -5.75099730099987, 34.729689933000145 ], [ -5.743785275999926, 34.726916077000112 ], [ -5.737497869999913, 34.729689933000145 ], [ -5.728066759999933, 34.730984399000135 ], [ -5.71919042199994, 34.727101001000165 ], [ -5.717526107999959, 34.720813595000038 ], [ -5.711238701999946, 34.719149281000171 ], [ -5.710129158999905, 34.713971417000039 ], [ -5.714752251999869, 34.705464926000104 ], [ -5.710572589999913, 34.697105602000192 ], [ -5.708279921999917, 34.692520266000201 ], [ -5.716786412999852, 34.672918351000078 ], [ -5.718080878999956, 34.665336479000132 ], [ -5.714567328999919, 34.66034353800012 ], [ -5.694595566999908, 34.656090293000034 ], [ -5.688862931999893, 34.649433039000201 ], [ -5.690580314999863, 34.645089069000164 ], [ -5.690712168999937, 34.643145633000131 ], [ -5.689047854999899, 34.63852254000011 ], [ -5.690712168999937, 34.632050209000113 ], [ -5.695150337999905, 34.625208031999989 ], [ -5.701687732999915, 34.617951484000173 ], [ -5.704865940999866, 34.62475639500019 ], [ -5.708487723999951, 34.623920599000144 ], [ -5.712370552999914, 34.6234715020002 ], [ -5.714583353999956, 34.621367841000165 ], [ -5.715278007999927, 34.620755094000174 ], [ -5.715371078999908, 34.621045590000222 ], [ -5.716672003999918, 34.625106053000195 ], [ -5.719166844999904, 34.629407504000199 ], [ -5.725705049999931, 34.63000970700017 ], [ -5.731641051999873, 34.628891330000101 ], [ -5.734307950999948, 34.625622227000235 ], [ -5.741620416999922, 34.616847268000129 ], [ -5.741259458999934, 34.613586859000065 ], [ -5.740762694999944, 34.611301747000198 ], [ -5.742394677999869, 34.6059215840001 ], [ -5.745628924999949, 34.600722986999926 ], [ -5.749225702999922, 34.599030385000049 ], [ -5.753034056999923, 34.595222031000048 ], [ -5.761285489999864, 34.595645182000169 ], [ -5.766151719999925, 34.594164155000101 ], [ -5.772287400999915, 34.592894704000173 ], [ -5.775887723999915, 34.583520599000167 ], [ -5.775987722999901, 34.583020599000179 ], [ -5.77618772299985, 34.582220599000095 ], [ -5.776287723999928, 34.581820599000196 ], [ -5.776287723999928, 34.581641535000131 ], [ -5.776830428999915, 34.580081257000188 ], [ -5.777906333999852, 34.578902885000048 ], [ -5.778870254999958, 34.57838385100024 ], [ -5.77828519399992, 34.573235308000164 ], [ -5.777942895999956, 34.572208414999977 ], [ -5.778487722999898, 34.571220599000128 ], [ -5.778320066999868, 34.571220599000128 ], [ -5.779037205999884, 34.570264414000178 ], [ -5.779387723999946, 34.570220599000038 ], [ -5.779687722999881, 34.56892059900008 ], [ -5.779887722999945, 34.567620599000179 ], [ -5.780487722999908, 34.566320599000107 ], [ -5.780487722999908, 34.56599509300014 ], [ -5.781023572999914, 34.565191317000085 ], [ -5.782679053999857, 34.563385339000035 ], [ -5.782748521999906, 34.56340077599998 ], [ -5.784360973999924, 34.561939492000079 ], [ -5.784516148999899, 34.561687332000133 ], [ -5.78453212199986, 34.561682769000072 ], [ -5.786414757999864, 34.558516517000101 ], [ -5.786415967999858, 34.558480222000185 ], [ -5.787309239999956, 34.557561645000135 ], [ -5.802887722999913, 34.557220599000175 ], [ -5.807832034999933, 34.554176442000085 ], [ -5.818622369999957, 34.553541715999984 ], [ -5.826873802999899, 34.55629219399998 ], [ -5.837387723999939, 34.561220599000194 ], [ -5.839356739999914, 34.562216299000113 ], [ -5.842953518999934, 34.571314033000078 ], [ -5.850570225999832, 34.580834917000175 ], [ -5.853955428999882, 34.588874775000193 ], [ -5.852685977999897, 34.594164155000101 ], [ -5.865887722999958, 34.621520599000178 ], [ -5.867919392999909, 34.624842559999934 ], [ -5.860302685999955, 34.627381462000244 ], [ -5.857287722999899, 34.627520598999922 ], [ -5.848537111999917, 34.626004745000103 ], [ -5.848242898999899, 34.632036116999984 ], [ -5.850358650999908, 34.635632895000072 ], [ -5.856494331999897, 34.640499125000133 ], [ -5.861995286999957, 34.645153779000168 ], [ -5.860887723999952, 34.646320599000092 ], [ -5.860287723999875, 34.650720599000181 ], [ -5.863187722999953, 34.652520599000241 ], [ -5.864536998999938, 34.65280680900014 ], [ -5.866438365999954, 34.648750558000131 ], [ -5.869611993999911, 34.64473062899998 ], [ -5.873631922999891, 34.643249603000186 ], [ -5.876250651999953, 34.644256806000101 ], [ -5.879767603999937, 34.645788505000098 ], [ -5.881887723999853, 34.648720599000228 ], [ -5.883663307999882, 34.648523312000179 ], [ -5.884488330999943, 34.650681063000093 ], [ -5.883787722999955, 34.651920599000164 ], [ -5.877440276999948, 34.652770487000112 ], [ -5.876593975999924, 34.654674664000197 ], [ -5.880613904999905, 34.658906168000044 ], [ -5.878498152999896, 34.667369176000193 ], [ -5.871887723999919, 34.686720599000068 ], [ -5.871304595999959, 34.688103545999979 ], [ -5.858587723999904, 34.68192059900008 ], [ -5.848487723999938, 34.677020599000173 ], [ -5.839991465999901, 34.669061777000195 ], [ -5.838162133999901, 34.668553630000133 ], [ -5.837333805999947, 34.669299125000123 ], [ -5.830987722999851, 34.66612059900018 ], [ -5.826446178999959, 34.661083233000113 ], [ -5.823987723999949, 34.662020599000243 ], [ -5.820687723999924, 34.662220599000079 ], [ -5.817287723999925, 34.662620598999979 ], [ -5.815387723999891, 34.662520599000231 ], [ -5.814056289999883, 34.662562622999985 ], [ -5.803682981999941, 34.671380323000164 ], [ -5.805927857999961, 34.677313210000136 ], [ -5.80148477899985, 34.679428962000088 ], [ -5.799904635999951, 34.679182915000069 ], [ -5.796488535999913, 34.678650987000083 ], [ -5.795563917999857, 34.674397741000234 ], [ -5.789287722999916, 34.677720599000224 ], [ -5.782064485999911, 34.681609766000236 ], [ -5.773188147999917, 34.69141072299999 ], [ -5.768380130999901, 34.697328282000115 ], [ -5.756729936999818, 34.711567409000111 ], [ -5.761168105999957, 34.718409586000178 ], [ -5.767085664999911, 34.72599145900017 ], [ -5.770062632999952, 34.729033144000084 ], [ -5.775592155999959, 34.734682873999986 ], [ -5.760983181999904, 34.737271806000138 ], [ -5.753586232999851, 34.735792415999981 ], [ -5.75099730099987, 34.729689933000145 ] ] ] ] } },
{ "type": "Feature", "properties": { "Code_Commu": "04.291.07.15.", "Code_Provi": "04.291.", "CODE_REGIO": "04.", "nom": "Commune de My Driss Aghbal", "Marocains_": 4583, "Etrangers_": 0, "Populati_1": 4583, "Menages_": 1133, "nom_arabe": "Ш¬Щ…Ш§Ш№Ш© Щ…Щ€Щ„Ш§ЩЉ Ш§ШЇШ±ЩЉШі ШЈШєШЁШ§Щ„" }, "geometry": { "type": "MultiPolygon", "coordinates": [ [ [ [ -6.496094827999912, 33.825994438000123 ], [ -6.490187722999906, 33.825920599000142 ], [ -6.484487722999916, 33.826320599000042 ], [ -6.480987722999942, 33.828520599000171 ], [ -6.479087723999953, 33.831320599000037 ], [ -6.478487723999933, 33.830920599000137 ], [ -6.478487723999933, 33.830220599000143 ], [ -6.4774877239999, 33.82942059900023 ], [ -6.477287722999961, 33.827520599000195 ], [ -6.475487722999958, 33.823120599000106 ], [ -6.474687722999874, 33.822920599000099 ], [ -6.47178772299992, 33.823420599000087 ], [ -6.470587722999937, 33.823920599000076 ], [ -6.468687723999835, 33.824420599000234 ], [ -6.466287722999937, 33.824620599000241 ], [ -6.461987723999869, 33.824720598999988 ], [ -6.461187723999956, 33.824620599000241 ], [ -6.460487723999904, 33.824520598999982 ], [ -6.458487723999895, 33.823520599000176 ], [ -6.457587722999961, 33.821020599000121 ], [ -6.455405069999927, 33.819073403000118 ], [ -6.453623612999877, 33.816512558000227 ], [ -6.452287519999913, 33.815065124000171 ], [ -6.452176178999935, 33.814508419000049 ], [ -6.452176178999935, 33.813506349000079 ], [ -6.452398860999892, 33.812615621000134 ], [ -6.452578587999938, 33.812384543000178 ], [ -6.452687722999883, 33.811620599000037 ], [ -6.453587723999931, 33.810720598999978 ], [ -6.455287722999913, 33.809220599000241 ], [ -6.455387723999934, 33.808520599000019 ], [ -6.45558772399994, 33.8071205990002 ], [ -6.45558772399994, 33.805720598999983 ], [ -6.455487722999919, 33.805120599000077 ], [ -6.45541023699991, 33.804926884000167 ], [ -6.450589454999943, 33.80054435500017 ], [ -6.450060698999948, 33.800368102999983 ], [ -6.449281310999879, 33.800479444000018 ], [ -6.448613264999949, 33.801147491000165 ], [ -6.448501923999856, 33.802038219000167 ], [ -6.448501923999856, 33.803708335000124 ], [ -6.448501923999856, 33.80515576900018 ], [ -6.448402592999912, 33.805354430000193 ], [ -6.448487723999961, 33.806120599000224 ], [ -6.448287723999897, 33.806620599000041 ], [ -6.44793604799986, 33.806922035000127 ], [ -6.447722535999958, 33.807605272999979 ], [ -6.446609124999952, 33.808607342000187 ], [ -6.445384373999957, 33.808941366000113 ], [ -6.444493644999852, 33.808941366000113 ], [ -6.443825598999922, 33.808384660000229 ], [ -6.443825598999922, 33.807605272999979 ], [ -6.444270962999894, 33.806157838999923 ], [ -6.445021968999868, 33.804405492000171 ], [ -6.445011705999946, 33.804200238000078 ], [ -6.445161691999886, 33.804042358000117 ], [ -6.444827667999959, 33.803262971000038 ], [ -6.441376094999953, 33.80237224199999 ], [ -6.437277602999927, 33.80274483300019 ], [ -6.436287723999897, 33.802320599000041 ], [ -6.435151276999932, 33.80218689899999 ], [ -6.434250266999925, 33.802817607000122 ], [ -6.432468809999932, 33.803151630000173 ], [ -6.430798693999861, 33.802706266000087 ], [ -6.429573941999877, 33.802817607000122 ], [ -6.42790382599992, 33.802706266000087 ], [ -6.427347120999912, 33.80237224199999 ], [ -6.427042803999882, 33.802184971000202 ], [ -6.426187722999941, 33.802220599000123 ], [ -6.425387722999915, 33.801820599000052 ], [ -6.424940144999937, 33.800882815000136 ], [ -6.423895546999915, 33.800034079999989 ], [ -6.421267632999957, 33.796880583000075 ], [ -6.418144232999907, 33.795567690000098 ], [ -6.415767648999918, 33.794801050000046 ], [ -6.415890192999939, 33.7941883310001 ], [ -6.415990331999865, 33.793687639000041 ], [ -6.41654703699993, 33.792908252000132 ], [ -6.416976606999924, 33.792765062000171 ], [ -6.417414605999852, 33.792619062000199 ], [ -6.417487723999955, 33.792420599000195 ], [ -6.420783133999862, 33.792746769000189 ], [ -6.427790253999945, 33.79144915400019 ], [ -6.438171170999908, 33.78833487899999 ], [ -6.449590179999916, 33.783403943000224 ], [ -6.448755112999947, 33.77484451 ], [ -6.446987722999893, 33.770720599000242 ], [ -6.446884284999953, 33.76927246299999 ], [ -6.445941078999908, 33.766297736000126 ], [ -6.446687723999958, 33.763373377000221 ], [ -6.447158245999958, 33.761530500999982 ], [ -6.449687723999944, 33.757820599000127 ], [ -6.453087722999953, 33.754220599000178 ], [ -6.455487722999919, 33.753220599000201 ], [ -6.456787723999923, 33.750520599000083 ], [ -6.458287723999888, 33.748020599000199 ], [ -6.458387722999817, 33.747420599000122 ], [ -6.458487723999895, 33.746820599000046 ], [ -6.459642893999842, 33.74530999000018 ], [ -6.45997109699988, 33.744215980000092 ], [ -6.468431974999874, 33.738685151000141 ], [ -6.473254182999938, 33.736123353000096 ], [ -6.476049296999918, 33.733328239000116 ], [ -6.476672217999919, 33.732705319000104 ], [ -6.477359133999926, 33.732018402000165 ], [ -6.478101745999822, 33.731480009000109 ], [ -6.478358624999942, 33.731293772000072 ], [ -6.487740050999889, 33.72449223699999 ], [ -6.494228124999893, 33.723454146000165 ], [ -6.497342399999923, 33.725011283000129 ], [ -6.501046763999909, 33.728900865000242 ], [ -6.501567997999871, 33.728730461000168 ], [ -6.505263894999871, 33.727522188000137 ], [ -6.511356637999938, 33.725530329000094 ], [ -6.524332784999956, 33.72604937500023 ], [ -6.531339903999935, 33.727606512000193 ], [ -6.533587722999926, 33.728355785000076 ], [ -6.533587722999926, 33.728058581000198 ], [ -6.534454179999955, 33.727866035000091 ], [ -6.534713702999909, 33.726308898000127 ], [ -6.531897540999864, 33.713744486999929 ], [ -6.531319722999854, 33.71101439099999 ], [ -6.531078058999924, 33.708114427999988 ], [ -6.530161702999862, 33.704456439000069 ], [ -6.530720975999884, 33.703829429000052 ], [ -6.533809209999959, 33.70007943100012 ], [ -6.530734882999866, 33.697526176000167 ], [ -6.524377798999865, 33.69637981599999 ], [ -6.523960386999875, 33.697433287000194 ], [ -6.521788073999915, 33.702357503000144 ], [ -6.521104220999916, 33.703746089000106 ], [ -6.520439940999836, 33.69750185200013 ], [ -6.520365541999809, 33.696848782000075 ], [ -6.517580050999925, 33.694195933000231 ], [ -6.516040640999961, 33.692784416999984 ], [ -6.51518772299994, 33.689220599000123 ], [ -6.515417898999885, 33.689014236000048 ], [ -6.517082785999946, 33.687521585000241 ], [ -6.519985707999922, 33.686212646000229 ], [ -6.524794656999916, 33.684082507000085 ], [ -6.524851830999921, 33.683228091000103 ], [ -6.524592307999853, 33.681411430000139 ], [ -6.523294692999855, 33.678816201000132 ], [ -6.524527857999942, 33.674376806999987 ], [ -6.527587723999886, 33.673420599000053 ], [ -6.531887723999944, 33.672120598999982 ], [ -6.53248772399985, 33.672320598999988 ], [ -6.533187722999855, 33.672720599000229 ], [ -6.533587722999926, 33.672720599000229 ], [ -6.534087723999903, 33.672520599000222 ], [ -6.534387722999952, 33.67222059900007 ], [ -6.535587722999935, 33.671320599000069 ], [ -6.537387723999927, 33.671220598999923 ], [ -6.539387723999937, 33.670420599000181 ], [ -6.543487723999874, 33.668620599000121 ], [ -6.545987722999882, 33.665420599000186 ], [ -6.545987722999882, 33.664457319000235 ], [ -6.546392234999871, 33.663763871000242 ], [ -6.546132711999917, 33.662206733000176 ], [ -6.541201775999923, 33.661947210000108 ], [ -6.532118472999855, 33.662985302000038 ], [ -6.523294692999855, 33.662206733000176 ], [ -6.518882803999873, 33.659092458000202 ], [ -6.51732566599992, 33.654940091000071 ], [ -6.517844711999942, 33.649230586000101 ], [ -6.519920894999871, 33.643780605000075 ], [ -6.516806619999954, 33.637292531000071 ], [ -6.513951867999936, 33.628209229000106 ], [ -6.506944748999956, 33.619385449000106 ], [ -6.50779625499996, 33.615437556000188 ], [ -6.508221101999936, 33.613467811000191 ], [ -6.514470913999958, 33.610302146000038 ], [ -6.522256601999857, 33.614454513000112 ], [ -6.534194656999944, 33.617568788000142 ], [ -6.543018435999954, 33.621461632000035 ], [ -6.546400802999869, 33.623568809000176 ], [ -6.548493944999962, 33.625073681000174 ], [ -6.550544601999889, 33.631063981000239 ], [ -6.546392234999871, 33.635735394000108 ], [ -6.545094619999873, 33.640147284000136 ], [ -6.545094619999873, 33.645597265000106 ], [ -6.548208894999902, 33.650268678000202 ], [ -6.548987463999936, 33.656237705000137 ], [ -6.552880307999885, 33.658573412000237 ], [ -6.557811243999936, 33.660130550000076 ], [ -6.556513628999937, 33.662466256000073 ], [ -6.555687723999938, 33.662466256000073 ], [ -6.555687723999938, 33.663220599000226 ], [ -6.553132940999831, 33.663539947000174 ], [ -6.553918399999873, 33.666878146000101 ], [ -6.555735059999904, 33.668435283000235 ], [ -6.558589812999855, 33.674404311000103 ], [ -6.557811243999936, 33.680373338000095 ], [ -6.557521310999903, 33.680518305000078 ], [ -6.557497525999906, 33.680732373000183 ], [ -6.55236126199992, 33.683747137000069 ], [ -6.553422175999856, 33.684353373000135 ], [ -6.55338895899996, 33.684369981000089 ], [ -6.554696968999906, 33.685304274000202 ], [ -6.563261224999849, 33.685823320000168 ], [ -6.566375500999868, 33.687639981000132 ], [ -6.57000882199992, 33.68867807200013 ], [ -6.572085004999849, 33.690235210000139 ], [ -6.583504013999914, 33.691013779000173 ], [ -6.587915903999885, 33.69750185200013 ], [ -6.586099243999854, 33.700616126999932 ], [ -6.588694472999919, 33.7117756130001 ], [ -6.599594435999961, 33.739285045000202 ], [ -6.607899169999882, 33.755115944000067 ], [ -6.612570582999865, 33.764977815000123 ], [ -6.609196784999881, 33.76757304400013 ], [ -6.599075389999882, 33.781068237000227 ], [ -6.587296043999856, 33.785555607000049 ], [ -6.585187723999866, 33.786820599000123 ], [ -6.58238772399983, 33.787820599000099 ], [ -6.579687723999882, 33.790020599000229 ], [ -6.578788751999923, 33.790919571000131 ], [ -6.578770973999895, 33.790904112000192 ], [ -6.577518246999887, 33.790538734000165 ], [ -6.576714373999891, 33.789858533000142 ], [ -6.57476269499989, 33.789233996000235 ], [ -6.568861618999961, 33.79034740700024 ], [ -6.568861618999961, 33.794578368000089 ], [ -6.568241071999921, 33.794667017000052 ], [ -6.566746137999871, 33.795023732000175 ], [ -6.565187363999883, 33.791460818000076 ], [ -6.564087722999943, 33.7917205990002 ], [ -6.561287722999907, 33.79272059900012 ], [ -6.556513628999937, 33.794303907000028 ], [ -6.554874982999877, 33.795546461000185 ], [ -6.55004497799996, 33.798363964000146 ], [ -6.548770225999874, 33.797212575000174 ], [ -6.54924698699989, 33.791968199999985 ], [ -6.54477324599992, 33.786748836000129 ], [ -6.542287722999902, 33.7874205990002 ], [ -6.538347023999904, 33.786518219000129 ], [ -6.527447059999872, 33.790411063000192 ], [ -6.527352280999935, 33.790462107000167 ], [ -6.525215919999937, 33.790904112000192 ], [ -6.520187723999925, 33.794320599000173 ], [ -6.519421135999892, 33.795427893000124 ], [ -6.519314842999904, 33.801592855000081 ], [ -6.516865339999924, 33.80693722600023 ], [ -6.511743650999904, 33.814619760000085 ], [ -6.512448327999948, 33.815357994000067 ], [ -6.516531316999931, 33.819741448999935 ], [ -6.516887722999911, 33.820820599000228 ], [ -6.517287722999868, 33.823720599000183 ], [ -6.517287722999868, 33.826920599000118 ], [ -6.517319440999927, 33.830170767000084 ], [ -6.514087723999864, 33.831120599000201 ], [ -6.51423789699993, 33.834702449000076 ], [ -6.516231836999907, 33.837783992000197 ], [ -6.511156353999866, 33.839596664999988 ], [ -6.507893543999955, 33.842859475000125 ], [ -6.502636792999908, 33.839234130000136 ], [ -6.496094827999912, 33.825994438000123 ] ] ] ] } },
{ "type": "Feature", "properties": { "Code_Commu": "04.291.05.09.", "Code_Provi": "04.291.", "CODE_REGIO": "04.", "nom": "Commune de Maaziz", "Marocains_": 10811, "Etrangers_": 1, "Populati_1": 10812, "Menages_": 3323, "nom_arabe": "Ш¬Щ…Ш§Ш№Ш© Ш§Щ„Щ…Ш№Ш§ШІЩЉШІ" }, "geometry": { "type": "MultiPolygon", "coordinates": [ [ [ [ -6.355734546999884, 33.747356545000116 ], [ -6.348096476999956, 33.74633813600019 ], [ -6.332820336999873, 33.743028306000042 ], [ -6.31830800399996, 33.738190861000078 ], [ -6.31016073, 33.734117224000101 ], [ -6.309906127999852, 33.732335008000064 ], [ -6.30598772299993, 33.725320598999929 ], [ -6.306850899999915, 33.722150915000043 ], [ -6.309396922999895, 33.718331880000164 ], [ -6.311994446999961, 33.718586482000092 ], [ -6.315252776999898, 33.718586482000092 ], [ -6.311942945999874, 33.710184605000109 ], [ -6.308378513999912, 33.704328752000094 ], [ -6.294884589999867, 33.699491308000233 ], [ -6.292487722999908, 33.701020599000174 ], [ -6.29055635099985, 33.702037330999929 ], [ -6.28164526899991, 33.69974591 ], [ -6.273243391999927, 33.704583354000192 ], [ -6.26789674399987, 33.702801137999984 ], [ -6.267642140999953, 33.692617045000134 ], [ -6.266878333999955, 33.692107840000233 ], [ -6.256124854999939, 33.690421020000088 ], [ -6.257087722999927, 33.689320599000098 ], [ -6.258059816999946, 33.686751493000145 ], [ -6.262295491999851, 33.681414542000084 ], [ -6.257712649999917, 33.669702835000123 ], [ -6.253230506999898, 33.664372719000198 ], [ -6.250535560999936, 33.661167917999933 ], [ -6.280881461999911, 33.65799112799999 ], [ -6.296157601999937, 33.653662889000088 ], [ -6.300995045999912, 33.651371467999923 ], [ -6.303286466999793, 33.650353058000235 ], [ -6.308123910999939, 33.649843854000039 ], [ -6.321108629999912, 33.65799112799999 ], [ -6.328746699999954, 33.654681298000241 ], [ -6.339949201999957, 33.664101584000036 ], [ -6.339450876999933, 33.681044652000196 ], [ -6.354461534999928, 33.682432952000113 ], [ -6.353697727999929, 33.684978975000035 ], [ -6.355225341999869, 33.688543407000054 ], [ -6.356537306999883, 33.690730016000089 ], [ -6.356752955999866, 33.69108943100008 ], [ -6.356813136999961, 33.691116178000243 ], [ -6.359044376999918, 33.692107840000233 ], [ -6.360062785999901, 33.693890056000043 ], [ -6.360163595999893, 33.694444507000185 ], [ -6.360097114999917, 33.694594088000201 ], [ -6.360097114999917, 33.695262134000245 ], [ -6.361989912999945, 33.696820909000166 ], [ -6.363103323999951, 33.696820909000166 ], [ -6.365552826999931, 33.698713708000184 ], [ -6.367556966999928, 33.699047731000235 ], [ -6.368447694999929, 33.700717847000192 ], [ -6.372257718999947, 33.703023914000141 ], [ -6.372369741999876, 33.703509347000079 ], [ -6.373047504999931, 33.704074149000235 ], [ -6.373301334999951, 33.705850964000092 ], [ -6.372344632999955, 33.707175629000176 ], [ -6.371899267999936, 33.708066357000178 ], [ -6.371899267999936, 33.708957086000225 ], [ -6.372344632999955, 33.709513791000177 ], [ -6.37316108199991, 33.710016221999922 ], [ -6.373387722999837, 33.710620598999924 ], [ -6.374053879999906, 33.710906095000098 ], [ -6.37423743099987, 33.711517930000184 ], [ -6.375016817999892, 33.711963295000203 ], [ -6.376018887999919, 33.71252 ], [ -6.378913755999918, 33.712631341000019 ], [ -6.383701421999945, 33.714635480000027 ], [ -6.384703490999868, 33.714635480000027 ], [ -6.385594219999859, 33.714635480000027 ], [ -6.385992691999945, 33.714104184000121 ], [ -6.38618772399991, 33.714020599000037 ], [ -6.386487722999959, 33.713320599000042 ], [ -6.38618772399991, 33.712420599000041 ], [ -6.386587723999924, 33.71212059900023 ], [ -6.386887722999859, 33.711220599000228 ], [ -6.387445002999868, 33.710725239999988 ], [ -6.38726433599993, 33.707955016000085 ], [ -6.386596288999897, 33.704392101999986 ], [ -6.386852638999869, 33.702084954000043 ], [ -6.386435519999907, 33.698887033000233 ], [ -6.38626226599996, 33.69849102500018 ], [ -6.386039583999946, 33.697377615000221 ], [ -6.386930312999937, 33.69637554500008 ], [ -6.389157133999959, 33.695373476000043 ], [ -6.389928150999879, 33.695593766000172 ], [ -6.390420993999896, 33.695402105000198 ], [ -6.391383954999924, 33.695930181000165 ], [ -6.392052001999957, 33.696041522000087 ], [ -6.3958375979999, 33.696152863000123 ], [ -6.396728326999948, 33.695818840000129 ], [ -6.396791984999879, 33.695777916000111 ], [ -6.398437268999942, 33.695678202000238 ], [ -6.398732465999956, 33.696041522000087 ], [ -6.400736604999793, 33.696598227000038 ], [ -6.401850015999912, 33.697043592000227 ], [ -6.404633542999818, 33.696820909000166 ], [ -6.406587722999859, 33.697120599000073 ], [ -6.407387723999875, 33.698420599000201 ], [ -6.407787723999945, 33.699720599000102 ], [ -6.406687723999937, 33.700820599000167 ], [ -6.404287723999914, 33.702520599000138 ], [ -6.403187722999917, 33.704220599000109 ], [ -6.402487723999911, 33.706620599000075 ], [ -6.40218772399993, 33.710220599000081 ], [ -6.402687723999918, 33.710920599000076 ], [ -6.403587722999873, 33.711920599000223 ], [ -6.403287723999938, 33.712920599000199 ], [ -6.404487723999921, 33.714720599000088 ], [ -6.404799383999944, 33.715051738000227 ], [ -6.404872795999893, 33.715785856000196 ], [ -6.406655011999931, 33.717313470000136 ], [ -6.408182625999927, 33.717313470000136 ], [ -6.410728648999907, 33.71654966300008 ], [ -6.411623339999949, 33.715990482000052 ], [ -6.412650099999894, 33.715748891000089 ], [ -6.413318145999938, 33.715192186000081 ], [ -6.413652168999931, 33.714078775000075 ], [ -6.413634649999835, 33.713605757000039 ], [ -6.414187722999941, 33.712420599000041 ], [ -6.414187722999941, 33.708320599000047 ], [ -6.414487723999912, 33.707820599000058 ], [ -6.415069204999952, 33.706948377000231 ], [ -6.41658450299991, 33.70636557000023 ], [ -6.42040353799996, 33.706620173000033 ], [ -6.424406169999941, 33.707420699000238 ], [ -6.425454321999894, 33.708177698000043 ], [ -6.426288615999908, 33.708431614000119 ], [ -6.427023197999858, 33.709166196000126 ], [ -6.428805414999886, 33.710693810000237 ], [ -6.43211524499992, 33.710948412000164 ], [ -6.433388256999933, 33.710948412000164 ], [ -6.433887081999956, 33.71182135700019 ], [ -6.432787723999866, 33.713120599000035 ], [ -6.432023444999857, 33.713633410999989 ], [ -6.428719732999923, 33.713556579999931 ], [ -6.428487723999922, 33.714020599000037 ], [ -6.428237848999913, 33.71452413899999 ], [ -6.429907964999927, 33.716639620000137 ], [ -6.432187723999959, 33.718720599000108 ], [ -6.431887722999932, 33.720420599000079 ], [ -6.4303877239999, 33.721520599000144 ], [ -6.43031246299995, 33.721530634000146 ], [ -6.430019305999792, 33.721872650000023 ], [ -6.428905895999947, 33.722763378000195 ], [ -6.427870671999926, 33.722907159000101 ], [ -6.427687723999952, 33.723120599000197 ], [ -6.425487723999936, 33.724820599000168 ], [ -6.422287722999897, 33.72552059899999 ], [ -6.420487722999951, 33.724720599000023 ], [ -6.418787723999856, 33.72252059900012 ], [ -6.418612601999939, 33.722301695999988 ], [ -6.418105811999851, 33.722206673000073 ], [ -6.41721508299986, 33.722318014000109 ], [ -6.41654703699993, 33.723097402000121 ], [ -6.41654703699993, 33.724544835000074 ], [ -6.414876920999859, 33.72743970300013 ], [ -6.414320215999908, 33.729109819000143 ], [ -6.414320215999908, 33.730175939999981 ], [ -6.414387722999948, 33.730320598999924 ], [ -6.414987722999854, 33.730920599000228 ], [ -6.416306552999913, 33.731580014000144 ], [ -6.417326423999953, 33.732672734000118 ], [ -6.417994470999872, 33.732784075000041 ], [ -6.419107881999878, 33.732784075000041 ], [ -6.420109950999915, 33.732227368999986 ], [ -6.421334702999957, 33.732227368999986 ], [ -6.422559454999941, 33.732895416000076 ], [ -6.423561523999865, 33.734008826000036 ], [ -6.42413784699994, 33.736314118000166 ], [ -6.422587723999868, 33.739220599000191 ], [ -6.422516975999883, 33.739280463000171 ], [ -6.422559454999941, 33.739464538999982 ], [ -6.421557384999801, 33.740800632000116 ], [ -6.420666655999923, 33.74146867799999 ], [ -6.418773857999952, 33.741914042000019 ], [ -6.418105811999851, 33.742582089000166 ], [ -6.417011187999947, 33.743457788000228 ], [ -6.416992400999902, 33.743472817000168 ], [ -6.416995358999884, 33.743509795000193 ], [ -6.41721508299986, 33.74625634400013 ], [ -6.416619436999952, 33.746296054000084 ], [ -6.416618365999796, 33.746323897000138 ], [ -6.41261258399993, 33.746777381000186 ], [ -6.409087184999919, 33.747147072000132 ], [ -6.403855146999888, 33.746748441000079 ], [ -6.40078772399994, 33.746820599000046 ], [ -6.389887722999902, 33.748120599000117 ], [ -6.381958585999939, 33.749902568000039 ], [ -6.373556709999946, 33.750157171000069 ], [ -6.366487722999921, 33.748220599000035 ], [ -6.355734546999884, 33.747356545000116 ] ] ] ] } },
{ "type": "Feature", "properties": { "Code_Commu": "04.291.01.05.", "Code_Provi": "04.291.", "CODE_REGIO": "04.", "nom": "Commune de Tiflet", "Marocains_": 103706, "Etrangers_": 144, "Populati_1": 103850, "Menages_": 26927, "nom_arabe": "Ш¬Щ…Ш§Ш№Ш© ШЄЩЉЩЃЩ„ШЄ" }, "geometry": { "type": "MultiPolygon", "coordinates": [ [ [ [ -6.324231831999896, 33.90294214700009 ], [ -6.319206495999936, 33.902517470000021 ], [ -6.319187722999914, 33.902520599000184 ], [ -6.317987722999931, 33.902520599000184 ], [ -6.316110366999908, 33.902520599000184 ], [ -6.312568382999928, 33.900433065000129 ], [ -6.310862175999887, 33.89946467700014 ], [ -6.306968041999937, 33.899925274000168 ], [ -6.305556106999916, 33.90000159400023 ], [ -6.303869482999914, 33.900134636000075 ], [ -6.300435945999936, 33.897747908000099 ], [ -6.297211769999876, 33.895361181000055 ], [ -6.296342475999893, 33.894682045000195 ], [ -6.295913724999934, 33.894314370000075 ], [ -6.295806085999914, 33.893570990000171 ], [ -6.295746234999854, 33.892932581000196 ], [ -6.29628772399991, 33.890020599000138 ], [ -6.296684588999938, 33.889017167000077 ], [ -6.298803607999957, 33.888109015999987 ], [ -6.308591455999874, 33.884173696000175 ], [ -6.312627681999857, 33.881045620000179 ], [ -6.315251228999955, 33.880641997999987 ], [ -6.317168435999861, 33.879834753000068 ], [ -6.324416929999927, 33.88411398400018 ], [ -6.331900660999906, 33.884880035000094 ], [ -6.339064961999895, 33.891438902000175 ], [ -6.347541036999928, 33.893053393000059 ], [ -6.347687723999798, 33.901320599000201 ], [ -6.333111528999893, 33.91252818300012 ], [ -6.324736359999918, 33.90758380599999 ], [ -6.324231831999896, 33.90294214700009 ] ] ] ] } },
{ "type": "Feature", "properties": { "Code_Commu": "04.481.07.21.", "Code_Provi": "04.481.", "CODE_REGIO": "04.", "nom": "Commune de Taoughilt", "Marocains_": 15013, "Etrangers_": 0, "Populati_1": 15013, "Menages_": 3309, "nom_arabe": "Ш¬Щ…Ш§Ш№Ш© ШЄЩ€ШєЩЉЩ„ШЄ" }, "geometry": { "type": "MultiPolygon", "coordinates": [ [ [ [ -5.528423337999868, 34.475492416000236 ], [ -5.522576781999931, 34.472634100000164 ], [ -5.520803689999923, 34.469510826000032 ], [ -5.520498006999958, 34.469256090000101 ], [ -5.515820761999919, 34.466527697000231 ], [ -5.50724581399993, 34.463799305000236 ], [ -5.504907190999859, 34.463669380999988 ], [ -5.500359869999954, 34.462629993000121 ], [ -5.497631476999857, 34.46120083500017 ], [ -5.497501553999939, 34.459251983000229 ], [ -5.496592089999922, 34.457173208000086 ], [ -5.493993619999856, 34.456003897000073 ], [ -5.489446298999951, 34.458082672000046 ], [ -5.487757293999891, 34.457822825000108 ], [ -5.485423219999859, 34.461359301000186 ], [ -5.484487723999905, 34.461920599000223 ], [ -5.484295949999876, 34.462240223000038 ], [ -5.481391044999953, 34.462240223000038 ], [ -5.475024794999911, 34.460940988000118 ], [ -5.471776707999823, 34.461460682000109 ], [ -5.469827855999938, 34.461980375999929 ], [ -5.467619156999888, 34.460031523999987 ], [ -5.463461606999886, 34.457433055000195 ], [ -5.459433978999868, 34.455094432000237 ], [ -5.457355203999953, 34.451586499000143 ], [ -5.455666198999893, 34.445220249000101 ], [ -5.455276427999877, 34.440543005000166 ], [ -5.457095356999844, 34.434826372000146 ], [ -5.454756734999876, 34.42936958700011 ], [ -5.45605596899992, 34.424302571999988 ], [ -5.455016581999871, 34.421054485000241 ], [ -5.449040101999913, 34.41884578600019 ], [ -5.446181785999954, 34.415078006000044 ], [ -5.442803775999948, 34.414688235000199 ], [ -5.442933698999866, 34.412089766000236 ], [ -5.443973086999961, 34.406892828000139 ], [ -5.450729106999859, 34.399097420000089 ], [ -5.45436696399986, 34.396239104000074 ], [ -5.455406351999954, 34.394290252000076 ], [ -5.470487723999952, 34.382720598999981 ], [ -5.47238772299994, 34.381920599000068 ], [ -5.473787723999919, 34.382120599000075 ], [ -5.475487722999901, 34.381520599000169 ], [ -5.476987723999855, 34.380720599000085 ], [ -5.478887723999947, 34.379820599000027 ], [ -5.480387722999865, 34.379020599000114 ], [ -5.481687723999869, 34.377820599000131 ], [ -5.492268236999848, 34.37276453200019 ], [ -5.497896520999859, 34.369802277000133 ], [ -5.501363781999942, 34.369802277000133 ], [ -5.501287723999951, 34.370220599000106 ], [ -5.500687723999874, 34.371120599000164 ], [ -5.501087723999945, 34.371820598999989 ], [ -5.501987722999957, 34.372320598999977 ], [ -5.502087723999921, 34.372320598999977 ], [ -5.502587722999863, 34.371520599000235 ], [ -5.503587722999953, 34.370620599000176 ], [ -5.504287723999937, 34.37042059900017 ], [ -5.50548772399992, 34.371420599000089 ], [ -5.505987723999908, 34.373020599000142 ], [ -5.50748772299994, 34.374820599000032 ], [ -5.509187723999901, 34.376420599000085 ], [ -5.51138772399986, 34.377420599000232 ], [ -5.512987722999924, 34.377720599000043 ], [ -5.513487723999901, 34.377820599000131 ], [ -5.515887723999867, 34.377920599000049 ], [ -5.519287722999934, 34.378020599000138 ], [ -5.519960324999943, 34.377924513000039 ], [ -5.521298334999926, 34.378392817000019 ], [ -5.529000197999892, 34.376023013000236 ], [ -5.53257663099987, 34.363034265000238 ], [ -5.532777648999911, 34.362304214000176 ], [ -5.540612551999857, 34.358046226999988 ], [ -5.542728303999866, 34.353179998000144 ], [ -5.546536657999923, 34.353391573000181 ], [ -5.548440834999951, 34.360796705000041 ], [ -5.544822432999865, 34.363898192000079 ], [ -5.544987722999849, 34.364320599000109 ], [ -5.545155751999914, 34.364404613000147 ], [ -5.543092212999852, 34.366210209000144 ], [ -5.544460399999934, 34.367578396000113 ], [ -5.546862591999911, 34.368299053000101 ], [ -5.551191311999958, 34.363970333000054 ], [ -5.553307063999853, 34.363970333000054 ], [ -5.556057541999905, 34.367143961000124 ], [ -5.559231169999919, 34.36968286400014 ], [ -5.562827948999882, 34.371163890000105 ], [ -5.567059452999899, 34.377934297000138 ], [ -5.568328903999941, 34.382165801000099 ], [ -5.567271027999823, 34.384281553000221 ], [ -5.569323618999931, 34.386920599000234 ], [ -5.569687723999948, 34.386920599000234 ], [ -5.572770040999956, 34.386721740000041 ], [ -5.575099309999871, 34.384281553000221 ], [ -5.577215061999937, 34.380896349000238 ], [ -5.580811840999957, 34.378569022000136 ], [ -5.582504442999891, 34.379415323000103 ], [ -5.584831769999937, 34.382377376000136 ], [ -5.587159096999926, 34.384281553000221 ], [ -5.587159096999926, 34.386424129000034 ], [ -5.587159096999926, 34.386584912000103 ], [ -5.587159096999926, 34.386820455000134 ], [ -5.582927592999908, 34.389782508000167 ], [ -5.582716017999928, 34.39253298599999 ], [ -5.588216972999874, 34.39634133900023 ], [ -5.587582246999943, 34.401842295000108 ], [ -5.587159096999926, 34.406708524000123 ], [ -5.584197043999893, 34.407554825000091 ], [ -5.58069844299996, 34.404963268000131 ], [ -5.579887723999946, 34.404920599000093 ], [ -5.578387722999935, 34.404820599000175 ], [ -5.576787723999928, 34.404920599000093 ], [ -5.576253537999889, 34.405378472999985 ], [ -5.576157185999932, 34.406920100000036 ], [ -5.579965539999876, 34.410728452999933 ], [ -5.584831769999937, 34.412209480000172 ], [ -5.586524370999882, 34.414536807000104 ], [ -5.585889645999941, 34.418345161000104 ], [ -5.583587723999926, 34.419020599000191 ], [ -5.577849787999924, 34.420037762000049 ], [ -5.573573305999901, 34.422096808999981 ], [ -5.56932736899995, 34.424443863000192 ], [ -5.568540478999864, 34.429558646000203 ], [ -5.566213151999932, 34.433578575000183 ], [ -5.559231169999919, 34.435482752000098 ], [ -5.551614462999908, 34.440137407000179 ], [ -5.54674823299996, 34.446696238000072 ], [ -5.547689711999851, 34.449991413000134 ], [ -5.547587722999936, 34.450120599000172 ], [ -5.54748772399995, 34.450320599000236 ], [ -5.549287723999953, 34.452520599000195 ], [ -5.549990632999936, 34.455744050000135 ], [ -5.550900096999953, 34.458472443000232 ], [ -5.550120555999911, 34.461720529000047 ], [ -5.55362848999988, 34.4656182330001 ], [ -5.554927724999914, 34.469126166000194 ], [ -5.552719025999863, 34.47224433000008 ], [ -5.54727450099989, 34.472444290000112 ], [ -5.5459316, 34.472060605000081 ], [ -5.54637774899993, 34.468491412999981 ], [ -5.545634167999879, 34.464476073000128 ], [ -5.543105989999958, 34.464178640000114 ], [ -5.540875245999928, 34.467152966000185 ], [ -5.539536798999961, 34.471911888000136 ], [ -5.536562472999947, 34.473845200000198 ], [ -5.52961141499992, 34.475154820000228 ], [ -5.529587723999953, 34.475120598999979 ], [ -5.528423337999868, 34.475492416000236 ] ] ] ] } },
{ "type": "Feature", "properties": { "Code_Commu": "04.281.09.15.", "Code_Provi": "04.281.", "CODE_REGIO": "04.", "nom": "Commune de Souk Tlet El Gharb", "Marocains_": 24186, "Etrangers_": 4, "Populati_1": 24190, "Menages_": 4832, "nom_arabe": "Ш¬Щ…Ш§Ш№Ш© ШіЩ€Щ‚ Ш«Щ„Ш§Ш«Ш§ШЎ Ш§Щ„ШєШ±ШЁ" }, "geometry": { "type": "MultiPolygon", "coordinates": [ [ [ [ -6.094487722999929, 34.70812059900004 ], [ -6.091187722999905, 34.707020599000145 ], [ -6.08908772399991, 34.707120599000234 ], [ -6.08788772399987, 34.708020599000065 ], [ -6.086287722999941, 34.708020599000065 ], [ -6.085087722999958, 34.706920599000227 ], [ -6.082087723999905, 34.701920599000232 ], [ -6.082087723999905, 34.700320599000179 ], [ -6.083387723999863, 34.699120599000196 ], [ -6.083387723999863, 34.698020599000131 ], [ -6.078987722999898, 34.697820599000067 ], [ -6.075587723999945, 34.697720598999979 ], [ -6.074768585999948, 34.697672414000181 ], [ -6.071666313999856, 34.682814166000014 ], [ -6.062050113999931, 34.678765239000143 ], [ -6.060008152999899, 34.677430110999978 ], [ -6.044796263999899, 34.670331229000226 ], [ -6.058082567999918, 34.663140993000013 ], [ -6.058201998999948, 34.663047620000043 ], [ -6.052624545999947, 34.659329318000232 ], [ -6.051510563999898, 34.656405116000201 ], [ -6.049387723999928, 34.655520599000113 ], [ -6.048587723999901, 34.65292059900014 ], [ -6.048323022999853, 34.652273552000111 ], [ -6.046277289999864, 34.650443159000133 ], [ -6.044161537999855, 34.646634806000236 ], [ -6.04501726299992, 34.646078584000236 ], [ -6.044873020999944, 34.645879630000081 ], [ -6.047335165999925, 34.64473062899998 ], [ -6.052836120999871, 34.639229674000035 ], [ -6.061510704999876, 34.632459267000172 ], [ -6.061510704999876, 34.630131940000069 ], [ -6.060059034999938, 34.629855431000237 ], [ -6.059987723999882, 34.629320599000039 ], [ -6.05618772299988, 34.628220599000144 ], [ -6.052487722999899, 34.627520598999922 ], [ -6.050387723999961, 34.626620599000091 ], [ -6.053682421999895, 34.615956401000233 ], [ -6.056817494999962, 34.602240456000175 ], [ -6.058063165999897, 34.60269342800018 ], [ -6.060235613999907, 34.601607204000175 ], [ -6.061942536999823, 34.601452029000029 ], [ -6.066132257999925, 34.601141679000136 ], [ -6.068925404999902, 34.601141679000136 ], [ -6.074666874999878, 34.602072728000167 ], [ -6.076063448999946, 34.601917553000192 ], [ -6.07699449799992, 34.601452029000029 ], [ -6.077460021999855, 34.600365805000081 ], [ -6.077654391999886, 34.598227740000141 ], [ -6.079187722999905, 34.596420599000112 ], [ -6.085087722999958, 34.593920599000228 ], [ -6.08828772399994, 34.594520599000134 ], [ -6.089987722999922, 34.595920599000124 ], [ -6.091587722999861, 34.597820598999988 ], [ -6.091487723999933, 34.59952059900013 ], [ -6.089687723999873, 34.603620599000237 ], [ -6.089377342999853, 34.605731183000103 ], [ -6.088942960999873, 34.606572799000105 ], [ -6.089098135999961, 34.607814198000199 ], [ -6.090339534999885, 34.608434897000166 ], [ -6.09235680799992, 34.608900422000204 ], [ -6.094529255999817, 34.608590072000084 ], [ -6.095612727999935, 34.608033694000085 ], [ -6.096187301999862, 34.607738643000062 ], [ -6.100270724999859, 34.605641750000245 ], [ -6.10239711599985, 34.603770526000119 ], [ -6.102487723999957, 34.603720598999985 ], [ -6.102787723999938, 34.603620599000237 ], [ -6.107187723999914, 34.601820599000177 ], [ -6.108646921999934, 34.601953253000147 ], [ -6.110487723999938, 34.602120599000102 ], [ -6.11178772299985, 34.602920599000072 ], [ -6.114987723999946, 34.604720599000132 ], [ -6.119687723999903, 34.608020598999985 ], [ -6.122187722999911, 34.607620599000086 ], [ -6.123487723999915, 34.606420599000103 ], [ -6.128087722999908, 34.602320599000166 ], [ -6.130687723999927, 34.600520599000049 ], [ -6.132987722999871, 34.600720599000113 ], [ -6.133687723999913, 34.602320599000166 ], [ -6.133387722999942, 34.605120599000202 ], [ -6.13301176199991, 34.606135692000237 ], [ -6.128822896999907, 34.612314268000034 ], [ -6.128047022999908, 34.614486716000044 ], [ -6.128047022999908, 34.616503989000023 ], [ -6.128693358999953, 34.616674077000084 ], [ -6.130437463999897, 34.617133053000032 ], [ -6.130995344999803, 34.617279863000135 ], [ -6.13111161899991, 34.617253437999977 ], [ -6.131487723999953, 34.617320599000095 ], [ -6.135687723999922, 34.616720599000189 ], [ -6.136087723999879, 34.616520599000182 ], [ -6.140187723999929, 34.614120599000046 ], [ -6.143587722999939, 34.610820599000192 ], [ -6.143587722999939, 34.60884788300018 ], [ -6.14387485799989, 34.607814198000199 ], [ -6.143564507999884, 34.604710701000045 ], [ -6.142725721999852, 34.601660569000046 ], [ -6.142587722999906, 34.597520599000177 ], [ -6.143087723999884, 34.593620599000076 ], [ -6.144187722999959, 34.591920599000105 ], [ -6.145787722999899, 34.591120599000192 ], [ -6.149787723999907, 34.59162059900018 ], [ -6.150417579999896, 34.591842901000064 ], [ -6.164513112999828, 34.598348532000045 ], [ -6.16746143499995, 34.598969231000126 ], [ -6.167620738999915, 34.598858944000142 ], [ -6.167787722999947, 34.598920599000223 ], [ -6.170187723999959, 34.598220599000172 ], [ -6.171887722999827, 34.596420599000112 ], [ -6.172387723999918, 34.594220598999982 ], [ -6.17328772299993, 34.588720599000226 ], [ -6.174887723999802, 34.58592059900019 ], [ -6.177387722999867, 34.582620599000165 ], [ -6.177787722999938, 34.580220599000143 ], [ -6.17858772299985, 34.577120599000182 ], [ -6.180487722999942, 34.576620599000194 ], [ -6.181698470999947, 34.576782031999983 ], [ -6.184065143999931, 34.583451746000094 ], [ -6.185772066999959, 34.58484832 ], [ -6.187944514999913, 34.585624194000047 ], [ -6.190737662999936, 34.585624194000047 ], [ -6.1929101099999, 34.585003495000137 ], [ -6.195392907999917, 34.582365522000089 ], [ -6.195392968999897, 34.582365057000118 ], [ -6.198987722999959, 34.585420599000201 ], [ -6.207596660999855, 34.580122791000235 ], [ -6.209749745999943, 34.583289093000019 ], [ -6.209938632999922, 34.586311281000178 ], [ -6.211687723999944, 34.590420599000197 ], [ -6.214849687999958, 34.59141122300008 ], [ -6.218249649999962, 34.592733430000123 ], [ -6.222216270999866, 34.594622298000104 ], [ -6.225427345999947, 34.595755618000055 ], [ -6.223448565999888, 34.614266802000145 ], [ -6.204460916999949, 34.615588726999988 ], [ -6.205487722999919, 34.618920598999978 ], [ -6.20458772399985, 34.626020599000185 ], [ -6.205034330999865, 34.629091021000193 ], [ -6.209183085999939, 34.631644101000234 ], [ -6.222027384999876, 34.638632910000183 ], [ -6.239782738999907, 34.640899551000075 ], [ -6.272460146999947, 34.641843985000037 ], [ -6.289271067999948, 34.64127732500009 ], [ -6.290002261999859, 34.643409931000122 ], [ -6.290487722999956, 34.645520599000122 ], [ -6.292487722999908, 34.654020598999978 ], [ -6.292687722999915, 34.655620599000031 ], [ -6.292387723999866, 34.657720599000072 ], [ -6.291887722999888, 34.659520599000132 ], [ -6.291487722999932, 34.661320599000021 ], [ -6.290387723999856, 34.669020599000135 ], [ -6.28798772399989, 34.68192059900008 ], [ -6.286887723999826, 34.686120598999935 ], [ -6.235894878999943, 34.681171398000174 ], [ -6.235521272999961, 34.68046154699999 ], [ -6.233601651999834, 34.678541926000037 ], [ -6.213814789999901, 34.670715779000091 ], [ -6.211009189999857, 34.667467189000035 ], [ -6.213814789999901, 34.665252242000179 ], [ -6.212443789999895, 34.662020599000243 ], [ -6.211599842999874, 34.660970011000188 ], [ -6.218231541999955, 34.660909723000145 ], [ -6.216787723999857, 34.65962059900005 ], [ -6.213287722999951, 34.658420599000067 ], [ -6.207787722999853, 34.655620599000031 ], [ -6.206787723999923, 34.655520599000113 ], [ -6.205487722999919, 34.656320599000082 ], [ -6.200387722999892, 34.666220599000098 ], [ -6.199787722999929, 34.667420599000081 ], [ -6.19658772299988, 34.675120599000195 ], [ -6.188587722999955, 34.694320599000037 ], [ -6.186487723999903, 34.69902059900005 ], [ -6.186087723999947, 34.699920599000109 ], [ -6.184987723999882, 34.700920599000085 ], [ -6.182187723999846, 34.701020599000174 ], [ -6.179087723999942, 34.701320598999928 ], [ -6.177487723999889, 34.702720599000145 ], [ -6.176087723999956, 34.705620599000099 ], [ -6.175887723999949, 34.706820599000082 ], [ -6.174587722999945, 34.707520599000134 ], [ -6.171987723999905, 34.708720599000117 ], [ -6.171487722999927, 34.710620599000094 ], [ -6.169487722999918, 34.713420599000131 ], [ -6.168587723999906, 34.712820599000224 ], [ -6.166487723999865, 34.712320599000236 ], [ -6.165387722999867, 34.712320599000236 ], [ -6.165687723999952, 34.713420599000131 ], [ -6.165487723999888, 34.714620599000114 ], [ -6.164187722999884, 34.71522059900019 ], [ -6.162887723999916, 34.714420599000107 ], [ -6.15948772299987, 34.712320599000236 ], [ -6.154787722999913, 34.710820598999931 ], [ -6.149487722999879, 34.709320599000193 ], [ -6.146687723999946, 34.707820599000229 ], [ -6.142987722999862, 34.706220599000176 ], [ -6.139187723999953, 34.706220599000176 ], [ -6.13738772399995, 34.705920599000081 ], [ -6.133187722999935, 34.704720599000098 ], [ -6.131987722999952, 34.704820599000186 ], [ -6.130387723999888, 34.707020599000145 ], [ -6.127287722999881, 34.711920599000166 ], [ -6.124487723999948, 34.714920599000095 ], [ -6.121887723999919, 34.716120599000078 ], [ -6.121187722999935, 34.722020599000075 ], [ -6.117987723999931, 34.726120599000069 ], [ -6.116787723999948, 34.728220599000053 ], [ -6.114887722999924, 34.730220599000177 ], [ -6.114487723999957, 34.73102059900009 ], [ -6.113387722999903, 34.730420599000183 ], [ -6.112387722999927, 34.7296205990001 ], [ -6.110487723999938, 34.728120599000135 ], [ -6.10818772399989, 34.726620599000228 ], [ -6.107187723999914, 34.72392059900011 ], [ -6.104187723999928, 34.723220599000058 ], [ -6.102187722999929, 34.722620598999981 ], [ -6.103287723999927, 34.719120599000121 ], [ -6.103687723999883, 34.715920599000242 ], [ -6.103587723999851, 34.714020599000037 ], [ -6.100587722999876, 34.711520598999982 ], [ -6.094487722999929, 34.70812059900004 ] ] ] ] } },
{ "type": "Feature", "properties": { "Code_Commu": "04.291.09.09.", "Code_Provi": "04.291.", "CODE_REGIO": "04.", "nom": "Commune de Khemis Sidi Yahya", "Marocains_": 6837, "Etrangers_": 0, "Populati_1": 6837, "Menages_": 1819, "nom_arabe": "Ш¬Щ…Ш§Ш№Ш© Ш®Щ…ЩЉШі ШіЩЉШЇЩЉ ЩЉШ­ЩЉЩ‰" }, "geometry": { "type": "MultiPolygon", "coordinates": [ [ [ [ -6.178785928999844, 33.823737242999982 ], [ -6.169661583999925, 33.823503286000062 ], [ -6.168856437999921, 33.823482641000226 ], [ -6.168345599999952, 33.821552810000185 ], [ -6.166565016999868, 33.814826162000145 ], [ -6.169111039999962, 33.804132864000167 ], [ -6.169874846999903, 33.78554689399999 ], [ -6.170638653999958, 33.773071380000147 ], [ -6.170036228999948, 33.766788949000045 ], [ -6.168601835999823, 33.754485410000143 ], [ -6.180313542999954, 33.742519101000084 ], [ -6.185150986999872, 33.740482282000244 ], [ -6.187314642999922, 33.740149412000221 ], [ -6.194424915999832, 33.73905552399998 ], [ -6.195080477999909, 33.738954668000133 ], [ -6.199154114999885, 33.740736885000103 ], [ -6.200172523999925, 33.74328290800014 ], [ -6.200172523999925, 33.74633813600019 ], [ -6.198899512999958, 33.749902568000039 ], [ -6.213157242999955, 33.754994615000101 ], [ -6.218758493999871, 33.752957796000032 ], [ -6.223341335999919, 33.749393364000184 ], [ -6.245746340999915, 33.745319726000105 ], [ -6.253129808999915, 33.748374954000099 ], [ -6.266114526999957, 33.753721603000088 ], [ -6.270188164999922, 33.754740013000173 ], [ -6.275025608999954, 33.758304445000192 ], [ -6.279311881999945, 33.762590718000013 ], [ -6.290247175999866, 33.772869440000136 ], [ -6.29335697599987, 33.7758720060001 ], [ -6.294166711999878, 33.780362360000197 ], [ -6.296157601999937, 33.791402748000053 ], [ -6.293987723999919, 33.800520598999981 ], [ -6.295648396999923, 33.806169683000235 ], [ -6.295903, 33.81380775299999 ], [ -6.305323285999918, 33.81406235500009 ], [ -6.308633115999953, 33.818899799000121 ], [ -6.308633115999953, 33.822209629000042 ], [ -6.29462998799994, 33.823737242999982 ], [ -6.272479585999804, 33.824755653000238 ], [ -6.272920504999945, 33.827594275000081 ], [ -6.273243391999927, 33.83824957600018 ], [ -6.270540028999903, 33.84450075500024 ], [ -6.269802369999866, 33.846206496000036 ], [ -6.255930433999936, 33.844614633999981 ], [ -6.240787722999926, 33.847220599000195 ], [ -6.232787722999888, 33.848920599000166 ], [ -6.229955959999813, 33.850272123000082 ], [ -6.229960996999864, 33.849961283000141 ], [ -6.22792417799991, 33.837740371000052 ], [ -6.219522300999927, 33.830866109000056 ], [ -6.208829003999938, 33.823991846000183 ], [ -6.206028377999871, 33.822973436000098 ], [ -6.178785928999844, 33.823737242999982 ] ] ] ] } },
{ "type": "Feature", "properties": { "Code_Commu": "04.291.07.11.", "Code_Provi": "04.291.", "CODE_REGIO": "04.", "nom": "Commune de Laghoualem", "Marocains_": 12049, "Etrangers_": 2, "Populati_1": 12051, "Menages_": 2889, "nom_arabe": "Ш¬Щ…Ш§Ш№Ш© Ш§Щ„ШєЩ€Ш§Щ„Щ…" }, "geometry": { "type": "MultiPolygon", "coordinates": [ [ [ [ -6.703587723999874, 33.527620599000102 ], [ -6.699187722999909, 33.522720599000081 ], [ -6.697687723999934, 33.523220599000012 ], [ -6.696932938999851, 33.523220599000012 ], [ -6.688833281999905, 33.517820828000083 ], [ -6.687975642999902, 33.517249068000069 ], [ -6.686417400999858, 33.516210241000181 ], [ -6.68430262399994, 33.507600079000042 ], [ -6.682172954999942, 33.505470409000054 ], [ -6.665643000999864, 33.504254972000126 ], [ -6.663935924999919, 33.496573129000183 ], [ -6.663987722999934, 33.493620599000167 ], [ -6.663687723999885, 33.491120599000055 ], [ -6.663487723999879, 33.489020599000241 ], [ -6.663487723999879, 33.488020599000095 ], [ -6.662087722999956, 33.4873205990001 ], [ -6.661587723999958, 33.487920599000176 ], [ -6.659787723999898, 33.488320599000019 ], [ -6.659387723999941, 33.488320599000019 ], [ -6.659387723999941, 33.488120599000183 ], [ -6.66128772299993, 33.485720599000047 ], [ -6.661687722999886, 33.485020599000222 ], [ -6.661587723999958, 33.483620599000176 ], [ -6.661987723999914, 33.481620599000109 ], [ -6.66128772299993, 33.47902059900008 ], [ -6.660785572999941, 33.477966084000116 ], [ -6.662848511999925, 33.473840205000101 ], [ -6.662887723999802, 33.473820599000078 ], [ -6.663487723999879, 33.473820599000078 ], [ -6.664987722999911, 33.474020599000085 ], [ -6.665487723999888, 33.473620599000185 ], [ -6.665587722999931, 33.472720599000183 ], [ -6.664387722999834, 33.472020599000189 ], [ -6.663487723999879, 33.47032059899999 ], [ -6.663261426999895, 33.470382316000041 ], [ -6.66304023299989, 33.45888022500003 ], [ -6.663287723999929, 33.458420599000021 ], [ -6.664687723999862, 33.455720599000131 ], [ -6.665287723999938, 33.455520599000238 ], [ -6.666387722999957, 33.455420598999979 ], [ -6.666887723999935, 33.456020599000226 ], [ -6.667487723999898, 33.456220599000062 ], [ -6.667687723999961, 33.456020599000226 ], [ -6.668387723999956, 33.455320599000231 ], [ -6.667587723999929, 33.454820599000072 ], [ -6.667287723999948, 33.454720598999984 ], [ -6.666887723999935, 33.454320599000084 ], [ -6.667487723999898, 33.452920599000095 ], [ -6.668187723999893, 33.451920599000118 ], [ -6.667387722999877, 33.451120598999978 ], [ -6.66658772299985, 33.450920599000142 ], [ -6.666087723999908, 33.45062059899999 ], [ -6.665287723999938, 33.450720599000135 ], [ -6.663987722999934, 33.450720599000135 ], [ -6.662787723999941, 33.450820599000224 ], [ -6.661787723999907, 33.449820599000077 ], [ -6.661787723999907, 33.449020599000164 ], [ -6.661987723999914, 33.447420599000111 ], [ -6.662387723999927, 33.446320599000046 ], [ -6.662484416999916, 33.44578878599998 ], [ -6.663956123999924, 33.444986037000092 ], [ -6.666551352999875, 33.440833670000188 ], [ -6.665513261999877, 33.436681303000228 ], [ -6.664262576999931, 33.435430618999987 ], [ -6.665087723999932, 33.435320599000079 ], [ -6.665287723999938, 33.435020598999984 ], [ -6.665287723999938, 33.434020599000178 ], [ -6.664787722999961, 33.433420599000101 ], [ -6.664487723999912, 33.433320599000183 ], [ -6.662787723999941, 33.433220599000094 ], [ -6.662387723999927, 33.432720599000106 ], [ -6.661808927999914, 33.432199683000135 ], [ -6.66213946299996, 33.430712275000189 ], [ -6.663696600999913, 33.429155138000226 ], [ -6.655132343999924, 33.420850404000191 ], [ -6.650460930999941, 33.418774219999989 ], [ -6.652537114999859, 33.414621853000085 ], [ -6.646568086999878, 33.411248054999987 ], [ -6.643453811999962, 33.406576642000061 ], [ -6.642156196999906, 33.399829046000093 ], [ -6.639041921999876, 33.39905047700023 ], [ -6.639041921999876, 33.393860018999931 ], [ -6.63359194099985, 33.391005266000093 ], [ -6.633332417999895, 33.383998147000227 ], [ -6.63177605899989, 33.383609058000104 ], [ -6.630787722999912, 33.381420599000137 ], [ -6.628887722999934, 33.381220599000244 ], [ -6.627937168999949, 33.38131112800005 ], [ -6.626065775999848, 33.373357707000196 ], [ -6.632034802999897, 33.362198221000199 ], [ -6.613349151999898, 33.346107799000094 ], [ -6.604784894999796, 33.344291138000131 ], [ -6.59933491299995, 33.337284019000094 ], [ -6.598296821999952, 33.3323530830001 ], [ -6.591549224999881, 33.32897928500023 ], [ -6.591289701999926, 33.324307872000134 ], [ -6.593404582999938, 33.322589532000052 ], [ -6.594987723999907, 33.321920599000237 ], [ -6.600892050999903, 33.317819799000233 ], [ -6.610178813999937, 33.31822950899999 ], [ -6.610887723999895, 33.317520599000147 ], [ -6.611333092999871, 33.317342451000172 ], [ -6.622691976999931, 33.318338845000198 ], [ -6.628401481999958, 33.315224570000169 ], [ -6.631515756999931, 33.31392695500017 ], [ -6.638782398999922, 33.307957927000132 ], [ -6.650460930999941, 33.301210330999936 ], [ -6.659284710999941, 33.296538918000238 ], [ -6.657991052999932, 33.29325388600023 ], [ -6.655132343999924, 33.287715138000237 ], [ -6.652277591999791, 33.276036606000105 ], [ -6.647606178999922, 33.266174735000106 ], [ -6.639301444999944, 33.259946184000171 ], [ -6.640858582999897, 33.248008129000141 ], [ -6.637087722999922, 33.234120599000221 ], [ -6.638587723999933, 33.231720599000084 ], [ -6.639687722999952, 33.226520599000025 ], [ -6.642358819999856, 33.221030233000135 ], [ -6.643194288999894, 33.218941561000179 ], [ -6.645326215999887, 33.216489845000183 ], [ -6.648384747999899, 33.212972533000141 ], [ -6.654613297999958, 33.209079689000077 ], [ -6.665253738999922, 33.212453487000175 ], [ -6.68367986699991, 33.212713010000243 ], [ -6.698472673999959, 33.214270148000139 ], [ -6.705350402999898, 33.214331556000047 ], [ -6.708331442999906, 33.214358172000118 ], [ -6.727539242999853, 33.21452967099998 ], [ -6.738179682999885, 33.214270148000139 ], [ -6.75842247199995, 33.212972533000141 ], [ -6.7799628759999, 33.215308240000184 ], [ -6.795793774999936, 33.22335345099998 ], [ -6.805295218999959, 33.23564974400017 ], [ -6.801018328999874, 33.239779156000054 ], [ -6.799743595999928, 33.244793104000166 ], [ -6.798806143999911, 33.248480415000131 ], [ -6.798658664999948, 33.261016128000222 ], [ -6.797626311999863, 33.275764025000228 ], [ -6.800575891999927, 33.298033351000186 ], [ -6.801460765999877, 33.304079989000229 ], [ -6.801460765999877, 33.322514860000126 ], [ -6.805885134999926, 33.341834606000077 ], [ -6.808244797999862, 33.360121999000171 ], [ -6.808687234999866, 33.369118216000174 ], [ -6.807949840999868, 33.384898467000085 ], [ -6.809277150999947, 33.396844262999934 ], [ -6.808289883999862, 33.40194514600023 ], [ -6.807359924999957, 33.407905186999983 ], [ -6.805147739999938, 33.414836697999988 ], [ -6.796593959999882, 33.421178294000129 ], [ -6.796593959999882, 33.427519890000099 ], [ -6.798016620999931, 33.429145789000245 ], [ -6.810309503999918, 33.4438900560001 ], [ -6.82476244399993, 33.45273879500013 ], [ -6.828301938999914, 33.46276736499999 ], [ -6.827885321999929, 33.470335914000145 ], [ -6.827417064999906, 33.478842573000065 ], [ -6.824467485999946, 33.485184169000036 ], [ -6.814515949999873, 33.491218611000193 ], [ -6.807337876999952, 33.494838641999934 ], [ -6.798511185999928, 33.499194671999931 ], [ -6.789335294999887, 33.496136041000113 ], [ -6.787687723999909, 33.496920599000191 ], [ -6.781256145999862, 33.503324083000109 ], [ -6.77812247199995, 33.507062158999986 ], [ -6.775433649999854, 33.510158378000085 ], [ -6.772480571999949, 33.513371424000184 ], [ -6.770087722999961, 33.518220599000074 ], [ -6.767527954999878, 33.523143953999977 ], [ -6.757069593999915, 33.542553489999932 ], [ -6.760305378999931, 33.546624316000134 ], [ -6.761641442999917, 33.548305169999935 ], [ -6.763287723999952, 33.551020599000196 ], [ -6.763687723999851, 33.551520599000185 ], [ -6.763287723999952, 33.552220599000179 ], [ -6.762287723999918, 33.552320599000097 ], [ -6.759787723999921, 33.552420599000186 ], [ -6.759145291999914, 33.559016383000085 ], [ -6.754475887999888, 33.554076289000079 ], [ -6.73815283599987, 33.536806973000125 ], [ -6.7253748199999, 33.534677304000184 ], [ -6.716551903999914, 33.53224339600024 ], [ -6.704955779999921, 33.528532636000193 ], [ -6.703587723999874, 33.527620599000102 ] ] ] ] } },
{ "type": "Feature", "properties": { "Code_Commu": "04.281.11.05.", "Code_Provi": "04.281.", "CODE_REGIO": "04.", "nom": "Commune de Lalla Mimouna", "Marocains_": 35586, "Etrangers_": 14, "Populati_1": 35600, "Menages_": 7381, "nom_arabe": "Ш¬Щ…Ш§Ш№Ш© Щ„Щ„Ш§ Щ…ЩЉЩ…Щ€Щ†Ш©" }, "geometry": { "type": "MultiPolygon", "coordinates": [ [ [ [ -6.060760549999884, 34.884742312000128 ], [ -6.049676885999872, 34.875614589000122 ], [ -6.041621195999937, 34.865197749000117 ], [ -6.025787598999898, 34.8563087120001 ], [ -6.021898644999908, 34.852419758000224 ], [ -6.018909851999922, 34.850925361000122 ], [ -6.015509649999956, 34.849225260000026 ], [ -6.015390619999948, 34.84901209200018 ], [ -6.012756825999872, 34.844681665999985 ], [ -6.010599381999896, 34.838209336000034 ], [ -5.999812164999923, 34.835404659000233 ], [ -5.990750902999878, 34.837777846999927 ], [ -5.983199850999938, 34.842955711000116 ], [ -5.977806242999918, 34.846191876000091 ], [ -5.969187722999891, 34.840920599000128 ], [ -5.966287722999937, 34.838320599000099 ], [ -5.962487723999857, 34.835320599000227 ], [ -5.961987723999869, 34.834920598999986 ], [ -5.96148772399988, 34.834620599000175 ], [ -5.958087723999938, 34.83132059899998 ], [ -5.957387722999954, 34.827520599000195 ], [ -5.958587722999937, 34.827620599000113 ], [ -5.959287723999864, 34.8268205990002 ], [ -5.958587722999937, 34.825820599000224 ], [ -5.956887723999955, 34.825320599000236 ], [ -5.956577650999918, 34.824855489000129 ], [ -5.957557095999846, 34.823631183000089 ], [ -5.956198505999851, 34.822725456000171 ], [ -5.95618772399996, 34.8225205990002 ], [ -5.955987723999954, 34.820920599000146 ], [ -5.957187723999937, 34.82072059900014 ], [ -5.958587722999937, 34.820020599000088 ], [ -5.958987722999893, 34.819120599000087 ], [ -5.958587722999937, 34.818220599000199 ], [ -5.957628116999956, 34.818220599000199 ], [ -5.957041222999862, 34.816068654999981 ], [ -5.957487723999861, 34.815820599000233 ], [ -5.959087723999914, 34.814820599000086 ], [ -5.95979376199989, 34.811290407000229 ], [ -5.961440493999817, 34.80846743799998 ], [ -5.961440493999817, 34.807727742999987 ], [ -5.96088703699985, 34.806897557000184 ], [ -5.960885722999933, 34.805323734000069 ], [ -5.963104806999922, 34.804953887000124 ], [ -5.96608772299993, 34.805420599000229 ], [ -5.971087723999915, 34.805320599000083 ], [ -5.971339796999871, 34.805358889000047 ], [ -5.979842675999919, 34.803623607000191 ], [ -5.981535276999864, 34.800449979000177 ], [ -5.989363559999958, 34.798334227000055 ], [ -5.992537187999915, 34.794314298000245 ], [ -5.999096018999808, 34.789024918000109 ], [ -6.002481222999961, 34.790294369000094 ], [ -6.007482695999954, 34.78859909099998 ], [ -6.010089705999917, 34.787758119999921 ], [ -6.012687723999932, 34.787220599000136 ], [ -6.019287722999877, 34.787120599000048 ], [ -6.031255449999946, 34.787332317000164 ], [ -6.041387723999947, 34.787120599000048 ], [ -6.047758315999943, 34.786062865000076 ], [ -6.055375023999886, 34.789024918000109 ], [ -6.065391703999921, 34.782292396000173 ], [ -6.067857960999959, 34.780138760000114 ], [ -6.071243163999952, 34.781196636000061 ], [ -6.071187723999856, 34.783320599000035 ], [ -6.071471458999895, 34.783296953999979 ], [ -6.071031588999915, 34.786486016000197 ], [ -6.0684926859999, 34.791140670000232 ], [ -6.072724189999917, 34.795372174000022 ], [ -6.086899728999924, 34.801084705000108 ], [ -6.088592330999916, 34.811240315000134 ], [ -6.091765958999872, 34.819703323000169 ], [ -6.098324789999879, 34.823088526000049 ], [ -6.104248895999945, 34.818645447000222 ], [ -6.109751496999934, 34.811308646000043 ], [ -6.11292347899996, 34.808489837000138 ], [ -6.120540186999904, 34.809759288000123 ], [ -6.125406415999919, 34.813356067000086 ], [ -6.135168395999926, 34.818504689000122 ], [ -6.145506060999935, 34.824781128000097 ], [ -6.152687723999918, 34.82992059899999 ], [ -6.14788772299994, 34.830420598999979 ], [ -6.140187723999929, 34.831720599000221 ], [ -6.136987723999937, 34.832320599000127 ], [ -6.142987722999862, 34.835820598999987 ], [ -6.145650708999938, 34.836586160000195 ], [ -6.138151264999919, 34.847571262000145 ], [ -6.136622780999915, 34.849919715999931 ], [ -6.132872717999874, 34.870336723000037 ], [ -6.1262059399999, 34.870197832000201 ], [ -6.115787723999802, 34.86942059900008 ], [ -6.115692132999868, 34.871141241000146 ], [ -6.115587723999852, 34.873020599000085 ], [ -6.114887722999924, 34.874620599000082 ], [ -6.11408772399983, 34.877620599000181 ], [ -6.113387722999903, 34.880120599000236 ], [ -6.112787722999826, 34.882120599000189 ], [ -6.110487723999938, 34.881720599000118 ], [ -6.108087722999869, 34.881920599000125 ], [ -6.102316652999946, 34.882975823000038 ], [ -6.097450122999817, 34.88385179900024 ], [ -6.094770494999864, 34.884286162000194 ], [ -6.091787722999925, 34.880320599000129 ], [ -6.087787722999906, 34.877120599000193 ], [ -6.085587723999936, 34.877220599000111 ], [ -6.084462258999906, 34.877246178000178 ], [ -6.08259410199986, 34.876586828000143 ], [ -6.075510649999956, 34.877003501000104 ], [ -6.073185432999935, 34.879075977000127 ], [ -6.066287723999892, 34.88472059899999 ], [ -6.063241000999938, 34.886751812000114 ], [ -6.060760549999884, 34.884742312000128 ] ] ] ] } },
{ "type": "Feature", "properties": { "Code_Commu": "04.291.01.03.", "Code_Provi": "04.291.", "CODE_REGIO": "04.", "nom": "Commune de Rommani", "Marocains_": 11116, "Etrangers_": 1, "Populati_1": 11117, "Menages_": 3037, "nom_arabe": "Ш¬Щ…Ш§Ш№Ш© Ш§Щ„Ш±Щ…Ш§Щ†ЩЉ" }, "geometry": { "type": "MultiPolygon", "coordinates": [ [ [ [ -6.598700203999954, 33.515560009000183 ], [ -6.600578055999961, 33.512221606000082 ], [ -6.608132276999925, 33.51315294900013 ], [ -6.612079738999853, 33.526003196000147 ], [ -6.616928286999837, 33.526088258000073 ], [ -6.615376049999895, 33.530744970000057 ], [ -6.613927294999939, 33.537574813000049 ], [ -6.612587722999876, 33.537957548000179 ], [ -6.603992976999905, 33.540058392999981 ], [ -6.599750195999945, 33.539540980000083 ], [ -6.598611888999926, 33.5308484520001 ], [ -6.593343770999923, 33.528850201000068 ], [ -6.591906311999935, 33.527756482000086 ], [ -6.598700203999954, 33.515560009000183 ] ] ] ] } },
{ "type": "Feature", "properties": { "Code_Commu": "04.281.03.05.", "Code_Provi": "04.281.", "CODE_REGIO": "04.", "nom": "Commune de Haddada", "Marocains_": 22647, "Etrangers_": 5, "Populati_1": 22652, "Menages_": 4694, "nom_arabe": "Ш¬Щ…Ш§Ш№Ш© Ш§Щ„Ш­ШЇШ§ШЇШ©" }, "geometry": { "type": "MultiPolygon", "coordinates": [ [ [ [ -6.507787723999854, 34.288620599000069 ], [ -6.506548880999958, 34.288401980000231 ], [ -6.506425702999877, 34.288435574000118 ], [ -6.505128087999935, 34.28817605100005 ], [ -6.507723316999943, 34.284542730000112 ], [ -6.507982839999954, 34.282726068999978 ], [ -6.507723316999943, 34.279871317000186 ], [ -6.505647133999958, 34.276757042000042 ], [ -6.495525738999959, 34.272604675000082 ], [ -6.474763904999861, 34.267933262000042 ], [ -6.46334489599991, 34.270788014000118 ], [ -6.457887723999931, 34.274820599000122 ], [ -6.45618772399996, 34.276620599000182 ], [ -6.455524350999951, 34.278486336000128 ], [ -6.424137549999955, 34.279688843000201 ], [ -6.422875428999873, 34.279688843000201 ], [ -6.423441138999863, 34.261020404000192 ], [ -6.423723993999943, 34.214066451000178 ], [ -6.420612587999869, 34.196529433000137 ], [ -6.420896668999944, 34.180545122000126 ], [ -6.426660701999879, 34.173713378000116 ], [ -6.432838877999927, 34.16639077799999 ], [ -6.47085622599991, 34.122300620000033 ], [ -6.514817329999914, 34.123139512000193 ], [ -6.529549219999922, 34.123420635000116 ], [ -6.534787722999909, 34.123520599000187 ], [ -6.535187722999865, 34.122920599000111 ], [ -6.538187723999954, 34.120520599000145 ], [ -6.543687723999938, 34.114320599000166 ], [ -6.54448772399985, 34.111920599000143 ], [ -6.545587722999926, 34.110620599000072 ], [ -6.547187722999865, 34.109620599000095 ], [ -6.557387722999863, 34.097820599000045 ], [ -6.558920689999866, 34.10558123900023 ], [ -6.584862987999884, 34.113556743000174 ], [ -6.575572696999927, 34.124317440000141 ], [ -6.594430196999951, 34.124461317999931 ], [ -6.593537878999939, 34.143158690000121 ], [ -6.59154421799991, 34.149461231000146 ], [ -6.590586627999926, 34.152012443999922 ], [ -6.585310147999849, 34.160508471000071 ], [ -6.58048082699986, 34.165874383000187 ], [ -6.58048082699986, 34.1707931360001 ], [ -6.581375145999914, 34.175533024000231 ], [ -6.582269463999921, 34.180183481000142 ], [ -6.581106849999912, 34.19127303200014 ], [ -6.575651506999804, 34.207460200000071 ], [ -6.573236845999929, 34.214883044000203 ], [ -6.572188584999878, 34.219225371000221 ], [ -6.564718290999906, 34.222547233000228 ], [ -6.557396661999917, 34.221969210000111 ], [ -6.553735846999871, 34.222739908000108 ], [ -6.539863285999957, 34.221969210000111 ], [ -6.536087723999913, 34.223020599000165 ], [ -6.531578284999853, 34.224281303000168 ], [ -6.526183399999866, 34.226978745999986 ], [ -6.505374558999961, 34.242392702000132 ], [ -6.502677115999802, 34.253182472000049 ], [ -6.509998745999951, 34.259155380000095 ], [ -6.511732815999892, 34.27360596400024 ], [ -6.511732815999892, 34.285359105999987 ], [ -6.512537504999955, 34.2880657890002 ], [ -6.509787723999807, 34.288420599000233 ], [ -6.507787723999854, 34.288620599000069 ] ] ] ] } },
{ "type": "Feature", "properties": { "Code_Commu": "04.291.03.11.", "Code_Provi": "04.291.", "CODE_REGIO": "04.", "nom": "Commune de Majmaa Tolba", "Marocains_": 15445, "Etrangers_": 2, "Populati_1": 15447, "Menages_": 3925, "nom_arabe": "Ш¬Щ…Ш§Ш№Ш© Щ…Ш¬Щ…Ш№ Ш§Щ„Ш·Щ„ШЁШ©" }, "geometry": { "type": "MultiPolygon", "coordinates": [ [ [ [ -5.999058365999872, 33.81999667700012 ], [ -5.982967943999938, 33.817401448000226 ], [ -5.976220346999924, 33.817141924999987 ], [ -5.974144163999938, 33.818699063000224 ], [ -5.970287723999888, 33.817920599000104 ], [ -5.968953704999933, 33.815584787000091 ], [ -5.961528456999872, 33.816011383999978 ], [ -5.95778772299991, 33.814620599000079 ], [ -5.956287723999878, 33.814420599000073 ], [ -5.948187722999933, 33.809420599000077 ], [ -5.943723701999943, 33.806649827000172 ], [ -5.9423877239999, 33.805820599000128 ], [ -5.932487722999952, 33.800820599000133 ], [ -5.928687723999928, 33.800620599000069 ], [ -5.926787722999961, 33.805520599000147 ], [ -5.929703490999941, 33.812455398000111 ], [ -5.914972934999923, 33.802608641000063 ], [ -5.909058201999926, 33.799169843000129 ], [ -5.906408677999877, 33.796639613000195 ], [ -5.901737264999895, 33.782625375000123 ], [ -5.902775356999825, 33.763680200000124 ], [ -5.904571420999901, 33.762250679000033 ], [ -5.915491980999946, 33.753558806000228 ], [ -5.933139539999956, 33.7403231360002 ], [ -5.940146659999925, 33.733835063000129 ], [ -5.941703796999889, 33.728904127000135 ], [ -5.942482365999922, 33.724751760000231 ], [ -5.945950115999949, 33.72073647000019 ], [ -5.945887723999931, 33.720620599000085 ], [ -5.944887722999908, 33.72132059900008 ], [ -5.942987723999806, 33.72132059900008 ], [ -5.940787723999961, 33.719320599000184 ], [ -5.943987723999953, 33.718020599000113 ], [ -5.944212947999915, 33.717953032000082 ], [ -5.943520457999909, 33.716706549000094 ], [ -5.947932347999938, 33.713073228000098 ], [ -5.954979445999925, 33.712210318000132 ], [ -5.954982305999863, 33.71211022000017 ], [ -5.960129925999922, 33.710737522000102 ], [ -5.959091833999821, 33.704768494000234 ], [ -5.954973297999913, 33.704548839000097 ], [ -5.954956511999853, 33.704508971000166 ], [ -5.947153778999962, 33.704508971000166 ], [ -5.949598083999888, 33.70241385200012 ], [ -5.949738236999849, 33.702293722000093 ], [ -5.950787099999957, 33.701394696000136 ], [ -5.954270242999939, 33.701270298000168 ], [ -5.954186702999948, 33.701125496000088 ], [ -5.956237081999859, 33.700356604000035 ], [ -5.956364667999935, 33.699591084000133 ], [ -5.951046622999911, 33.69750185200013 ], [ -5.952603759999874, 33.695944714000234 ], [ -5.953961456999878, 33.696196140000097 ], [ -5.956363677999946, 33.696640996000099 ], [ -5.957203525999887, 33.696796523000103 ], [ -5.956314709999901, 33.694485601000224 ], [ -5.958487723999951, 33.694220599000118 ], [ -5.959087723999914, 33.692620599000065 ], [ -5.956887723999955, 33.692320599000141 ], [ -5.956231803999856, 33.691960486000085 ], [ -5.959610879999957, 33.688159026000164 ], [ -5.958572787999856, 33.686342366000133 ], [ -5.955198989999928, 33.686601889000201 ], [ -5.947672824999927, 33.678816201000132 ], [ -5.944039503999875, 33.678556678000234 ], [ -5.943779980999921, 33.675182880000136 ], [ -5.93729190699986, 33.674923357000239 ], [ -5.937032383999906, 33.671290036000073 ], [ -5.934587723999869, 33.671290036000073 ], [ -5.934587723999869, 33.670020599000111 ], [ -5.932787723999866, 33.669820599000104 ], [ -5.932422374999931, 33.670575652000139 ], [ -5.93080383399996, 33.670251944000199 ], [ -5.928987172999939, 33.665840054000171 ], [ -5.922758622999879, 33.66168768700004 ], [ -5.921156018999909, 33.662578022000105 ], [ -5.918787723999799, 33.662320599000225 ], [ -5.919237605999911, 33.663413170000126 ], [ -5.917049117999909, 33.663244825000106 ], [ -5.914972934999923, 33.658313889000169 ], [ -5.908006145999877, 33.654685352999934 ], [ -5.907787723999945, 33.654420599000105 ], [ -5.907987723999952, 33.648520599000221 ], [ -5.91134448199989, 33.641807082000128 ], [ -5.91004199899993, 33.634178256000041 ], [ -5.905889631999912, 33.620683063000172 ], [ -5.9064865199999, 33.61874568799999 ], [ -5.909591348999868, 33.620189795000044 ], [ -5.916789594999955, 33.62353781600018 ], [ -5.931322879999925, 33.633659210000076 ], [ -5.962465631999919, 33.653901999000141 ], [ -5.96583943, 33.656497228000035 ], [ -5.980444228999943, 33.67236106200005 ], [ -5.981063021999887, 33.673296986000082 ], [ -5.992570291999868, 33.686082843000236 ], [ -5.996463135999932, 33.695425669000201 ], [ -6.005546438999886, 33.709439906999933 ], [ -6.013591649999853, 33.715927980000231 ], [ -6.027569409999899, 33.715941294000061 ], [ -6.034093961999929, 33.716187503000128 ], [ -6.046233912999924, 33.727613339000129 ], [ -6.048787723999851, 33.727420599000141 ], [ -6.051484764999884, 33.726988359000075 ], [ -6.056322208999916, 33.729788985000198 ], [ -6.067779313999949, 33.738445464000108 ], [ -6.083819260999803, 33.747101943000018 ], [ -6.083310055999959, 33.750157171000069 ], [ -6.098586195999928, 33.7758720060001 ], [ -6.102405230999921, 33.784273883000083 ], [ -6.098076990999914, 33.790129736000097 ], [ -6.09604017199996, 33.793439566000188 ], [ -6.094895342999905, 33.799608224000053 ], [ -6.0851677299999, 33.801980812000124 ], [ -6.072762238999928, 33.80185422500017 ], [ -6.0632682399999, 33.802233984999987 ], [ -6.052002027999947, 33.802487159000179 ], [ -6.040229469999872, 33.80425937199999 ], [ -6.036178696999912, 33.80995577099992 ], [ -6.0360521099999, 33.811727984000129 ], [ -6.032634270999949, 33.814639477000242 ], [ -6.028330324999956, 33.819449770000233 ], [ -6.007103576999953, 33.818699063000224 ], [ -5.999058365999872, 33.81999667700012 ] ] ] ] } },
{ "type": "Feature", "properties": { "Code_Commu": "04.501.05.05.", "Code_Provi": "04.501.", "CODE_REGIO": "04.", "nom": "Commune de Sabbah", "Marocains_": 15540, "Etrangers_": 12, "Populati_1": 15552, "Menages_": 3456, "nom_arabe": "Ш¬Щ…Ш§Ш№Ш© ШµШЁШ§Ш­" }, "geometry": { "type": "MultiPolygon", "coordinates": [ [ [ [ -6.987906487999908, 33.865130214000146 ], [ -6.988404678999871, 33.864818845000229 ], [ -6.989991535999934, 33.864966460000062 ], [ -6.990587722999862, 33.864920599000129 ], [ -6.991150593999919, 33.863919941000063 ], [ -6.991020178999918, 33.863137452000103 ], [ -6.99077108399996, 33.862327892000053 ], [ -6.990646535999929, 33.860957868000241 ], [ -6.99077108399996, 33.859899214000222 ], [ -6.991456095999922, 33.858217821000096 ], [ -6.992950666999889, 33.856785523000042 ], [ -6.993116941999858, 33.856120425000086 ], [ -6.992918007999947, 33.855942432000234 ], [ -6.990148344999909, 33.854792761000226 ], [ -6.990148344999909, 33.854356844000108 ], [ -6.991767464999953, 33.854294570000093 ], [ -6.99139382199985, 33.853671832000089 ], [ -6.990895630999944, 33.853360463000172 ], [ -6.990833356999929, 33.852177261000179 ], [ -6.993075214999863, 33.85118087900014 ], [ -6.993075214999863, 33.850744963000125 ], [ -6.988466951999897, 33.848689927000123 ], [ -6.988031035999882, 33.848440832000165 ], [ -6.986038273999952, 33.848440832000165 ], [ -6.985726904999922, 33.847880367000243 ], [ -6.987346023999862, 33.845576236000113 ], [ -6.988653773999886, 33.84426848600009 ], [ -6.987727562999908, 33.843840119000106 ], [ -6.984232332999909, 33.843209831000195 ], [ -6.978799198999866, 33.843427157000235 ], [ -6.978487723999933, 33.84352059899993 ], [ -6.978040711999824, 33.844772232000025 ], [ -6.978004950999946, 33.845451689000242 ], [ -6.976634927999953, 33.846510343000034 ], [ -6.97514035599994, 33.845825331000242 ], [ -6.974517617999823, 33.846198974000117 ], [ -6.973209867999799, 33.847070808000183 ], [ -6.972088938999946, 33.846634891000235 ], [ -6.97161389799993, 33.846657512000093 ], [ -6.971287723999922, 33.846820599000125 ], [ -6.970905736999953, 33.847942641000088 ], [ -6.970819581999933, 33.84935435400007 ], [ -6.970781188999922, 33.850122225000121 ], [ -6.969037521999894, 33.850184498000203 ], [ -6.967356128999938, 33.849063570000169 ], [ -6.966359747999945, 33.848503105000077 ], [ -6.96561246199991, 33.847568997999986 ], [ -6.964491533999819, 33.847880367000243 ], [ -6.964242437999815, 33.849374939000086 ], [ -6.963121509999951, 33.85062041499998 ], [ -6.962374223999859, 33.851865890999989 ], [ -6.96150238999985, 33.853298188999986 ], [ -6.960319187999914, 33.853671832000089 ], [ -6.95938508099988, 33.852488630000096 ], [ -6.959945544999925, 33.851367701000129 ], [ -6.960692830999903, 33.850309046000234 ], [ -6.960755104999919, 33.849561760000199 ], [ -6.960696875999929, 33.849192979000179 ], [ -6.960056790999943, 33.848692043000085 ], [ -6.958326425999871, 33.848067189000062 ], [ -6.957080949999863, 33.84669716500008 ], [ -6.957340508999948, 33.845696006000082 ], [ -6.957287723999912, 33.845620599000142 ], [ -6.957516865999935, 33.844953498000109 ], [ -6.956209115999911, 33.842960736000066 ], [ -6.955377628999884, 33.842436942000063 ], [ -6.954839091999929, 33.842026629000145 ], [ -6.954465448999883, 33.840905700000235 ], [ -6.957330044999935, 33.839597950000041 ], [ -6.961866024999892, 33.838099828000225 ], [ -6.962249675999942, 33.837231545000236 ], [ -6.961797260999901, 33.836449498000093 ], [ -6.9596964499999, 33.835799247000068 ], [ -6.959073711999906, 33.834678318000101 ], [ -6.959523752999928, 33.833878245000108 ], [ -6.959487723999871, 33.833820599000092 ], [ -6.959987722999927, 33.832720599000027 ], [ -6.960599294999895, 33.832484309999927 ], [ -6.963995556999919, 33.828704600000037 ], [ -6.964055616999872, 33.828637758000184 ], [ -6.963925434999851, 33.828464183000108 ], [ -6.962747866999848, 33.826894092000146 ], [ -6.963183782999863, 33.826395901000069 ], [ -6.963712684999848, 33.826597387000049 ], [ -6.964787723999905, 33.826520599000048 ], [ -6.966887723999946, 33.827420599000106 ], [ -6.968060179999952, 33.8262481430001 ], [ -6.967978866999943, 33.825150425000231 ], [ -6.96977421899993, 33.824486925000201 ], [ -6.970815385999913, 33.823845554000172 ], [ -6.971104796999953, 33.823459673000116 ], [ -6.970787722999944, 33.822920599000099 ], [ -6.970043621999935, 33.822302028000138 ], [ -6.969368328999906, 33.821819676000246 ], [ -6.968307154999934, 33.821433794000086 ], [ -6.967245979999916, 33.821240853000177 ], [ -6.966763627999853, 33.819890267000176 ], [ -6.966281275999904, 33.819118504000187 ], [ -6.965894689999914, 33.818699702000174 ], [ -6.965987723999888, 33.818420599000092 ], [ -6.963773044999868, 33.816899684000077 ], [ -6.961525913999935, 33.815820599000062 ], [ -6.959238934999803, 33.814584394000178 ], [ -6.957213055999944, 33.811111459000188 ], [ -6.957487723999918, 33.809420599000077 ], [ -6.960887723999861, 33.807420599000125 ], [ -6.963687722999907, 33.805720598999983 ], [ -6.966087722999816, 33.803920599000094 ], [ -6.966402676999849, 33.803133214000241 ], [ -6.968554443999892, 33.800641695000081 ], [ -6.972388896999917, 33.794152620000034 ], [ -6.97369960899988, 33.790321309000035 ], [ -6.974158644999875, 33.788253461000181 ], [ -6.981680071999961, 33.78471396600014 ], [ -6.98477713099993, 33.782501781000178 ], [ -6.986797905999822, 33.781707158000245 ], [ -6.989201499999922, 33.781764387000067 ], [ -6.998050237999848, 33.776012707000064 ], [ -7.008388578999927, 33.767672532000233 ], [ -7.010287723999852, 33.766320598999982 ], [ -7.011287723999828, 33.76552059900007 ], [ -7.018187723999915, 33.760320599000238 ], [ -7.022326156999839, 33.75705049600009 ], [ -7.023859058999903, 33.755955566000125 ], [ -7.025820001999818, 33.754079881999985 ], [ -7.026956116999941, 33.752858508000202 ], [ -7.033740149999915, 33.751678676000097 ], [ -7.03602315899991, 33.752563550000104 ], [ -7.038459476999947, 33.752563550000104 ], [ -7.038787723999917, 33.758820599000103 ], [ -7.038987723999867, 33.760420598999985 ], [ -7.039786787999901, 33.762887078000233 ], [ -7.043473762999952, 33.76981859000017 ], [ -7.045746326999961, 33.76972583200012 ], [ -7.050700231999883, 33.769523632000073 ], [ -7.052469979999955, 33.775422790999926 ], [ -7.062498549999873, 33.782944218000125 ], [ -7.061025032999908, 33.79579521800008 ], [ -7.060987723999915, 33.796120599000062 ], [ -7.060728802999904, 33.797987074000048 ], [ -7.066333003999887, 33.800346736999984 ], [ -7.082113253999921, 33.792235394000045 ], [ -7.089487202999862, 33.792530352000142 ], [ -7.099663251999857, 33.795627410000236 ], [ -7.109101905999921, 33.812734971000225 ], [ -7.109691821999888, 33.8142097610002 ], [ -7.107507088999853, 33.815848311000082 ], [ -7.104972494999913, 33.81774925600007 ], [ -7.092926092999903, 33.822026602000108 ], [ -7.091387723999901, 33.822820599000181 ], [ -7.088179373999935, 33.824424774000136 ], [ -7.06589056699994, 33.83293959100024 ], [ -7.052912416999959, 33.819961441000203 ], [ -7.04214645199994, 33.823353457000223 ], [ -7.033445191999931, 33.827630348000127 ], [ -7.033080881999922, 33.828176814000244 ], [ -7.025887723999915, 33.835520599000063 ], [ -7.02148772399994, 33.841120599000135 ], [ -7.02088772399992, 33.841720599000041 ], [ -7.016489396999873, 33.845532482000237 ], [ -7.006837727999937, 33.851803618000076 ], [ -7.002354012999945, 33.85653642800014 ], [ -7.004268796999952, 33.860860133000074 ], [ -7.004194233999897, 33.861380980000092 ], [ -7.005094060999909, 33.865690678000135 ], [ -7.001887723999914, 33.867820599000083 ], [ -7.000187722999954, 33.869520599000225 ], [ -6.997987723999927, 33.870820599000126 ], [ -6.994694333999917, 33.872291703000144 ], [ -6.994490157999905, 33.871951409000076 ], [ -6.993947047999882, 33.871046227000136 ], [ -6.993884773999923, 33.869925298000226 ], [ -6.993511130999877, 33.869489381000108 ], [ -6.992390202999957, 33.868866643000104 ], [ -6.99068772399994, 33.868220598999926 ], [ -6.989087723999944, 33.867020599000114 ], [ -6.988093309999954, 33.866188869000041 ], [ -6.987906487999908, 33.865130214000146 ] ] ] ] } },
{ "type": "Feature", "properties": { "Code_Commu": "04.481.09.11.", "Code_Provi": "04.481.", "CODE_REGIO": "04.", "nom": "Commune de Zaggota", "Marocains_": 10245, "Etrangers_": 0, "Populati_1": 10245, "Menages_": 2159, "nom_arabe": "Ш¬Щ…Ш§Ш№Ш© ШІЩѓЩ€Ш·Ш©" }, "geometry": { "type": "MultiPolygon", "coordinates": [ [ [ [ -5.580287723999902, 34.25742059900017 ], [ -5.578887723999912, 34.257120599000189 ], [ -5.571258850999925, 34.257243210000127 ], [ -5.557764907999854, 34.251270481000233 ], [ -5.549839445999908, 34.248551276999933 ], [ -5.54518305299996, 34.248861703000046 ], [ -5.539496279999867, 34.245929155000226 ], [ -5.5343181369999, 34.243894885000145 ], [ -5.535249415999942, 34.232409116000099 ], [ -5.529661744999942, 34.213473120000231 ], [ -5.528109613999845, 34.196710107000115 ], [ -5.52655748299992, 34.19267456700004 ], [ -5.52655748299992, 34.189570305000188 ], [ -5.522521942999902, 34.184603487000118 ], [ -5.506379781999954, 34.183982634000188 ], [ -5.501102536999838, 34.18429306000013 ], [ -5.497377422999818, 34.183051356000021 ], [ -5.495416890999934, 34.181615217000115 ], [ -5.495287723999922, 34.181520599000123 ], [ -5.495187723999891, 34.181520599000123 ], [ -5.494787723999934, 34.181220599000198 ], [ -5.494487723999896, 34.180420599000229 ], [ -5.493987722999918, 34.179620599000145 ], [ -5.493387722999955, 34.178920598999923 ], [ -5.492687723999836, 34.177820599000029 ], [ -5.492487723999886, 34.176720599000191 ], [ -5.492487723999886, 34.175320599000145 ], [ -5.492787722999935, 34.174420599000086 ], [ -5.493387722999955, 34.173920598999928 ], [ -5.493887723999933, 34.173220599000103 ], [ -5.494087723999939, 34.172520599000109 ], [ -5.494187722999868, 34.172120599000039 ], [ -5.493987722999918, 34.171420599000044 ], [ -5.493887723999933, 34.171320599000126 ], [ -5.493387722999955, 34.170420599000067 ], [ -5.493387722999955, 34.168920598999989 ], [ -5.493787722999912, 34.167720599000177 ], [ -5.494187722999868, 34.166820599000118 ], [ -5.494287723999946, 34.1667205990002 ], [ -5.494687723999959, 34.166220599000042 ], [ -5.49568772299989, 34.165420599000072 ], [ -5.496187723999867, 34.165220599000236 ], [ -5.497187723999843, 34.164420598999982 ], [ -5.497887722999849, 34.164020599000082 ], [ -5.498287722999919, 34.163520599000094 ], [ -5.498587723999947, 34.163020599000106 ], [ -5.498787723999953, 34.162520599000118 ], [ -5.500171258999956, 34.160700672000075 ], [ -5.495585168999924, 34.157369350000181 ], [ -5.493652308999799, 34.155733853000129 ], [ -5.500481684999954, 34.152629591000107 ], [ -5.504987722999942, 34.151720599000043 ], [ -5.505887723999876, 34.151620599000125 ], [ -5.506287723999947, 34.151620599000125 ], [ -5.506787723999935, 34.151620599000125 ], [ -5.507787723999911, 34.15192059900005 ], [ -5.5095877239998, 34.152020599000195 ], [ -5.511487723999949, 34.15272059900019 ], [ -5.513087723999945, 34.153320599000097 ], [ -5.514187722999907, 34.154020599000091 ], [ -5.514787722999927, 34.154220598999927 ], [ -5.516287723999937, 34.155020599000238 ], [ -5.516787723999926, 34.155220599000074 ], [ -5.517787723999959, 34.155820598999981 ], [ -5.518987723999942, 34.156320599000139 ], [ -5.521587723999858, 34.157420599000034 ], [ -5.522687723999923, 34.157920599000192 ], [ -5.523787722999941, 34.158120599000029 ], [ -5.524687723999932, 34.158320599000092 ], [ -5.524387722999904, 34.158320599000092 ], [ -5.524987722999924, 34.158620599000017 ], [ -5.525987722999957, 34.158920599000169 ], [ -5.526587722999864, 34.159020599000087 ], [ -5.52718772399993, 34.159520599000075 ], [ -5.52778772399995, 34.16022059900024 ], [ -5.528187723999906, 34.160420599000133 ], [ -5.528687722999905, 34.160720599000229 ], [ -5.529087722999861, 34.160720599000229 ], [ -5.530087722999895, 34.16062059900014 ], [ -5.530287722999958, 34.16062059900014 ], [ -5.530487722999851, 34.159920599000145 ], [ -5.530487722999851, 34.159720599000082 ], [ -5.530287722999958, 34.159120599000175 ], [ -5.530687722999915, 34.159120599000175 ], [ -5.530787723999936, 34.159020599000087 ], [ -5.531187723999949, 34.157520599000122 ], [ -5.531187723999949, 34.157120599000109 ], [ -5.532687723999913, 34.15232059900012 ], [ -5.534487723999916, 34.144520599000089 ], [ -5.534887723999873, 34.141820599000198 ], [ -5.534252789999925, 34.137133703000131 ], [ -5.537487723999959, 34.134020599000166 ], [ -5.537687723999909, 34.13342059900009 ], [ -5.538287723999815, 34.132520599000202 ], [ -5.538687723999942, 34.13222059900005 ], [ -5.539287722999859, 34.131820599000037 ], [ -5.539987723999957, 34.131420599000137 ], [ -5.54078772399987, 34.130920598999978 ], [ -5.541087722999919, 34.130720599000142 ], [ -5.543087722999928, 34.129820599000084 ], [ -5.546187722999946, 34.127820599000188 ], [ -5.548487723999926, 34.1273205990002 ], [ -5.550087722999933, 34.126320599000223 ], [ -5.551587723999887, 34.125320599000077 ], [ -5.552087722999943, 34.125020598999981 ], [ -5.558887723999931, 34.121120599000221 ], [ -5.560987723999858, 34.119820598999922 ], [ -5.562787723999861, 34.11862059900011 ], [ -5.56308772299991, 34.118020599000204 ], [ -5.563387723999938, 34.117420599000127 ], [ -5.564787723999871, 34.116820599000221 ], [ -5.569250266999916, 34.114678277999985 ], [ -5.582606248999923, 34.108266508000099 ], [ -5.583562147999942, 34.107807612000101 ], [ -5.594721633999939, 34.107548089000034 ], [ -5.60224779899994, 34.115074254000092 ], [ -5.605621596999924, 34.121302804000095 ], [ -5.608887723999885, 34.130220598999983 ], [ -5.611590623999916, 34.132202767000194 ], [ -5.620414403999916, 34.13531704299993 ], [ -5.626383431999955, 34.137393226000029 ], [ -5.630535798999915, 34.141545592999989 ], [ -5.631573889999913, 34.149590804000127 ], [ -5.630887723999876, 34.154220598999927 ], [ -5.631054844999937, 34.15685744600006 ], [ -5.634428642999922, 34.161788382000225 ], [ -5.636827423999875, 34.170276376000118 ], [ -5.637023871999816, 34.173466914000187 ], [ -5.634080263999863, 34.17946838000023 ], [ -5.630276275999904, 34.182290694000187 ], [ -5.627162000999874, 34.190595428000222 ], [ -5.619895357999951, 34.203312051000182 ], [ -5.611850146999871, 34.210319170999924 ], [ -5.616523511999958, 34.214343457000041 ], [ -5.624962577999895, 34.220923348000099 ], [ -5.630550248999953, 34.225890167000102 ], [ -5.627756413999862, 34.241411475000177 ], [ -5.62744598799992, 34.246067868000068 ], [ -5.632723232999865, 34.25413894799999 ], [ -5.630195432999869, 34.252915361000078 ], [ -5.622231064999937, 34.249766657000123 ], [ -5.610552532999918, 34.246911904000115 ], [ -5.583562147999942, 34.24743095000008 ], [ -5.580966917999888, 34.247949996000045 ], [ -5.58148596399991, 34.254438070000049 ], [ -5.580287723999902, 34.25742059900017 ] ] ] ] } },
{ "type": "Feature", "properties": { "Code_Commu": "04.491.05.09.", "Code_Provi": "04.491.", "CODE_REGIO": "04.", "nom": "Commune de M'saada", "Marocains_": 22399, "Etrangers_": 0, "Populati_1": 22399, "Menages_": 4584, "nom_arabe": "Ш¬Щ…Ш§Ш№Ш© Ш§Щ„Щ…ШіШ§Ш№ШЇШ©" }, "geometry": { "type": "MultiPolygon", "coordinates": [ [ [ [ -5.793516201999921, 34.356430583000076 ], [ -5.78754717399994, 34.353575831000114 ], [ -5.783654329999933, 34.353835354000182 ], [ -5.781025649999947, 34.349629467000113 ], [ -5.775868641999921, 34.341378253000244 ], [ -5.778982916999951, 34.331516381000142 ], [ -5.777685302999942, 34.329699721000111 ], [ -5.77704686099986, 34.328701347000106 ], [ -5.777770023999949, 34.328058535000196 ], [ -5.77976148599987, 34.327883060000147 ], [ -5.782356714999935, 34.314906913000073 ], [ -5.78443289899991, 34.309197408999978 ], [ -5.787806696999951, 34.298556968000014 ], [ -5.788325742999803, 34.296740307999983 ], [ -5.789882879999936, 34.296999831000051 ], [ -5.789984013999856, 34.297363912000094 ], [ -5.790087722999942, 34.297020599000177 ], [ -5.794867021999949, 34.301622886000075 ], [ -5.795586397999955, 34.301670845000046 ], [ -5.795592384999907, 34.301671244000147 ], [ -5.800004274999935, 34.303747427000076 ], [ -5.815316127999949, 34.306602179000038 ], [ -5.819728017999921, 34.308159317000047 ], [ -5.827513705999934, 34.309975978000182 ], [ -5.830173497999908, 34.311515858000234 ], [ -5.830787722999844, 34.311720599000012 ], [ -5.837387723999939, 34.31402059900006 ], [ -5.84498772399985, 34.316920599000241 ], [ -5.847903445999805, 34.31764953000004 ], [ -5.850611246999961, 34.318021188999978 ], [ -5.86332787099991, 34.321654510000144 ], [ -5.863787723999906, 34.321877250999989 ], [ -5.865525168999909, 34.322718826000084 ], [ -5.879937338999866, 34.329699721000111 ], [ -5.893692053999928, 34.334111610000036 ], [ -5.901637560999916, 34.34268439400023 ], [ -5.903553925999915, 34.344752051000114 ], [ -5.902515833999928, 34.346309188000077 ], [ -5.891883789999952, 34.347471772000176 ], [ -5.890837301999909, 34.347606803000076 ], [ -5.885127796999825, 34.348904418000075 ], [ -5.882013521999909, 34.350721078000106 ], [ -5.879158769999947, 34.352797262000138 ], [ -5.877791681999895, 34.353822578000234 ], [ -5.877587723999909, 34.353720599000042 ], [ -5.876587723999933, 34.353520599000035 ], [ -5.875987723999856, 34.35382059900013 ], [ -5.87538772399995, 34.3546205990001 ], [ -5.873787722999907, 34.354020599000194 ], [ -5.873787722999907, 34.353220599000224 ], [ -5.872887723999952, 34.353020599000047 ], [ -5.871987722999904, 34.353120599000135 ], [ -5.871187722999878, 34.353020599000047 ], [ -5.870987722999928, 34.351820599000234 ], [ -5.869787723999877, 34.351820599000234 ], [ -5.868487722999873, 34.350920599000176 ], [ -5.869387723999921, 34.350120599000093 ], [ -5.868087722999917, 34.3499205990002 ], [ -5.868087722999917, 34.349120599000116 ], [ -5.868287722999924, 34.348720599000046 ], [ -5.868287722999924, 34.348020599000222 ], [ -5.869187723999858, 34.348020599000222 ], [ -5.869187723999858, 34.347420599000145 ], [ -5.86868772299988, 34.346920598999986 ], [ -5.867587723999918, 34.346920598999986 ], [ -5.866887722999934, 34.347020599000075 ], [ -5.866487722999921, 34.347320599000227 ], [ -5.86468772399985, 34.346720598999923 ], [ -5.863887723999937, 34.346820599000239 ], [ -5.86358772299991, 34.346420599000169 ], [ -5.863287723999917, 34.346020599000099 ], [ -5.861887723999928, 34.35122059899993 ], [ -5.860887723999952, 34.3542205990002 ], [ -5.860687723999945, 34.356620599000166 ], [ -5.858387723999954, 34.363320599000133 ], [ -5.854787723999891, 34.371620598999982 ], [ -5.860992078999914, 34.373218691000034 ], [ -5.857618365999883, 34.3818638300001 ], [ -5.862882598999931, 34.388712500999986 ], [ -5.867351184999961, 34.392076838000094 ], [ -5.870334989999947, 34.39535902300014 ], [ -5.885646842999961, 34.40522089500007 ], [ -5.901090170999908, 34.422481084000083 ], [ -5.902515833999928, 34.431173188000173 ], [ -5.914194365999947, 34.438958876000129 ], [ -5.907279815999914, 34.440512708000085 ], [ -5.907446769999865, 34.445187426000132 ], [ -5.912118182999961, 34.447523133000232 ], [ -5.908744383999874, 34.456087390000164 ], [ -5.908612839999932, 34.456810881000081 ], [ -5.85733153699988, 34.409912958000234 ], [ -5.819156203999853, 34.375895335000166 ], [ -5.797564655999849, 34.35698899 ], [ -5.793516201999921, 34.356430583000076 ] ] ] ] } },
{ "type": "Feature", "properties": { "Code_Commu": "04.291.09.19.", "Code_Provi": "04.291.", "CODE_REGIO": "04.", "nom": "Commune d'Ait Ali Ou Lahcen", "Marocains_": 5136, "Etrangers_": 3, "Populati_1": 5139, "Menages_": 1186, "nom_arabe": "Ш¬Щ…Ш§Ш№Ш© ШўЩЉШЄ Ш№Щ„ЩЉ ШЈЩ€Щ„Ш­ШіЩ†" }, "geometry": { "type": "MultiPolygon", "coordinates": [ [ [ [ -6.395770548999849, 34.018730711999979 ], [ -6.395090528999901, 34.010025473000098 ], [ -6.394855007999865, 33.999682238000048 ], [ -6.395820690999926, 33.985840780000046 ], [ -6.392816342999936, 33.977471525999988 ], [ -6.406763525999907, 33.971220273000085 ], [ -6.401276561999794, 33.96364303799993 ], [ -6.399447573999907, 33.962859186000117 ], [ -6.398925005999899, 33.959462494000093 ], [ -6.396587723999858, 33.954520599000034 ], [ -6.388968575999911, 33.938600314000041 ], [ -6.39162403499995, 33.940410854000106 ], [ -6.399447573999907, 33.945614444000228 ], [ -6.40493453799985, 33.950578839000173 ], [ -6.408069944999909, 33.955020666999985 ], [ -6.417737451999926, 33.97174284099998 ], [ -6.420128077999948, 33.975367338000126 ], [ -6.428625882999938, 33.98602822100014 ], [ -6.432787723999866, 33.989020599000128 ], [ -6.433480672999906, 33.989820155000189 ], [ -6.434630340999945, 33.989877638999985 ], [ -6.436296982999863, 33.991359098000089 ], [ -6.440741361999926, 33.993581288000087 ], [ -6.443256389999931, 33.994838802000231 ], [ -6.448187722999876, 33.995620599000176 ], [ -6.457287723999912, 33.994920599000181 ], [ -6.461998721999919, 33.99314819000017 ], [ -6.4700795669998, 33.99314819000017 ], [ -6.4746250419999, 33.994158294999977 ], [ -6.479002165999873, 33.995673453999984 ], [ -6.492806942999891, 34.009478231000116 ], [ -6.499709331999895, 34.006952967000075 ], [ -6.506151699999862, 34.006655626999986 ], [ -6.510218468999938, 34.006161067000107 ], [ -6.518441135999922, 34.013812852000228 ], [ -6.522223772999894, 34.016824952000036 ], [ -6.524115090999885, 34.017665537000198 ], [ -6.52992914299989, 34.018716270000198 ], [ -6.531890509999926, 34.014933633000112 ], [ -6.540786710999953, 34.015353925999989 ], [ -6.540296368999918, 34.013882901000045 ], [ -6.540716661999852, 34.010590606000221 ], [ -6.540156271999933, 34.008349044000227 ], [ -6.540086222999832, 34.007438409000088 ], [ -6.540366417999905, 34.006737921000024 ], [ -6.543798809999942, 34.005687188000081 ], [ -6.542748077999875, 34.000643673000127 ], [ -6.541697345999921, 33.996580841000196 ], [ -6.540086222999832, 33.992518010000026 ], [ -6.537774611999794, 33.989015568000184 ], [ -6.536023390999958, 33.98691410399999 ], [ -6.534538623999936, 33.985624701000177 ], [ -6.536347636999949, 33.984177490000093 ], [ -6.547045799999864, 33.981813942000088 ], [ -6.552830569999855, 33.978673238999988 ], [ -6.555007223999894, 33.981067559000223 ], [ -6.567689833999907, 33.993595630000016 ], [ -6.571287722999955, 33.997520598999984 ], [ -6.572631065999929, 33.999535614000195 ], [ -6.568587722999951, 34.018620599000201 ], [ -6.568496956999866, 34.019206127000132 ], [ -6.572342527999922, 34.019563854000182 ], [ -6.600659643999961, 34.022777760000167 ], [ -6.601497314999904, 34.022872833000122 ], [ -6.577887302999954, 34.043084434000093 ], [ -6.551862630999949, 34.065084673000229 ], [ -6.554813881999905, 34.083865364000133 ], [ -6.557387722999863, 34.097820599000045 ], [ -6.547187722999865, 34.109620599000095 ], [ -6.545587722999926, 34.110620599000072 ], [ -6.54448772399985, 34.111920599000143 ], [ -6.543687723999938, 34.114320599000166 ], [ -6.538187723999954, 34.120520599000145 ], [ -6.535187722999865, 34.122920599000111 ], [ -6.534787722999909, 34.123520599000187 ], [ -6.529549219999922, 34.123420635000116 ], [ -6.514817329999914, 34.123139512000193 ], [ -6.47085622599991, 34.122300620000033 ], [ -6.443375506999928, 34.119270777000111 ], [ -6.437486529999887, 34.118621496000117 ], [ -6.437409546999902, 34.116677669000126 ], [ -6.43625939899988, 34.087636431000135 ], [ -6.412585645999911, 34.053324657000132 ], [ -6.406335906999914, 34.046142326000165 ], [ -6.392279852999934, 34.029511117000141 ], [ -6.393287723999947, 34.027420598999981 ], [ -6.395857144999923, 34.020116242000199 ], [ -6.395770548999849, 34.018730711999979 ] ] ] ] } },
{ "type": "Feature", "properties": { "Code_Commu": "04.291.03.15.", "Code_Provi": "04.291.", "CODE_REGIO": "04.", "nom": "Commune de Sidi Allal Lamsadder", "Marocains_": 6873, "Etrangers_": 2, "Populati_1": 6875, "Menages_": 1882, "nom_arabe": "Ш¬Щ…Ш§Ш№Ш© ШіЩЉШЇЩЉ Ш№Щ„Ш§Щ„ Ш§Щ„Щ…ШµШЇШ±" }, "geometry": { "type": "MultiPolygon", "coordinates": [ [ [ [ -6.079698422999911, 33.866223926000202 ], [ -6.079501320999952, 33.863070288000245 ], [ -6.077530296999896, 33.85833983100008 ], [ -6.073521758999902, 33.849830566000037 ], [ -6.075675079999883, 33.84960780900019 ], [ -6.08086378399986, 33.84907104600012 ], [ -6.087572876999957, 33.847172246000184 ], [ -6.098965674999874, 33.838311181000222 ], [ -6.110611646999871, 33.828310835000025 ], [ -6.110409083999912, 33.823651878000135 ], [ -6.119718188999911, 33.824501050000038 ], [ -6.119718188999911, 33.830611506000082 ], [ -6.128629269999863, 33.831375313000137 ], [ -6.156890128999862, 33.831629916000111 ], [ -6.157908537999958, 33.826283267000122 ], [ -6.168856437999921, 33.823482641000226 ], [ -6.169661583999925, 33.823503286000062 ], [ -6.178785928999844, 33.823737242999982 ], [ -6.206028377999871, 33.822973436000098 ], [ -6.208829003999938, 33.823991846000183 ], [ -6.219522300999927, 33.830866109000056 ], [ -6.22792417799991, 33.837740371000052 ], [ -6.229960996999864, 33.849961283000141 ], [ -6.229955959999813, 33.850272123000082 ], [ -6.229496224999878, 33.878641375000086 ], [ -6.224342072999946, 33.876228793000166 ], [ -6.201704790999884, 33.865632619000223 ], [ -6.199787722999929, 33.866020599000194 ], [ -6.196687723999901, 33.870220599000049 ], [ -6.194187723999903, 33.872520599000097 ], [ -6.193787723999947, 33.872920599000167 ], [ -6.190187723999884, 33.877020599000105 ], [ -6.186987722999959, 33.879620599000134 ], [ -6.182787723999922, 33.883020599000076 ], [ -6.177658301999884, 33.886328368000079 ], [ -6.172487722999904, 33.888220599000078 ], [ -6.169886744999928, 33.891190204000225 ], [ -6.168026377999922, 33.893251272000043 ], [ -6.165365768999948, 33.896306045000074 ], [ -6.160687722999853, 33.899820599000122 ], [ -6.154087723999908, 33.904520599000136 ], [ -6.15178772399986, 33.905820599000037 ], [ -6.140414846999874, 33.914531440000189 ], [ -6.137526074999869, 33.916888383000071 ], [ -6.135673667999924, 33.918112019000091 ], [ -6.133599963999927, 33.919148871000232 ], [ -6.131287723999947, 33.922420599000077 ], [ -6.129316934999906, 33.923907793000183 ], [ -6.121687723999912, 33.928520599000137 ], [ -6.120132152999815, 33.929187027000182 ], [ -6.11597126199996, 33.93155625300011 ], [ -6.113406080999937, 33.933229197000173 ], [ -6.106987723999907, 33.937520598999924 ], [ -6.104287722999857, 33.940120599000124 ], [ -6.099087723999958, 33.944320599000037 ], [ -6.096452124999928, 33.946641693000231 ], [ -6.088568029999863, 33.941911236000237 ], [ -6.078515808999953, 33.935998165000115 ], [ -6.078121603999932, 33.933632937000141 ], [ -6.070237509999856, 33.933435834000079 ], [ -6.078121603999932, 33.923383613000169 ], [ -6.074770863999959, 33.919047361000196 ], [ -6.073785351999959, 33.907615424000142 ], [ -6.075559273999886, 33.903082069000106 ], [ -6.077136092999922, 33.900913942999978 ], [ -6.07559159099992, 33.898581031000049 ], [ -6.073588249999887, 33.896577691000175 ], [ -6.080387722999888, 33.893020599000238 ], [ -6.08265495899991, 33.89145302899999 ], [ -6.082457856999952, 33.885145753000018 ], [ -6.081474923999906, 33.882134980000046 ], [ -6.08028972999989, 33.876867453999978 ], [ -6.079698422999911, 33.874502225000128 ], [ -6.079698422999911, 33.866223926000202 ] ] ] ] } },
{ "type": "Feature", "properties": { "Code_Commu": "04.281.09.09.", "Code_Provi": "04.281.", "CODE_REGIO": "04.", "nom": "Commune de Sidi Allal Tazi", "Marocains_": 22265, "Etrangers_": 1, "Populati_1": 22266, "Menages_": 4185, "nom_arabe": "Ш¬Щ…Ш§Ш№Ш© ШіЩЉШЇЩЉ Ш№Щ„Ш§Щ„ Ш§Щ„ШЄШ§ШІЩЉ" }, "geometry": { "type": "MultiPolygon", "coordinates": [ [ [ [ -6.209749745999943, 34.583289093000019 ], [ -6.207596660999855, 34.580122791000235 ], [ -6.198987722999959, 34.585420599000201 ], [ -6.195392968999897, 34.582365057000118 ], [ -6.195858432999955, 34.578796501000113 ], [ -6.195439134999901, 34.577957904000073 ], [ -6.195487723999918, 34.577520599000081 ], [ -6.19318772399987, 34.571820599000034 ], [ -6.191887722999866, 34.568220599000085 ], [ -6.19385860899996, 34.564278829000102 ], [ -6.196479131999865, 34.561727266999981 ], [ -6.201289551999935, 34.558158246000175 ], [ -6.204764845999932, 34.556420599000035 ], [ -6.207187722999947, 34.556420599000035 ], [ -6.209187722999957, 34.560220599000047 ], [ -6.211287723999931, 34.565520599000138 ], [ -6.211582887999896, 34.568914986000095 ], [ -6.211531091999802, 34.570417059000079 ], [ -6.212772490999953, 34.571968807000076 ], [ -6.214169064999908, 34.572899856000106 ], [ -6.218203610999865, 34.572589507000089 ], [ -6.221307107999905, 34.571192933000191 ], [ -6.222122437999928, 34.569562271999985 ], [ -6.222287723999955, 34.569420599000068 ], [ -6.222687723999911, 34.564120598999978 ], [ -6.220887723999908, 34.559220599000241 ], [ -6.216587723999851, 34.552720599000168 ], [ -6.212787723999952, 34.549320599000225 ], [ -6.209287723999921, 34.548720598999921 ], [ -6.203087722999896, 34.548620599000174 ], [ -6.202287722999813, 34.546920599000202 ], [ -6.203787723999937, 34.542920599000183 ], [ -6.207087723999848, 34.540420599000129 ], [ -6.209887723999884, 34.53952059900007 ], [ -6.213387723999915, 34.539620598999988 ], [ -6.21668772299995, 34.541120599000124 ], [ -6.219187722999948, 34.543920598999989 ], [ -6.22058772299988, 34.54922059900008 ], [ -6.221587722999914, 34.553220598999928 ], [ -6.223487722999948, 34.554620599000145 ], [ -6.228600325999935, 34.556851553000172 ], [ -6.228600325999935, 34.557072022000227 ], [ -6.235272844999884, 34.56017551900004 ], [ -6.237445291999961, 34.559399644000223 ], [ -6.239152215999923, 34.558158246000175 ], [ -6.240083264999953, 34.556916847000082 ], [ -6.240255005999927, 34.556229883000242 ], [ -6.240887723999947, 34.555620599000122 ], [ -6.240387722999913, 34.550520599000038 ], [ -6.235487722999835, 34.543420599000171 ], [ -6.236487722999868, 34.540120598999977 ], [ -6.24208772399993, 34.538420599000176 ], [ -6.24268772399995, 34.538420599000176 ], [ -6.24858772399989, 34.537720599000181 ], [ -6.253387722999946, 34.53462059899999 ], [ -6.253687723999803, 34.530820599000037 ], [ -6.252687723999941, 34.526020599000049 ], [ -6.249287722999895, 34.520120599000222 ], [ -6.24858772399989, 34.519120599000075 ], [ -6.24608772299996, 34.516220599000121 ], [ -6.242787722999878, 34.513020599000185 ], [ -6.242987722999885, 34.510820599000226 ], [ -6.245587723999904, 34.510020599000143 ], [ -6.248287722999919, 34.510720599000138 ], [ -6.251904998999919, 34.512529237000194 ], [ -6.257618022999907, 34.516726561000041 ], [ -6.262611094999954, 34.520471365000105 ], [ -6.263487723999901, 34.521320599000035 ], [ -6.269787723999912, 34.527520599000184 ], [ -6.271587723999914, 34.529820599000232 ], [ -6.274618088999887, 34.531119327000226 ], [ -6.274687255999936, 34.5313129970001 ], [ -6.275043973999857, 34.531301849000045 ], [ -6.275249558999917, 34.531295425000224 ], [ -6.279652851999913, 34.531157822000125 ], [ -6.283377047999863, 34.528519849000077 ], [ -6.285239145999924, 34.526192227000024 ], [ -6.286015019999923, 34.524019779000241 ], [ -6.285549495999931, 34.521071457000176 ], [ -6.284817584999871, 34.520287266000025 ], [ -6.284687723999866, 34.519720598999982 ], [ -6.279287722999925, 34.512220599000102 ], [ -6.278487722999955, 34.508520599000178 ], [ -6.278987723999876, 34.505720599000142 ], [ -6.279987723999909, 34.504820599000084 ], [ -6.281487722999941, 34.505320599000072 ], [ -6.282288561999849, 34.50585449200014 ], [ -6.28368739799987, 34.507571245000122 ], [ -6.287411593999934, 34.509278168000094 ], [ -6.290204740999911, 34.5097436920002 ], [ -6.293928937999851, 34.509278168000094 ], [ -6.294524492999926, 34.509145822000107 ], [ -6.295387722999919, 34.509620599000073 ], [ -6.295387722999919, 34.511420599000132 ], [ -6.293887723999887, 34.514720598999986 ], [ -6.292187723999916, 34.517920599000092 ], [ -6.292287722999959, 34.519820599000241 ], [ -6.294187722999936, 34.523020599000176 ], [ -6.297387722999872, 34.524120599000071 ], [ -6.299587723999934, 34.524220598999989 ], [ -6.300318258999937, 34.523964912000224 ], [ -6.300446280999893, 34.524019779000241 ], [ -6.301501660999918, 34.52355072099999 ], [ -6.303821913999855, 34.522519497000076 ], [ -6.306032575999893, 34.521536981000168 ], [ -6.30727397499993, 34.517657610000242 ], [ -6.30727397499993, 34.51408858799999 ], [ -6.306959583999856, 34.512430889000086 ], [ -6.307187722999913, 34.510320599000238 ], [ -6.307287723999934, 34.507120599000189 ], [ -6.30758772299987, 34.504620599000077 ], [ -6.308787722999853, 34.503020599000195 ], [ -6.312487722999947, 34.502820599000188 ], [ -6.318087723999895, 34.504720599000166 ], [ -6.319787722999877, 34.50972059899999 ], [ -6.319787722999877, 34.512220599000102 ], [ -6.323787723999942, 34.517420599000104 ], [ -6.326670643999876, 34.519067597000117 ], [ -6.331087723999872, 34.520920599000135 ], [ -6.331487723999942, 34.520720599000128 ], [ -6.336087722999935, 34.522720599000195 ], [ -6.336887723999951, 34.525020599000072 ], [ -6.331587723999917, 34.532320599000116 ], [ -6.330287723999959, 34.535720599000058 ], [ -6.33138772399991, 34.536720599000034 ], [ -6.332887722999942, 34.537420599000029 ], [ -6.331887723999898, 34.538320599000087 ], [ -6.330787722999901, 34.539620598999988 ], [ -6.326787722999882, 34.543720598999926 ], [ -6.324087722999934, 34.546220599000037 ], [ -6.317887723999888, 34.551620599000103 ], [ -6.3114877229998, 34.557220599000175 ], [ -6.305287723999925, 34.562720599000102 ], [ -6.298987723999915, 34.568220599000085 ], [ -6.292787723999936, 34.573520599000233 ], [ -6.304087723999942, 34.582020599000089 ], [ -6.306987722999793, 34.584420599000225 ], [ -6.307287723999934, 34.585420599000201 ], [ -6.30398772399991, 34.590720599000122 ], [ -6.299087723999946, 34.597920599000076 ], [ -6.294987722999906, 34.603720598999985 ], [ -6.293087723999804, 34.607620599000086 ], [ -6.293387723999956, 34.610120599000197 ], [ -6.291487722999932, 34.616320599000176 ], [ -6.28938772399988, 34.623020599000085 ], [ -6.288887722999903, 34.625020599000038 ], [ -6.288087723999922, 34.628620598999987 ], [ -6.287787723999941, 34.629420599000127 ], [ -6.287387723999871, 34.63022059900004 ], [ -6.287187722999931, 34.631420599000023 ], [ -6.289271067999948, 34.64127732500009 ], [ -6.272460146999947, 34.641843985000037 ], [ -6.239782738999907, 34.640899551000075 ], [ -6.222027384999876, 34.638632910000183 ], [ -6.209183085999939, 34.631644101000234 ], [ -6.205034330999865, 34.629091021000193 ], [ -6.20458772399985, 34.626020599000185 ], [ -6.205487722999919, 34.618920598999978 ], [ -6.204460916999949, 34.615588726999988 ], [ -6.223448565999888, 34.614266802000145 ], [ -6.225427345999947, 34.595755618000055 ], [ -6.222216270999866, 34.594622298000104 ], [ -6.218249649999962, 34.592733430000123 ], [ -6.214849687999958, 34.59141122300008 ], [ -6.211687723999944, 34.590420599000197 ], [ -6.209938632999922, 34.586311281000178 ], [ -6.209749745999943, 34.583289093000019 ] ] ] ] } },
{ "type": "Feature", "properties": { "Code_Commu": "04.481.03.15.", "Code_Provi": "04.481.", "CODE_REGIO": "04.", "nom": "Commune de Sidi Ameur Al Hadi", "Marocains_": 11703, "Etrangers_": 0, "Populati_1": 11703, "Menages_": 2352, "nom_arabe": "Ш¬Щ…Ш§Ш№Ш© ШіЩЉШЇЩЉ Ш§Ш№Щ…Ш± Ш§Щ„Ш­Ш§Ш¶ЩЉ" }, "geometry": { "type": "MultiPolygon", "coordinates": [ [ [ [ -5.822993818999862, 34.833748765000166 ], [ -5.817015068999922, 34.828624123000168 ], [ -5.81388772299988, 34.830220599000143 ], [ -5.811087722999844, 34.833120599000097 ], [ -5.808359813999914, 34.834771702000182 ], [ -5.800371933999884, 34.835466301000167 ], [ -5.793955850999851, 34.83562279099999 ], [ -5.792883396999855, 34.835648948000085 ], [ -5.792790061999938, 34.835651224000117 ], [ -5.791387723999947, 34.834720598999922 ], [ -5.789646358999903, 34.833986911000181 ], [ -5.786317731999929, 34.830288435999933 ], [ -5.784363065999912, 34.825238883000225 ], [ -5.785023265999939, 34.814939768000102 ], [ -5.783887723999953, 34.812320599000202 ], [ -5.784587722999959, 34.811120599000049 ], [ -5.784787722999909, 34.81022059899999 ], [ -5.786317731999929, 34.80920713200004 ], [ -5.786502654999936, 34.806618200000059 ], [ -5.785687723999956, 34.805420599000229 ], [ -5.783487723999883, 34.8041205990001 ], [ -5.785023265999939, 34.802364955000144 ], [ -5.78761219799992, 34.797187091000183 ], [ -5.787797120999926, 34.792933845000164 ], [ -5.787242349999929, 34.788680600000077 ], [ -5.783913722999955, 34.782763041000123 ], [ -5.782619256999908, 34.780359032000035 ], [ -5.790201129999957, 34.779249490000097 ], [ -5.813316594999947, 34.770742998999935 ], [ -5.817965458999936, 34.76692059900023 ], [ -5.826887723999903, 34.760720599000081 ], [ -5.833288355999912, 34.755949101000169 ], [ -5.838187722999919, 34.754420599000184 ], [ -5.839387722999959, 34.753720599000189 ], [ -5.851780727999881, 34.748367229000053 ], [ -5.859547523999936, 34.745223526000132 ], [ -5.87100811699986, 34.741354260000094 ], [ -5.878409743999953, 34.739675814000123 ], [ -5.890059937999865, 34.767784219000134 ], [ -5.888331309999955, 34.773594946000117 ], [ -5.882518081999876, 34.794102723000094 ], [ -5.893308416999901, 34.815260243000239 ], [ -5.89965567299987, 34.829435782000132 ], [ -5.888580547999936, 34.831028130999982 ], [ -5.880387723999945, 34.828120599000101 ], [ -5.873971574999928, 34.826035191000187 ], [ -5.865087722999931, 34.829320599000084 ], [ -5.863161989999924, 34.830195933000198 ], [ -5.861941389999913, 34.834991360000231 ], [ -5.859732447999932, 34.84230847800012 ], [ -5.851965651999933, 34.846006953000142 ], [ -5.848050224999952, 34.846692475000168 ], [ -5.840500380999913, 34.848226037000245 ], [ -5.829404957999941, 34.852109435000045 ], [ -5.828562842999872, 34.847992429000101 ], [ -5.828110491999951, 34.844897410000101 ], [ -5.824596941999914, 34.835096453000119 ], [ -5.822993818999862, 34.833748765000166 ] ] ] ] } },
{ "type": "Feature", "properties": { "Code_Commu": "04.481.03.17.", "Code_Provi": "04.481.", "CODE_REGIO": "04.", "nom": "Commune de Sidi Azzouz", "Marocains_": 14483, "Etrangers_": 1, "Populati_1": 14484, "Menages_": 3188, "nom_arabe": "Ш¬Щ…Ш§Ш№Ш© ШіЩЉШЇЩЉ Ш№ШІЩ€ШІ" }, "geometry": { "type": "MultiPolygon", "coordinates": [ [ [ [ -5.701019320999933, 34.61603097699998 ], [ -5.695484568999916, 34.612426953000238 ], [ -5.688791379999941, 34.612813098000117 ], [ -5.688741299999947, 34.612851017000139 ], [ -5.686169242999938, 34.613546167000095 ], [ -5.682020753999893, 34.614667380000242 ], [ -5.675178575999894, 34.615591998000184 ], [ -5.675533718999873, 34.612169523000034 ], [ -5.675791148999849, 34.608308068000042 ], [ -5.674890142999914, 34.601614879000181 ], [ -5.672444554999913, 34.595050405999984 ], [ -5.668969245999961, 34.588228502999982 ], [ -5.665837812999939, 34.58322041800011 ], [ -5.664587088999895, 34.580302062000044 ], [ -5.663926346999858, 34.580357123000113 ], [ -5.663987723999867, 34.579620599000066 ], [ -5.663387723999961, 34.579320599000141 ], [ -5.662865342999908, 34.579494726000235 ], [ -5.66112744499992, 34.577939764000178 ], [ -5.661087722999923, 34.577820599000177 ], [ -5.661087722999923, 34.577416284000037 ], [ -5.658677121999858, 34.577215401000046 ], [ -5.658087723999927, 34.577720599000088 ], [ -5.658087723999927, 34.578220599000076 ], [ -5.658170703999872, 34.578345069000079 ], [ -5.657479790999901, 34.578596310000137 ], [ -5.658048374999908, 34.580444208000131 ], [ -5.658048374999908, 34.582434251000166 ], [ -5.655631893999953, 34.582434251000166 ], [ -5.654400748999876, 34.580979262000142 ], [ -5.652772445999915, 34.580911416000049 ], [ -5.649528689999897, 34.582713503000036 ], [ -5.649519617999943, 34.582718543000055 ], [ -5.649456106999935, 34.582745762000116 ], [ -5.646329775999902, 34.584085618000131 ], [ -5.645587722999892, 34.583820598999978 ], [ -5.644887723999943, 34.58372059900023 ], [ -5.644187722999959, 34.58372059900023 ], [ -5.644187722999959, 34.584389752999982 ], [ -5.643123049999872, 34.585135024000067 ], [ -5.64468665499993, 34.587125066999988 ], [ -5.644296558999883, 34.587671202000138 ], [ -5.64408772399986, 34.587420599000097 ], [ -5.64368772399996, 34.586920599000109 ], [ -5.642787722999856, 34.586820599000191 ], [ -5.642647109999928, 34.586961212000176 ], [ -5.642554465999922, 34.586840776000201 ], [ -5.64013798499991, 34.588972964999925 ], [ -5.63857437899992, 34.589115111000183 ], [ -5.638290086999859, 34.587551505000079 ], [ -5.639285108999957, 34.584850732000177 ], [ -5.638687722999919, 34.584492301000125 ], [ -5.638687722999919, 34.583820598999978 ], [ -5.637187723999944, 34.582020599000089 ], [ -5.636876160999918, 34.581778272000179 ], [ -5.638147940999829, 34.579022748000114 ], [ -5.638147940999829, 34.577032705000192 ], [ -5.634807806999959, 34.576747784000133 ], [ -5.633783485999913, 34.576583892000087 ], [ -5.631458055999929, 34.575390580000146 ], [ -5.630898496999862, 34.574047639000128 ], [ -5.62862416199988, 34.571631158000116 ], [ -5.627204273999951, 34.572941824000168 ], [ -5.626981990999923, 34.573306063000246 ], [ -5.624207427999863, 34.571720599000116 ], [ -5.624113889999933, 34.571667149000177 ], [ -5.623900089999836, 34.571720599000116 ], [ -5.622474975999864, 34.572076877000143 ], [ -5.622062442999948, 34.571720599000116 ], [ -5.621687723999912, 34.571720599000116 ], [ -5.621287723999956, 34.57192059900018 ], [ -5.621087723999949, 34.571120599000039 ], [ -5.620931887999916, 34.570731008000223 ], [ -5.617681150999886, 34.567856673000165 ], [ -5.618022214999939, 34.567414743000199 ], [ -5.619442983999932, 34.565685111000107 ], [ -5.619387723999864, 34.565120599000124 ], [ -5.619387723999864, 34.563720599000078 ], [ -5.617987723999931, 34.56322059900009 ], [ -5.615545802999861, 34.562649835000116 ], [ -5.615515466999909, 34.561798869000086 ], [ -5.617787723999925, 34.562320599000088 ], [ -5.618709596999906, 34.56278153500017 ], [ -5.618958236999958, 34.560543774000223 ], [ -5.617598427999951, 34.558164107000039 ], [ -5.616151714999887, 34.557292615000051 ], [ -5.614364352999814, 34.556398934000129 ], [ -5.613887723999881, 34.556420599000035 ], [ -5.613706471999933, 34.556692477000126 ], [ -5.612419522999915, 34.556421541000134 ], [ -5.611993084999881, 34.559264460000236 ], [ -5.610776581999858, 34.559545191000097 ], [ -5.609587723999937, 34.559120598999982 ], [ -5.609287723999955, 34.559720599000229 ], [ -5.608987723999917, 34.560420599000224 ], [ -5.608987723999917, 34.5608179030001 ], [ -5.607870851999905, 34.561823087000107 ], [ -5.60517007899989, 34.559122314000035 ], [ -5.600763554999958, 34.560543774000223 ], [ -5.599484240999914, 34.562249525000027 ], [ -5.592803380999953, 34.561680941000077 ], [ -5.590754896999897, 34.560315285000229 ], [ -5.589107585999955, 34.559264460000236 ], [ -5.582000287999961, 34.545192010000108 ], [ -5.583421747999864, 34.538937588000238 ], [ -5.582426725999881, 34.534104626000044 ], [ -5.582719601999941, 34.530372022000108 ], [ -5.582995309999944, 34.528276641000048 ], [ -5.579299514999946, 34.524012263000145 ], [ -5.577735909999888, 34.518895008000129 ], [ -5.581573849999927, 34.518895008000129 ], [ -5.588254709999887, 34.516052089000198 ], [ -5.61597317199994, 34.511076981000144 ], [ -5.620237550999946, 34.513493461999985 ], [ -5.625354804999915, 34.512356294000199 ], [ -5.629477037999948, 34.512498440000229 ], [ -5.634736437999891, 34.519463592000136 ], [ -5.641133005999961, 34.519747884000196 ], [ -5.645823822999887, 34.519179300000019 ], [ -5.646955528999911, 34.51936399400023 ], [ -5.649244403999944, 34.520737319000091 ], [ -5.648099965999904, 34.524742850000109 ], [ -5.654165484999851, 34.525086182000109 ], [ -5.658514347999812, 34.519249549999984 ], [ -5.668356510999956, 34.519707325000127 ], [ -5.678770891999932, 34.520279544000118 ], [ -5.684264191999887, 34.522797306000086 ], [ -5.694335242999955, 34.53412723800011 ], [ -5.692587723999907, 34.537820599000099 ], [ -5.692046367999922, 34.539162762999979 ], [ -5.687010842999939, 34.543626070000016 ], [ -5.683348641999885, 34.546830495000222 ], [ -5.681975316999853, 34.550950470000146 ], [ -5.682661979999921, 34.553582676000133 ], [ -5.687175120999939, 34.555042810000145 ], [ -5.690558598999928, 34.556100439000033 ], [ -5.695594123999854, 34.556214882000177 ], [ -5.704635180999958, 34.553124901000047 ], [ -5.706580723999934, 34.553697120000038 ], [ -5.707725161999917, 34.555184889000088 ], [ -5.709098486999949, 34.553239345000236 ], [ -5.712531799999908, 34.551179357000137 ], [ -5.712531799999908, 34.55130116800018 ], [ -5.712987723999959, 34.551020599000196 ], [ -5.713044673999889, 34.551088939000124 ], [ -5.71310401799991, 34.550950470000146 ], [ -5.71356179299994, 34.551179357000137 ], [ -5.714573476999931, 34.553321744000073 ], [ -5.717223992999948, 34.552438239000026 ], [ -5.721115080999937, 34.556901545000017 ], [ -5.724090618999924, 34.556672657000092 ], [ -5.727752818999875, 34.555184889000088 ], [ -5.731186130999902, 34.554612670000097 ], [ -5.731952264999961, 34.555260938000117 ], [ -5.732687723999959, 34.5558832480001 ], [ -5.734161668999889, 34.557130432000235 ], [ -5.733932780999908, 34.558503757000096 ], [ -5.736450543999922, 34.559419308000088 ], [ -5.738364105999892, 34.55892319899999 ], [ -5.738787723999849, 34.558720599000083 ], [ -5.739087723999887, 34.558520599000076 ], [ -5.739287723999951, 34.55792059900017 ], [ -5.740487723999934, 34.557120599000029 ], [ -5.740664465999885, 34.55713238200002 ], [ -5.741257181999913, 34.555184889000088 ], [ -5.741636516999961, 34.554859744000112 ], [ -5.741587722999896, 34.554420599000139 ], [ -5.74268772399995, 34.552720599000168 ], [ -5.742787722999878, 34.552120599000034 ], [ -5.743036699999948, 34.551705638000101 ], [ -5.745720487999961, 34.550721582000222 ], [ -5.746521593999944, 34.548089376000178 ], [ -5.748966134999932, 34.545557531000043 ], [ -5.74918772399991, 34.545520599000042 ], [ -5.749192758999868, 34.545518585000195 ], [ -5.752358225999956, 34.545342726000115 ], [ -5.753731550999873, 34.543282738000244 ], [ -5.752887723999947, 34.540920599000117 ], [ -5.754987722999886, 34.53952059900007 ], [ -5.754487651999909, 34.538520455000082 ], [ -5.75428772399988, 34.538120599000081 ], [ -5.754792832999954, 34.535697534000235 ], [ -5.755587723999895, 34.53522059900007 ], [ -5.755835445999878, 34.535076094000146 ], [ -5.757394030999876, 34.533727853000016 ], [ -5.757290367999929, 34.531706415000144 ], [ -5.757282474999954, 34.531689051000114 ], [ -5.757248788999959, 34.530641453000101 ], [ -5.756769687999906, 34.5293068040001 ], [ -5.756449955999926, 34.528063401000168 ], [ -5.757611894999854, 34.526465735000102 ], [ -5.759209453999915, 34.5274673790002 ], [ -5.762187028999961, 34.529334270999982 ], [ -5.764439473999914, 34.52986394900006 ], [ -5.766527419999932, 34.530377650000048 ], [ -5.767524685999888, 34.530677763000085 ], [ -5.767270510999936, 34.527845537000076 ], [ -5.768534196999951, 34.527981177000072 ], [ -5.768563312999959, 34.527984302000107 ], [ -5.768868176999945, 34.52802709000008 ], [ -5.769797314999948, 34.52739358700012 ], [ -5.769828289999907, 34.527409694000141 ], [ -5.771409363999908, 34.526416120000192 ], [ -5.771773024999959, 34.526211561000025 ], [ -5.771979360999921, 34.525857840000185 ], [ -5.771988679999936, 34.525862225000083 ], [ -5.772390304999874, 34.525158554000029 ], [ -5.773968056999934, 34.524603421999927 ], [ -5.773963842999876, 34.524567607000108 ], [ -5.776433225999824, 34.526734078000175 ], [ -5.776461994999806, 34.526782531000038 ], [ -5.778263713999934, 34.528199052000105 ], [ -5.78350140799995, 34.534791323000093 ], [ -5.784205632999942, 34.535450207999986 ], [ -5.786622684999941, 34.53464452399993 ], [ -5.787145032999888, 34.530986311999982 ], [ -5.787226947999898, 34.530112551000229 ], [ -5.789039736999882, 34.529709709000088 ], [ -5.792262473999926, 34.532831735000173 ], [ -5.794187723999869, 34.53382059900008 ], [ -5.795167062999894, 34.534339073000183 ], [ -5.796906598999954, 34.533882430000119 ], [ -5.798707945999865, 34.533536707999929 ], [ -5.799815760999934, 34.530716814000243 ], [ -5.799707891999901, 34.52859868500019 ], [ -5.799787723999941, 34.528420599000185 ], [ -5.799487723999903, 34.526220599000055 ], [ -5.798087723999913, 34.523620599000083 ], [ -5.797560670999871, 34.523189374000196 ], [ -5.797503985999924, 34.523060803000135 ], [ -5.796827225999948, 34.521525799000131 ], [ -5.796803556999862, 34.521023238000168 ], [ -5.796862308999948, 34.51826188400014 ], [ -5.797787722999942, 34.517420599000104 ], [ -5.799987723999891, 34.515420598999981 ], [ -5.800080277999882, 34.514883785000166 ], [ -5.799211497999863, 34.51319318700007 ], [ -5.800845487999879, 34.512000213000135 ], [ -5.801587723999944, 34.510920599000144 ], [ -5.801768127999935, 34.510353614999985 ], [ -5.803441338999903, 34.5076541090001 ], [ -5.802838837999957, 34.506083554000043 ], [ -5.805254127999888, 34.503424268000117 ], [ -5.806704126999875, 34.498640954000109 ], [ -5.806862983999849, 34.498532263000129 ], [ -5.806966206999959, 34.497180217000164 ], [ -5.809987521999915, 34.49607240099999 ], [ -5.813008836999813, 34.495669559000191 ], [ -5.815325178999956, 34.498690874000147 ], [ -5.817209918999936, 34.495756609000125 ], [ -5.818126866999876, 34.493826191000096 ], [ -5.820047257999875, 34.492921182000089 ], [ -5.817594902999929, 34.49160068000009 ], [ -5.817087723999862, 34.491520599000125 ], [ -5.816952633999961, 34.49125041800005 ], [ -5.818850045999852, 34.488720533999981 ], [ -5.823897208999938, 34.490502929000115 ], [ -5.824045694999938, 34.490555367000184 ], [ -5.827108307999936, 34.487109166000039 ], [ -5.830523429999914, 34.48890001400008 ], [ -5.830538625999907, 34.488893757000199 ], [ -5.833535425999912, 34.487669447000144 ], [ -5.838599987999885, 34.489307982000071 ], [ -5.84471441799991, 34.487369261000197 ], [ -5.848293596999952, 34.484834009000224 ], [ -5.859925926999949, 34.478421314000116 ], [ -5.867829945999915, 34.474693003000084 ], [ -5.869023004999917, 34.472157752000044 ], [ -5.86678601899996, 34.4699207660002 ], [ -5.865691657999889, 34.469631082000035 ], [ -5.86278772299994, 34.468220599000119 ], [ -5.859287723999898, 34.466720599000041 ], [ -5.85878772399991, 34.465620599000147 ], [ -5.860187722999854, 34.464020599000094 ], [ -5.862587722999933, 34.461820599000134 ], [ -5.875287723999918, 34.457720599000197 ], [ -5.880887723999933, 34.456620599000132 ], [ -5.884287723999932, 34.456920599000057 ], [ -5.885087723999959, 34.458020599000122 ], [ -5.885387722999837, 34.46012059899999 ], [ -5.884787722999931, 34.463720599000112 ], [ -5.882187722999902, 34.469420598999932 ], [ -5.878087722999794, 34.475820599000144 ], [ -5.876787723999939, 34.47862059900018 ], [ -5.876749190999874, 34.479160063999984 ], [ -5.875733964999881, 34.481553096000084 ], [ -5.877523553999936, 34.486027068999988 ], [ -5.880807324999921, 34.48481085700007 ], [ -5.881487723999896, 34.484920599000077 ], [ -5.882587722999801, 34.484420599000089 ], [ -5.882787722999922, 34.483520599000087 ], [ -5.882487723999873, 34.481820599000116 ], [ -5.882387722999852, 34.476720599000203 ], [ -5.882487723999873, 34.473620599000185 ], [ -5.883329221999929, 34.471276425000042 ], [ -5.885977802999889, 34.469175827000129 ], [ -5.887358337999899, 34.469355897000128 ], [ -5.892436797999892, 34.471113825000089 ], [ -5.89934897899991, 34.470677266000109 ], [ -5.899787723999907, 34.470720599000231 ], [ -5.905687723999904, 34.470720599000231 ], [ -5.906927723999956, 34.470720599000231 ], [ -5.912187723999921, 34.469820599000172 ], [ -5.914587722999897, 34.469720599000084 ], [ -5.916487723999921, 34.469320599000014 ], [ -5.917887723999911, 34.469320599000014 ], [ -5.918687723999938, 34.469720599000084 ], [ -5.91869578599983, 34.469733002000112 ], [ -5.919429768999919, 34.469771633000221 ], [ -5.920026298999858, 34.470368163000046 ], [ -5.920473695999931, 34.473499944000082 ], [ -5.919877165999878, 34.47558779799999 ], [ -5.918087576999937, 34.478719579000199 ], [ -5.914210133999916, 34.479912639000133 ], [ -5.910034425999925, 34.479465241000071 ], [ -5.905262187999881, 34.478272182000012 ], [ -5.901533876999849, 34.478421314000116 ], [ -5.900042551999945, 34.480360035999922 ], [ -5.899278239999944, 34.483321746000229 ], [ -5.900087722999956, 34.485120599000084 ], [ -5.901887723999835, 34.486420599000041 ], [ -5.905087723999941, 34.487320599000043 ], [ -5.908287723999933, 34.487420599000188 ], [ -5.911487722999937, 34.487120599000036 ], [ -5.913787723999917, 34.487420599000188 ], [ -5.913986140999953, 34.487530831000072 ], [ -5.914359265999849, 34.487518393000073 ], [ -5.915552325999954, 34.487816657999986 ], [ -5.915999722999857, 34.491395835999981 ], [ -5.914061000999936, 34.496466339000222 ], [ -5.914043091999872, 34.49649021800019 ], [ -5.91169237299988, 34.506584166000096 ], [ -5.911187723999888, 34.506920599000125 ], [ -5.908918009999923, 34.507054112000105 ], [ -5.90561984999988, 34.506401728000128 ], [ -5.901255556999843, 34.506829600000174 ], [ -5.897832582999854, 34.507685344000095 ], [ -5.896783218999815, 34.508594792000167 ], [ -5.896287283999925, 34.508770545000061 ], [ -5.900181468999961, 34.51159497000009 ], [ -5.902331142999913, 34.513175862000139 ], [ -5.900976349999894, 34.514954720999981 ], [ -5.889500063999833, 34.511015100000236 ], [ -5.885480134999909, 34.521170709999978 ], [ -5.870035144999918, 34.52857584200018 ], [ -5.852051252999956, 34.534076797000125 ], [ -5.840587722999942, 34.557120599000029 ], [ -5.840087723999886, 34.559220599000241 ], [ -5.839587722999909, 34.560320599000136 ], [ -5.839356739999914, 34.562216299000113 ], [ -5.837387723999939, 34.561220599000194 ], [ -5.826873802999899, 34.55629219399998 ], [ -5.818622369999957, 34.553541715999984 ], [ -5.807832034999933, 34.554176442000085 ], [ -5.802887722999913, 34.557220599000175 ], [ -5.787309239999956, 34.557561645000135 ], [ -5.786415967999858, 34.558480222000185 ], [ -5.786414757999864, 34.558516517000101 ], [ -5.78453212199986, 34.561682769000072 ], [ -5.784516148999899, 34.561687332000133 ], [ -5.784360973999924, 34.561939492000079 ], [ -5.782748521999906, 34.56340077599998 ], [ -5.782679053999857, 34.563385339000035 ], [ -5.781023572999914, 34.565191317000085 ], [ -5.780487722999908, 34.56599509300014 ], [ -5.780487722999908, 34.566320599000107 ], [ -5.779887722999945, 34.567620599000179 ], [ -5.779687722999881, 34.56892059900008 ], [ -5.779387723999946, 34.570220599000038 ], [ -5.779037205999884, 34.570264414000178 ], [ -5.778320066999868, 34.571220599000128 ], [ -5.778487722999898, 34.571220599000128 ], [ -5.777942895999956, 34.572208414999977 ], [ -5.77828519399992, 34.573235308000164 ], [ -5.778870254999958, 34.57838385100024 ], [ -5.777906333999852, 34.578902885000048 ], [ -5.776830428999915, 34.580081257000188 ], [ -5.776287723999928, 34.581641535000131 ], [ -5.776287723999928, 34.581820599000196 ], [ -5.77618772299985, 34.582220599000095 ], [ -5.775987722999901, 34.583020599000179 ], [ -5.775887723999915, 34.583520599000167 ], [ -5.772287400999915, 34.592894704000173 ], [ -5.766151719999925, 34.594164155000101 ], [ -5.761285489999864, 34.595645182000169 ], [ -5.753034056999923, 34.595222031000048 ], [ -5.749225702999922, 34.599030385000049 ], [ -5.745628924999949, 34.600722986999926 ], [ -5.742394677999869, 34.6059215840001 ], [ -5.740762694999944, 34.611301747000198 ], [ -5.738437343999919, 34.5957701600002 ], [ -5.726307252999902, 34.5957701600002 ], [ -5.713488929999869, 34.5980929440002 ], [ -5.713488929999869, 34.598265002000232 ], [ -5.713660987999901, 34.6059215840001 ], [ -5.716241858999922, 34.608846570000196 ], [ -5.716758032999905, 34.613234050000131 ], [ -5.713833046999923, 34.616245065000101 ], [ -5.715278007999927, 34.620755094000174 ], [ -5.714583353999956, 34.621367841000165 ], [ -5.712370552999914, 34.6234715020002 ], [ -5.708487723999951, 34.623920599000144 ], [ -5.704865940999866, 34.62475639500019 ], [ -5.701687732999915, 34.617951484000173 ], [ -5.701437744999907, 34.616701541000225 ], [ -5.701314859999798, 34.616618297000116 ], [ -5.701019320999933, 34.61603097699998 ] ] ] ] } },
{ "type": "Feature", "properties": { "Code_Commu": "04.291.03.17.", "Code_Provi": "04.291.", "CODE_REGIO": "04.", "nom": "Commune de Sidi El Rhandour", "Marocains_": 7644, "Etrangers_": 0, "Populati_1": 7644, "Menages_": 2089, "nom_arabe": "Ш¬Щ…Ш§Ш№Ш© ШіЩЉШЇЩЉ Ш§Щ„ШєЩ†ШЇЩ€Ш±" }, "geometry": { "type": "MultiPolygon", "coordinates": [ [ [ [ -6.068519760999948, 33.932737998999983 ], [ -6.063930233999884, 33.9308735030001 ], [ -6.05821426499989, 33.9328445270001 ], [ -6.038701129999879, 33.929493787000183 ], [ -6.030028625999876, 33.928902480000204 ], [ -6.026287723999815, 33.93112059900011 ], [ -6.025043265999955, 33.932157647000111 ], [ -6.019385097999873, 33.93146481000008 ], [ -6.01741407399993, 33.928311173000168 ], [ -6.012289411999859, 33.921609692000175 ], [ -6.011501002999921, 33.916090826000072 ], [ -6.007687722999947, 33.907920599000079 ], [ -6.010587723999947, 33.904220598999984 ], [ -6.011895207999942, 33.901505250000127 ], [ -6.003616907999856, 33.900322636000169 ], [ -5.998886450999862, 33.900519738000128 ], [ -5.994944403999909, 33.895789281000134 ], [ -5.988637127999937, 33.889679108000223 ], [ -5.983709568999927, 33.89105882400014 ], [ -5.977796497999861, 33.885342856000079 ], [ -5.970934109999916, 33.865932104000024 ], [ -5.961239897999917, 33.844148459999928 ], [ -5.944289093999942, 33.821875892000094 ], [ -5.939148329999909, 33.81409130600008 ], [ -5.935287723999863, 33.812620599000184 ], [ -5.929703490999941, 33.812455398000111 ], [ -5.926787722999961, 33.805520599000147 ], [ -5.928687723999928, 33.800620599000069 ], [ -5.932487722999952, 33.800820599000133 ], [ -5.9423877239999, 33.805820599000128 ], [ -5.943723701999943, 33.806649827000172 ], [ -5.948187722999933, 33.809420599000077 ], [ -5.956287723999878, 33.814420599000073 ], [ -5.95778772299991, 33.814620599000079 ], [ -5.961528456999872, 33.816011383999978 ], [ -5.968953704999933, 33.815584787000091 ], [ -5.970287723999888, 33.817920599000104 ], [ -5.974144163999938, 33.818699063000224 ], [ -5.976220346999924, 33.817141924999987 ], [ -5.982967943999938, 33.817401448000226 ], [ -5.999058365999872, 33.81999667700012 ], [ -6.007103576999953, 33.818699063000224 ], [ -6.028330324999956, 33.819449770000233 ], [ -6.030062209999926, 33.82124700899999 ], [ -6.03503941699995, 33.826412036000079 ], [ -6.050229814999909, 33.843627820000222 ], [ -6.051748854999914, 33.845020273000046 ], [ -6.065673385999958, 33.850463499000114 ], [ -6.073521758999902, 33.849830566000037 ], [ -6.077530296999896, 33.85833983100008 ], [ -6.079501320999952, 33.863070288000245 ], [ -6.079698422999911, 33.866223926000202 ], [ -6.079698422999911, 33.874502225000128 ], [ -6.08028972999989, 33.876867453999978 ], [ -6.081474923999906, 33.882134980000046 ], [ -6.082457856999952, 33.885145753000018 ], [ -6.08265495899991, 33.89145302899999 ], [ -6.080387722999888, 33.893020599000238 ], [ -6.073588249999887, 33.896577691000175 ], [ -6.07559159099992, 33.898581031000049 ], [ -6.077136092999922, 33.900913942999978 ], [ -6.075559273999886, 33.903082069000106 ], [ -6.073785351999959, 33.907615424000142 ], [ -6.074770863999959, 33.919047361000196 ], [ -6.078121603999932, 33.923383613000169 ], [ -6.070237509999856, 33.933435834000079 ], [ -6.068519760999948, 33.932737998999983 ] ] ] ] } },
{ "type": "Feature", "properties": { "Code_Commu": "04.281.09.13.", "Code_Provi": "04.281.", "CODE_REGIO": "04.", "nom": "Commune de Sidi Mohamed Lahmar", "Marocains_": 52676, "Etrangers_": 3, "Populati_1": 52679, "Menages_": 9739, "nom_arabe": "Ш¬Щ…Ш§Ш№Ш© ШіЩЉШЇЩЉ Щ…Ш­Щ…ШЇ Щ„Ш­Щ…Ш±" }, "geometry": { "type": "MultiPolygon", "coordinates": [ [ [ [ -6.289887722999879, 34.755320599000243 ], [ -6.288787723999917, 34.758220599000197 ], [ -6.287087508999946, 34.760042494000174 ], [ -6.270708652999929, 34.759790512000109 ], [ -6.269766213999901, 34.759410229000196 ], [ -6.269387723999955, 34.75942059900018 ], [ -6.260787723999897, 34.758820599000103 ], [ -6.25428772399988, 34.758320599000115 ], [ -6.250985811999954, 34.757935375999921 ], [ -6.247485308999956, 34.759827540000174 ], [ -6.242195928999934, 34.763635894000174 ], [ -6.237541273999909, 34.765116920000139 ], [ -6.23649715699986, 34.765182177000099 ], [ -6.229712991999861, 34.76575164600024 ], [ -6.22188470899988, 34.764693770000122 ], [ -6.221633299999951, 34.766404977000036 ], [ -6.222307859999944, 34.771464176000222 ], [ -6.221673133999957, 34.777176707000081 ], [ -6.215325877999874, 34.779292459000203 ], [ -6.210248072999946, 34.78035033499998 ], [ -6.204609771999912, 34.778428187000088 ], [ -6.197765135999873, 34.776118831000133 ], [ -6.195240154999851, 34.778049452000118 ], [ -6.194168357999899, 34.779504034000183 ], [ -6.187397950999923, 34.783100812000043 ], [ -6.179358092999905, 34.784581839000111 ], [ -6.177030765999916, 34.788178617000199 ], [ -6.16412467899994, 34.792833272000109 ], [ -6.147709766999867, 34.807361946000185 ], [ -6.162432076999949, 34.807220385999983 ], [ -6.16708673099987, 34.810605589000033 ], [ -6.169202483999868, 34.814837093000222 ], [ -6.169586369999934, 34.824626183000134 ], [ -6.169625633999885, 34.825627428000132 ], [ -6.158829609999941, 34.82836384400008 ], [ -6.152687723999918, 34.82992059899999 ], [ -6.145506060999935, 34.824781128000097 ], [ -6.135168395999926, 34.818504689000122 ], [ -6.125406415999919, 34.813356067000086 ], [ -6.120540186999904, 34.809759288000123 ], [ -6.11292347899996, 34.808489837000138 ], [ -6.109751496999934, 34.811308646000043 ], [ -6.104248895999945, 34.818645447000222 ], [ -6.098324789999879, 34.823088526000049 ], [ -6.091765958999872, 34.819703323000169 ], [ -6.088592330999916, 34.811240315000134 ], [ -6.086899728999924, 34.801084705000108 ], [ -6.09322959099984, 34.800751553999987 ], [ -6.09959424099992, 34.80023840400014 ], [ -6.105095196999912, 34.79664162600011 ], [ -6.11313505399994, 34.798757378000175 ], [ -6.116520257999923, 34.79685320100009 ], [ -6.119401185999891, 34.796391317000086 ], [ -6.130061070999943, 34.795583749999935 ], [ -6.138100928999904, 34.790717520000044 ], [ -6.145506060999935, 34.78944806900023 ], [ -6.142967157999919, 34.774426229000085 ], [ -6.140005104999886, 34.769348423999929 ], [ -6.124387722999927, 34.769120599000189 ], [ -6.112587722999876, 34.769720599000095 ], [ -6.105734320999943, 34.769934767999985 ], [ -6.105941496999947, 34.767655822999984 ], [ -6.107422523999901, 34.763212743000224 ], [ -6.109115125999949, 34.759827540000174 ], [ -6.1332346989999, 34.752422408000143 ], [ -6.13818772399992, 34.747220599000229 ], [ -6.14328772399989, 34.744920599000181 ], [ -6.1452877239999, 34.741120599000169 ], [ -6.146687723999946, 34.739620599000091 ], [ -6.148387723999917, 34.739420599000198 ], [ -6.151487722999889, 34.739320599000109 ], [ -6.152887723999925, 34.738420599000051 ], [ -6.153787722999937, 34.73792059900012 ], [ -6.157187723999925, 34.737120598999979 ], [ -6.158587723999915, 34.736820599000225 ], [ -6.15928772299992, 34.73672059900008 ], [ -6.159587723999948, 34.734420599000032 ], [ -6.159087722999914, 34.732820598999979 ], [ -6.160087722999947, 34.732220599000073 ], [ -6.160087722999947, 34.730920599000171 ], [ -6.159087722999914, 34.730920599000171 ], [ -6.157187723999925, 34.730720599000165 ], [ -6.15708772399995, 34.728620599000124 ], [ -6.157187723999925, 34.726620599000228 ], [ -6.159387723999941, 34.726120599000069 ], [ -6.161587723999958, 34.725020599000175 ], [ -6.163087723999922, 34.722620598999981 ], [ -6.163487723999879, 34.722020599000075 ], [ -6.164987722999911, 34.721920598999986 ], [ -6.167287723999891, 34.721920598999986 ], [ -6.167987723999886, 34.721620599000232 ], [ -6.167987723999886, 34.720720599000174 ], [ -6.167987723999886, 34.719520599000191 ], [ -6.169187723999869, 34.718920599000114 ], [ -6.170887722999851, 34.718120599000144 ], [ -6.171087722999914, 34.716520598999921 ], [ -6.171187723999878, 34.715020599000184 ], [ -6.170187723999959, 34.714120599000125 ], [ -6.169487722999918, 34.713420599000131 ], [ -6.171487722999927, 34.710620599000094 ], [ -6.171987723999905, 34.708720599000117 ], [ -6.174587722999945, 34.707520599000134 ], [ -6.175887723999949, 34.706820599000082 ], [ -6.176087723999956, 34.705620599000099 ], [ -6.177487723999889, 34.702720599000145 ], [ -6.179087723999942, 34.701320598999928 ], [ -6.182187723999846, 34.701020599000174 ], [ -6.184987723999882, 34.700920599000085 ], [ -6.186087723999947, 34.699920599000109 ], [ -6.186487723999903, 34.69902059900005 ], [ -6.188587722999955, 34.694320599000037 ], [ -6.19658772299988, 34.675120599000195 ], [ -6.199787722999929, 34.667420599000081 ], [ -6.200387722999892, 34.666220599000098 ], [ -6.205487722999919, 34.656320599000082 ], [ -6.206787723999923, 34.655520599000113 ], [ -6.207787722999853, 34.655620599000031 ], [ -6.213287722999951, 34.658420599000067 ], [ -6.216787723999857, 34.65962059900005 ], [ -6.218231541999955, 34.660909723000145 ], [ -6.211599842999874, 34.660970011000188 ], [ -6.212443789999895, 34.662020599000243 ], [ -6.213814789999901, 34.665252242000179 ], [ -6.211009189999857, 34.667467189000035 ], [ -6.213814789999901, 34.670715779000091 ], [ -6.233601651999834, 34.678541926000037 ], [ -6.235521272999961, 34.68046154699999 ], [ -6.235894878999943, 34.681171398000174 ], [ -6.286887723999826, 34.686120598999935 ], [ -6.28874630599995, 34.687501162000046 ], [ -6.289300795999907, 34.689303255000198 ], [ -6.289300795999907, 34.691382593000128 ], [ -6.292211868999914, 34.693600554000227 ], [ -6.300251976999959, 34.697343363000016 ], [ -6.306689913999946, 34.700838242000088 ], [ -6.307487723999941, 34.701020599000174 ], [ -6.311387723999871, 34.700320599000179 ], [ -6.314391477999891, 34.699145456000167 ], [ -6.314730783999892, 34.694282059000045 ], [ -6.321088292999946, 34.694824773000164 ], [ -6.321387723999919, 34.697020598999984 ], [ -6.321187723999913, 34.700420599000097 ], [ -6.321087723999881, 34.70162059900008 ], [ -6.320687723999924, 34.702620599000227 ], [ -6.320787723999956, 34.70342059900014 ], [ -6.328287723999949, 34.713320599000042 ], [ -6.331487723999942, 34.717220599000143 ], [ -6.332566347999887, 34.718679914000177 ], [ -6.326728884999909, 34.722988535000241 ], [ -6.320075001999953, 34.723681647000035 ], [ -6.319819624999866, 34.72466667499998 ], [ -6.318333324999912, 34.731064519000199 ], [ -6.311791072999938, 34.731670283000199 ], [ -6.304222310999933, 34.732576413000231 ], [ -6.290867244999845, 34.73282839600023 ], [ -6.293279765999955, 34.736527594999927 ], [ -6.294898962999923, 34.738623991000225 ], [ -6.29608772399996, 34.742620599000134 ], [ -6.295787722999933, 34.746820598999989 ], [ -6.295287723999934, 34.752620599000124 ], [ -6.292587723999929, 34.753220599000201 ], [ -6.289887722999879, 34.755320599000243 ] ] ] ] } },
{ "type": "Feature", "properties": { "Code_Commu": "04.491.01.07.", "Code_Provi": "04.491.", "CODE_REGIO": "04.", "nom": "Commune de Sidi Slimane", "Marocains_": 95082, "Etrangers_": 32, "Populati_1": 95114, "Menages_": 24198, "nom_arabe": "Ш¬Щ…Ш§Ш№Ш© ШіЩЉШЇЩЉ ШіЩ„ЩЉЩ…Ш§Щ†" }, "geometry": { "type": "MultiPolygon", "coordinates": [ [ [ [ -5.9008240799999, 34.272497864000229 ], [ -5.900439650999942, 34.264040417999979 ], [ -5.89994566199988, 34.258112556000128 ], [ -5.899759384999925, 34.250546267000175 ], [ -5.900699173999897, 34.245354766999981 ], [ -5.905889631999912, 34.244057151999982 ], [ -5.908225338999898, 34.246652381999979 ], [ -5.924315760999946, 34.247949996000045 ], [ -5.933658585999922, 34.248988088000146 ], [ -5.937850643999923, 34.249586953000176 ], [ -5.939887723999902, 34.250020599000038 ], [ -5.94026275199991, 34.250630610000144 ], [ -5.940526654999928, 34.250234756000225 ], [ -5.941184750999923, 34.249247610999987 ], [ -5.941773174999923, 34.250620599000115 ], [ -5.941963319999957, 34.251064271000018 ], [ -5.943076040999927, 34.249432281000168 ], [ -5.945856163999906, 34.245354766999981 ], [ -5.947413301999859, 34.247949996000045 ], [ -5.950008530999924, 34.25002618000002 ], [ -5.949553962999801, 34.251086838999981 ], [ -5.949587722999922, 34.251120599000103 ], [ -5.94988772399995, 34.25132059900011 ], [ -5.94988772399995, 34.251420599000198 ], [ -5.949687723999944, 34.251820599000098 ], [ -5.949087723999924, 34.252520599000093 ], [ -5.94868772399991, 34.25292059899999 ], [ -5.948387722999939, 34.253220599000088 ], [ -5.947987651999938, 34.253714805000129 ], [ -5.950008530999924, 34.255735684000115 ], [ -5.947987722999869, 34.260420599000042 ], [ -5.94808772399989, 34.261020599000119 ], [ -5.948187722999933, 34.261820599000089 ], [ -5.948337729999878, 34.262645635000126 ], [ -5.948487723999961, 34.263620598999978 ], [ -5.948587722999946, 34.264120599000137 ], [ -5.94868772399991, 34.264820599000132 ], [ -5.949087723999924, 34.267220599000098 ], [ -5.948587722999946, 34.267320599000016 ], [ -5.948587722999946, 34.269820599000127 ], [ -5.948587722999946, 34.271584746000144 ], [ -5.938849044999927, 34.26974992300012 ], [ -5.938787722999905, 34.270520599000122 ], [ -5.938762818999919, 34.270945503000121 ], [ -5.938687723999919, 34.27102059900011 ], [ -5.937087723999866, 34.270720599000185 ], [ -5.932487722999952, 34.270020599000134 ], [ -5.931187723999926, 34.272420598999929 ], [ -5.930287722999878, 34.272320599000182 ], [ -5.929187723999917, 34.272920599000088 ], [ -5.9008240799999, 34.272497864000229 ] ] ] ] } },
{ "type": "Feature", "properties": { "Code_Commu": "04.491.01.09.", "Code_Provi": "04.491.", "CODE_REGIO": "04.", "nom": "Commune de Sidi Yahia El Gharb", "Marocains_": 39935, "Etrangers_": 11, "Populati_1": 39946, "Menages_": 8666, "nom_arabe": "Ш¬Щ…Ш§Ш№Ш© ШіЩЉШЇЩЉ ЩЉШ­ЩЉЩ‰ Ш§Щ„ШєШ±ШЁ" }, "geometry": { "type": "MultiPolygon", "coordinates": [ [ [ [ -6.289841922999926, 34.323587930000031 ], [ -6.289751132999868, 34.315144523000185 ], [ -6.278947204999895, 34.315961627000092 ], [ -6.262968284999943, 34.31741425600012 ], [ -6.26432387199992, 34.30667383399998 ], [ -6.265328806999946, 34.298711657000126 ], [ -6.287209032999954, 34.30379585899999 ], [ -6.291839287999892, 34.295443242000147 ], [ -6.301916901999959, 34.292719562000229 ], [ -6.305820841999946, 34.292265616000122 ], [ -6.309361625999941, 34.292628773000104 ], [ -6.313356355999929, 34.291993247999983 ], [ -6.318622135999931, 34.291720880000184 ], [ -6.319166871999926, 34.29462613800024 ], [ -6.318349767999905, 34.296623503000035 ], [ -6.318472071999906, 34.300344407000239 ], [ -6.318260885999848, 34.302079145000221 ], [ -6.318176537999875, 34.302917067000124 ], [ -6.323615547999907, 34.30706427400014 ], [ -6.324069494999947, 34.309969532000196 ], [ -6.323887915999933, 34.314327419999984 ], [ -6.31780503199991, 34.31459978700002 ], [ -6.316533981999953, 34.31741425600012 ], [ -6.31308398799996, 34.32258924700011 ], [ -6.31117934699995, 34.322671087000117 ], [ -6.289841922999926, 34.323587930000031 ] ] ] ] } },
{ "type": "Feature", "properties": { "Code_Commu": "04.501.03.11.", "Code_Provi": "04.501.", "CODE_REGIO": "04.", "nom": "Commune de Sidi Yahya Zaer", "Marocains_": 115820, "Etrangers_": 829, "Populati_1": 116649, "Menages_": 29368, "nom_arabe": "Ш¬Щ…Ш§Ш№Ш© ШіЩЉШЇЩЉ ЩЉШ­ЩЉЩ‰ ШІШ№ЩЉШ±" }, "geometry": { "type": "MultiPolygon", "coordinates": [ [ [ [ -6.856673395999849, 33.801322668000182 ], [ -6.857569009999906, 33.800368102999983 ], [ -6.850665862999904, 33.800702126000147 ], [ -6.840645166999877, 33.798809328000232 ], [ -6.837025127999937, 33.799357239000187 ], [ -6.836987723999869, 33.799020599000016 ], [ -6.838551536999944, 33.796018164000202 ], [ -6.839086391999956, 33.795023732000175 ], [ -6.839086391999956, 33.790236065999977 ], [ -6.835813390999874, 33.788716440000201 ], [ -6.831249812999943, 33.787499486000229 ], [ -6.827598950999857, 33.785978294000131 ], [ -6.822731135999959, 33.779589285000043 ], [ -6.824860804999958, 33.775025708000044 ], [ -6.825773519999814, 33.770766369000114 ], [ -6.825870426999927, 33.770654555000135 ], [ -6.825692468999932, 33.769975082000144 ], [ -6.826990473999956, 33.76559431499993 ], [ -6.831858289999957, 33.757988353000144 ], [ -6.831622349999861, 33.756651358000113 ], [ -6.831887722999909, 33.756420599000137 ], [ -6.832303753999952, 33.755172507000225 ], [ -6.831554051999888, 33.752816299000131 ], [ -6.828207427999928, 33.750382391000187 ], [ -6.818776034999928, 33.755858682999985 ], [ -6.818895225999938, 33.754428392000023 ], [ -6.818167557999857, 33.754813628000136 ], [ -6.818167557999857, 33.747035767000227 ], [ -6.81390821999986, 33.737908613000172 ], [ -6.804781064999872, 33.725130595999929 ], [ -6.795653909999942, 33.713873772000056 ], [ -6.792915763999929, 33.711744103000171 ], [ -6.785309801999915, 33.714482249000071 ], [ -6.781463638999924, 33.717423432000146 ], [ -6.779787723999959, 33.717620599000043 ], [ -6.778287722999949, 33.718420599000126 ], [ -6.77738772399988, 33.719820599000172 ], [ -6.776878211999929, 33.72071224400014 ], [ -6.7679682079999, 33.718437350000045 ], [ -6.763404630999958, 33.716611919000229 ], [ -6.747279990999857, 33.705355095000186 ], [ -6.735267495999892, 33.700374304000093 ], [ -6.735989462999953, 33.6933366250002 ], [ -6.73632740599993, 33.691968600999985 ], [ -6.737787723999872, 33.687520598999981 ], [ -6.740387722999799, 33.681120599000167 ], [ -6.741587722999952, 33.680720599000097 ], [ -6.741787722999902, 33.679720599000177 ], [ -6.741187722999882, 33.678220599000042 ], [ -6.74268772399995, 33.673520599000199 ], [ -6.742508403999921, 33.672384908000083 ], [ -6.74589849899985, 33.664851364000242 ], [ -6.747887722999849, 33.659220599000037 ], [ -6.74789871299987, 33.658967841000106 ], [ -6.753973237999958, 33.646332828000141 ], [ -6.75519019199993, 33.632946334999986 ], [ -6.756871882999917, 33.622015344000204 ], [ -6.757719426999927, 33.618218152999987 ], [ -6.758841053999959, 33.61317083300014 ], [ -6.759058784999922, 33.604963710000106 ], [ -6.758703228999821, 33.598741489000133 ], [ -6.758787723999944, 33.597220599000082 ], [ -6.758787723999944, 33.594620599000052 ], [ -6.758787723999944, 33.59122059900011 ], [ -6.759487722999893, 33.590120599000045 ], [ -6.762987722999924, 33.579620599000123 ], [ -6.760431214999869, 33.563838595000107 ], [ -6.759145291999914, 33.559016383000085 ], [ -6.759787723999921, 33.552420599000186 ], [ -6.762287723999918, 33.552320599000097 ], [ -6.763287723999952, 33.552220599000179 ], [ -6.763687723999851, 33.551520599000185 ], [ -6.763287723999952, 33.551020599000196 ], [ -6.761641442999917, 33.548305169999935 ], [ -6.76754060199994, 33.549779960000137 ], [ -6.771375054999908, 33.557891303000076 ], [ -6.77358723999987, 33.562020715000131 ], [ -6.784353204999888, 33.562610631000098 ], [ -6.796593959999882, 33.562020715000131 ], [ -6.803377991999866, 33.568214832000081 ], [ -6.809867066999914, 33.570721974000037 ], [ -6.816356141999904, 33.571901806000142 ], [ -6.827564543999927, 33.568657269000198 ], [ -6.849096473999907, 33.571606848000044 ], [ -6.853373364999925, 33.571901806000142 ], [ -6.863008130999958, 33.5681549520001 ], [ -6.863469480999925, 33.568366404000187 ], [ -6.873135546999833, 33.568952227000239 ], [ -6.881099411999912, 33.572344243000089 ], [ -6.890095628999859, 33.573966512000084 ], [ -6.892239294999854, 33.573966512000084 ], [ -6.892492162999929, 33.573966512000084 ], [ -6.892602771999918, 33.573966512000084 ], [ -6.892618957999957, 33.57397730299999 ], [ -6.894225040999856, 33.574113991000104 ], [ -6.901001468999937, 33.573029762000203 ], [ -6.901068196999859, 33.573074247000079 ], [ -6.908088063999912, 33.572196764000012 ], [ -6.913456813999915, 33.578581224000175 ], [ -6.913482991999956, 33.578572225000244 ], [ -6.917231760999925, 33.583110208000107 ], [ -6.926227977999872, 33.584142561000135 ], [ -6.936256547999903, 33.580455587000074 ], [ -6.937107678999894, 33.579630248000115 ], [ -6.949382176999961, 33.565117773000225 ], [ -6.950267050999912, 33.557448867000232 ], [ -6.945400244999917, 33.549779960000137 ], [ -6.944957807999913, 33.548010212000236 ], [ -6.945400244999917, 33.546682901000111 ], [ -6.94775990799991, 33.544175758999984 ], [ -6.950709487999916, 33.542258532000233 ], [ -6.953587723999931, 33.543220599000165 ], [ -6.956987722999941, 33.543320599000083 ], [ -6.958487723999895, 33.543720598999982 ], [ -6.95938772299985, 33.544820599000047 ], [ -6.959687723999878, 33.546720599000196 ], [ -6.960087723999948, 33.54782059900009 ], [ -6.960287723999954, 33.549520599000232 ], [ -6.961087723999924, 33.551320599000121 ], [ -6.962187723999875, 33.552520598999934 ], [ -6.964572510999858, 33.554646766000133 ], [ -6.966194779999853, 33.556858951000095 ], [ -6.968554443999892, 33.558628698000234 ], [ -6.972093938999933, 33.560398446000136 ], [ -6.974306123999895, 33.562758110000118 ], [ -6.975043517999893, 33.565117773000225 ], [ -6.976075870999864, 33.566592563000029 ], [ -6.979467887999931, 33.568214832000081 ], [ -6.980500240999845, 33.568509790000121 ], [ -6.980500240999845, 33.569542142000103 ], [ -6.979815320999933, 33.57052059900019 ], [ -6.976387723999835, 33.57052059900019 ], [ -6.974087722999855, 33.571420599000191 ], [ -6.973928436999927, 33.571802886000114 ], [ -6.972536375999937, 33.572344243000089 ], [ -6.972241417999953, 33.574113991000104 ], [ -6.974306123999895, 33.574851385000045 ], [ -6.977403181999932, 33.573819033000234 ], [ -6.977687723999907, 33.57397711200008 ], [ -6.977687723999907, 33.574220599000228 ], [ -6.977587723999932, 33.576520599000105 ], [ -6.978054655999927, 33.576792975999979 ], [ -6.977845618999936, 33.577211049000027 ], [ -6.97843553499996, 33.577800965000165 ], [ -6.980647719999865, 33.577948444000015 ], [ -6.981827550999867, 33.578833318000079 ], [ -6.983744777999959, 33.580455587000074 ], [ -6.984227283999928, 33.581420599000182 ], [ -6.983987723999917, 33.581420599000182 ], [ -6.981787722999854, 33.581320599000094 ], [ -6.980587722999871, 33.581920599000171 ], [ -6.980587722999871, 33.582420598999988 ], [ -6.981387722999898, 33.582920599000147 ], [ -6.982087723999939, 33.583420599000078 ], [ -6.983387723999897, 33.583820598999978 ], [ -6.985887722999905, 33.584020598999984 ], [ -6.986587723999946, 33.584020598999984 ], [ -6.987587723999866, 33.584520599000143 ], [ -6.987587723999866, 33.58552059900012 ], [ -6.987587723999866, 33.586320599000089 ], [ -6.987587723999866, 33.587520599000072 ], [ -6.987487722999958, 33.588220599000238 ], [ -6.987187723999909, 33.589120599000125 ], [ -6.986687722999932, 33.589920599000038 ], [ -6.987087722999888, 33.590020599000127 ], [ -6.987592384999914, 33.590308977000177 ], [ -6.988021667999931, 33.59181146800006 ], [ -6.989643936999926, 33.591074073000073 ], [ -6.990823768999917, 33.590631636000182 ], [ -6.992151079999871, 33.59136903100017 ], [ -6.992003600999851, 33.592843820000041 ], [ -6.990823768999917, 33.595350963000101 ], [ -6.992003600999851, 33.596383316000185 ], [ -6.992298557999845, 33.598005584000077 ], [ -6.992446036999866, 33.599480374000109 ], [ -6.992382, 33.600248818000068 ], [ -6.991187722999939, 33.600920599000176 ], [ -6.990087723999864, 33.601520599000082 ], [ -6.989487723999957, 33.602320599000166 ], [ -6.989518720999854, 33.602475587000185 ], [ -6.988611583999955, 33.603019870000196 ], [ -6.990381331999913, 33.604937096000015 ], [ -6.991561163999961, 33.607001802000184 ], [ -6.991856121999831, 33.609066508000126 ], [ -6.992888473999869, 33.610098860000107 ], [ -6.993773347999934, 33.60995138100003 ], [ -6.994845677999933, 33.609320599000057 ], [ -6.995387723999897, 33.609320599000057 ], [ -6.998263130999874, 33.608781459999989 ], [ -7.000852338999948, 33.613343397999927 ], [ -7.002262864999864, 33.614149413000121 ], [ -7.002298098999859, 33.614209814999981 ], [ -7.003949396999872, 33.614818188000129 ], [ -7.004686791999916, 33.622487094000121 ], [ -7.003654439999934, 33.626763983999979 ], [ -7.002179649999903, 33.629566085000079 ], [ -6.998197716999869, 33.63104087500011 ], [ -7.003359481999951, 33.64121692399999 ], [ -7.00542418699996, 33.651687931000083 ], [ -7.013683009999852, 33.65478499000011 ], [ -7.01501032099992, 33.671302635000131 ], [ -7.018992252999851, 33.678824061999933 ], [ -7.029168301999903, 33.682953474000044 ], [ -7.026218722999943, 33.688852633000238 ], [ -7.027988469999912, 33.692539607000128 ], [ -7.021646873999941, 33.702863135000086 ], [ -7.024596453999834, 33.709352210000077 ], [ -7.025628806999919, 33.716578680000225 ], [ -7.027103595999961, 33.722330360000058 ], [ -7.028430906999915, 33.727639603000171 ], [ -7.030495612999857, 33.73412867799999 ], [ -7.032560317999923, 33.737373215000105 ], [ -7.032876621999947, 33.737814123000192 ], [ -7.03289823699987, 33.73784425299999 ], [ -7.037427124999908, 33.744157248000192 ], [ -7.038459476999947, 33.752563550000104 ], [ -7.03602315899991, 33.752563550000104 ], [ -7.033740149999915, 33.751678676000097 ], [ -7.026956116999941, 33.752858508000202 ], [ -7.025820001999818, 33.754079881999985 ], [ -7.023859058999903, 33.755955566000125 ], [ -7.022326156999839, 33.75705049600009 ], [ -7.018187723999915, 33.760320599000238 ], [ -7.011287723999828, 33.76552059900007 ], [ -7.010287723999852, 33.766320598999982 ], [ -7.008388578999927, 33.767672532000233 ], [ -6.998050237999848, 33.776012707000064 ], [ -6.989201499999922, 33.781764387000067 ], [ -6.986797905999822, 33.781707158000245 ], [ -6.98477713099993, 33.782501781000178 ], [ -6.981680071999961, 33.78471396600014 ], [ -6.974158644999875, 33.788253461000181 ], [ -6.97369960899988, 33.790321309000035 ], [ -6.972388896999917, 33.794152620000034 ], [ -6.968554443999892, 33.800641695000081 ], [ -6.966402676999849, 33.803133214000241 ], [ -6.966087722999816, 33.803920599000094 ], [ -6.963687722999907, 33.805720598999983 ], [ -6.960887723999861, 33.807420599000125 ], [ -6.957487723999918, 33.809420599000077 ], [ -6.957213055999944, 33.811111459000188 ], [ -6.959238934999803, 33.814584394000178 ], [ -6.961525913999935, 33.815820599000062 ], [ -6.963773044999868, 33.816899684000077 ], [ -6.965987723999888, 33.818420599000092 ], [ -6.965894689999914, 33.818699702000174 ], [ -6.966281275999904, 33.819118504000187 ], [ -6.966763627999853, 33.819890267000176 ], [ -6.967245979999916, 33.821240853000177 ], [ -6.968307154999934, 33.821433794000086 ], [ -6.969368328999906, 33.821819676000246 ], [ -6.970043621999935, 33.822302028000138 ], [ -6.970787722999944, 33.822920599000099 ], [ -6.968687723999892, 33.823320599000169 ], [ -6.967587722999951, 33.823720599000183 ], [ -6.966487723999933, 33.824320599000089 ], [ -6.965987723999888, 33.824620599000241 ], [ -6.964975433999882, 33.8247893140001 ], [ -6.961021157999937, 33.826017074999982 ], [ -6.961020977999908, 33.826017131000128 ], [ -6.951617771999906, 33.828958487000136 ], [ -6.947721658999853, 33.830858308000074 ], [ -6.942838963999918, 33.833299655000189 ], [ -6.935989563999954, 33.840631406999989 ], [ -6.93440378899993, 33.841034570000033 ], [ -6.9302978099999, 33.84207846400011 ], [ -6.925787722999928, 33.845220599000129 ], [ -6.916406068999891, 33.851821976000167 ], [ -6.90948772299987, 33.856620599000109 ], [ -6.909202493999942, 33.856686421000234 ], [ -6.902969521999864, 33.861145995000243 ], [ -6.902176916999849, 33.860165091999988 ], [ -6.902087800999936, 33.860054805000232 ], [ -6.88553553499986, 33.839570233000131 ], [ -6.874441436999859, 33.825485551000043 ], [ -6.858325506999961, 33.808880872000088 ], [ -6.858369302999847, 33.808838444000116 ], [ -6.853763460999858, 33.804232603000173 ], [ -6.856673395999849, 33.801322668000182 ] ] ] ] } },
{ "type": "Feature", "properties": { "Code_Commu": "04.291.05.13.", "Code_Provi": "04.291.", "CODE_REGIO": "04.", "nom": "Commune de Tiddas", "Marocains_": 9013, "Etrangers_": 0, "Populati_1": 9013, "Menages_": 2795, "nom_arabe": "Ш¬Щ…Ш§Ш№Ш© ШЄЩЉШЇШ§Ші" }, "geometry": { "type": "MultiPolygon", "coordinates": [ [ [ [ -6.402487723999911, 33.706620599000075 ], [ -6.403187722999917, 33.704220599000109 ], [ -6.404287723999914, 33.702520599000138 ], [ -6.406687723999937, 33.700820599000167 ], [ -6.407787723999945, 33.699720599000102 ], [ -6.407387723999875, 33.698420599000201 ], [ -6.406587722999859, 33.697120599000073 ], [ -6.404633542999818, 33.696820909000166 ], [ -6.401850015999912, 33.697043592000227 ], [ -6.400736604999793, 33.696598227000038 ], [ -6.398732465999956, 33.696041522000087 ], [ -6.398437268999942, 33.695678202000238 ], [ -6.396791984999879, 33.695777916000111 ], [ -6.396728326999948, 33.695818840000129 ], [ -6.3958375979999, 33.696152863000123 ], [ -6.392052001999957, 33.696041522000087 ], [ -6.391383954999924, 33.695930181000165 ], [ -6.390420993999896, 33.695402105000198 ], [ -6.389928150999879, 33.695593766000172 ], [ -6.389157133999959, 33.695373476000043 ], [ -6.386930312999937, 33.69637554500008 ], [ -6.386039583999946, 33.697377615000221 ], [ -6.38626226599996, 33.69849102500018 ], [ -6.386435519999907, 33.698887033000233 ], [ -6.386852638999869, 33.702084954000043 ], [ -6.386596288999897, 33.704392101999986 ], [ -6.38726433599993, 33.707955016000085 ], [ -6.387445002999868, 33.710725239999988 ], [ -6.386887722999859, 33.711220599000228 ], [ -6.386587723999924, 33.71212059900023 ], [ -6.38618772399991, 33.712420599000041 ], [ -6.386487722999959, 33.713320599000042 ], [ -6.38618772399991, 33.714020599000037 ], [ -6.385992691999945, 33.714104184000121 ], [ -6.385594219999859, 33.714635480000027 ], [ -6.384703490999868, 33.714635480000027 ], [ -6.383701421999945, 33.714635480000027 ], [ -6.378913755999918, 33.712631341000019 ], [ -6.376018887999919, 33.71252 ], [ -6.375016817999892, 33.711963295000203 ], [ -6.37423743099987, 33.711517930000184 ], [ -6.374053879999906, 33.710906095000098 ], [ -6.373387722999837, 33.710620598999924 ], [ -6.37316108199991, 33.710016221999922 ], [ -6.372344632999955, 33.709513791000177 ], [ -6.371899267999936, 33.708957086000225 ], [ -6.371899267999936, 33.708066357000178 ], [ -6.372344632999955, 33.707175629000176 ], [ -6.373301334999951, 33.705850964000092 ], [ -6.373047504999931, 33.704074149000235 ], [ -6.372369741999876, 33.703509347000079 ], [ -6.372257718999947, 33.703023914000141 ], [ -6.368447694999929, 33.700717847000192 ], [ -6.367556966999928, 33.699047731000235 ], [ -6.365552826999931, 33.698713708000184 ], [ -6.363103323999951, 33.696820909000166 ], [ -6.361989912999945, 33.696820909000166 ], [ -6.360097114999917, 33.695262134000245 ], [ -6.360097114999917, 33.694594088000201 ], [ -6.360163595999893, 33.694444507000185 ], [ -6.360062785999901, 33.693890056000043 ], [ -6.359044376999918, 33.692107840000233 ], [ -6.356813136999961, 33.691116178000243 ], [ -6.356752955999866, 33.69108943100008 ], [ -6.356537306999883, 33.690730016000089 ], [ -6.355225341999869, 33.688543407000054 ], [ -6.353697727999929, 33.684978975000035 ], [ -6.354461534999928, 33.682432952000113 ], [ -6.339450876999933, 33.681044652000196 ], [ -6.339949201999957, 33.664101584000036 ], [ -6.328746699999954, 33.654681298000241 ], [ -6.321108629999912, 33.65799112799999 ], [ -6.308123910999939, 33.649843854000039 ], [ -6.303286466999793, 33.650353058000235 ], [ -6.300995045999912, 33.651371467999923 ], [ -6.296157601999937, 33.653662889000088 ], [ -6.280881461999911, 33.65799112799999 ], [ -6.250535560999936, 33.661167917999933 ], [ -6.249329004999936, 33.659733094999979 ], [ -6.250187723999943, 33.65292059900014 ], [ -6.250074580999922, 33.649334649000082 ], [ -6.233780031999913, 33.644751806999977 ], [ -6.223118242999931, 33.649687928999981 ], [ -6.215500492999865, 33.639628238000171 ], [ -6.211348125999962, 33.631583027000204 ], [ -6.210050510999849, 33.626652091000039 ], [ -6.203821960999903, 33.624575907000235 ], [ -6.202210299999876, 33.625266619000172 ], [ -6.191439456999888, 33.631586110000171 ], [ -6.179633257999853, 33.629110617000094 ], [ -6.174495868999884, 33.628209229000106 ], [ -6.171381593999854, 33.62976636600024 ], [ -6.164633997999942, 33.627171137000175 ], [ -6.157367355999952, 33.620942586000069 ], [ -6.156588786999919, 33.617828311000039 ], [ -6.152436419999958, 33.610561669000106 ], [ -6.146986437999942, 33.60589025600018 ], [ -6.136345997999911, 33.599661706000177 ], [ -6.118957960999921, 33.589799834000075 ], [ -6.107279428999959, 33.584090329999981 ], [ -6.101829447999876, 33.576045119000185 ], [ -6.09560089699994, 33.568259431000115 ], [ -6.099380464999911, 33.565235777000225 ], [ -6.110134181999911, 33.556580898999982 ], [ -6.111691318999874, 33.551649963000045 ], [ -6.111172272999909, 33.54645950400004 ], [ -6.112210364999839, 33.537116679000121 ], [ -6.111172272999909, 33.533742879999977 ], [ -6.109355612999877, 33.532185743000184 ], [ -6.110912749999954, 33.529071467999984 ], [ -6.110393704999808, 33.527514330000145 ], [ -6.112210364999839, 33.526216715000146 ], [ -6.114546071999939, 33.526216715000146 ], [ -6.114546071999939, 33.524140532000047 ], [ -6.116622254999925, 33.522842917000048 ], [ -6.116881777999879, 33.521285780000085 ], [ -6.116103208999959, 33.520507211000222 ], [ -6.113248456999941, 33.521026257000187 ], [ -6.111915869999962, 33.518134325000176 ], [ -6.116362731999857, 33.517911981000111 ], [ -6.116362731999857, 33.514019137000048 ], [ -6.113787723999849, 33.51402059899999 ], [ -6.107787723999934, 33.515320599000063 ], [ -6.106787723999958, 33.512320599000191 ], [ -6.104932422999923, 33.512320599000191 ], [ -6.103386584999839, 33.514278660000116 ], [ -6.102862713999912, 33.511659302000112 ], [ -6.100787722999939, 33.510320599000124 ], [ -6.098506523999902, 33.505915524000045 ], [ -6.095341373999929, 33.504935835000083 ], [ -6.095762728999887, 33.502340605000086 ], [ -6.097936603999926, 33.502340605000086 ], [ -6.126224603999958, 33.498707283999977 ], [ -6.12985792499984, 33.495593009000117 ], [ -6.130051557999934, 33.495028244000196 ], [ -6.134010291999857, 33.491440641999986 ], [ -6.152436419999958, 33.47560974300012 ], [ -6.166969703999939, 33.465747872000122 ], [ -6.182281556999953, 33.45718361500019 ], [ -6.183293710999862, 33.456677538000122 ], [ -6.184987723999882, 33.455320599000231 ], [ -6.185782091999954, 33.454230289000236 ], [ -6.187991061999867, 33.452512201999923 ], [ -6.19032676799992, 33.44939792700012 ], [ -6.196814841999867, 33.439795578000087 ], [ -6.196923762999916, 33.439278200000103 ], [ -6.196987755999942, 33.43920291500018 ], [ -6.203821960999903, 33.440055100999984 ], [ -6.213424309999937, 33.447321743000089 ], [ -6.236002804999885, 33.445764606000125 ], [ -6.250536088999866, 33.450955064000084 ], [ -6.262993189999861, 33.448100312000122 ], [ -6.279862180999942, 33.451993156000185 ], [ -6.296212125999944, 33.463152642000125 ], [ -6.302700198999958, 33.464450257000124 ], [ -6.31437873099992, 33.464190734000226 ], [ -6.316195391999941, 33.464450257000124 ], [ -6.330900357999894, 33.477684727000224 ], [ -6.336987723999812, 33.479520599000239 ], [ -6.345974846999923, 33.479171585000131 ], [ -6.353047647999915, 33.482876385000054 ], [ -6.359895617999939, 33.479941541000244 ], [ -6.36009921099992, 33.479854287000137 ], [ -6.360228114999927, 33.480121644000121 ], [ -6.36706188699992, 33.494295394000119 ], [ -6.367321409999818, 33.500264421999987 ], [ -6.363688088999936, 33.510904862000018 ], [ -6.363198304999912, 33.522333146000221 ], [ -6.36298772299989, 33.523220599000012 ], [ -6.36238772299987, 33.52772059900002 ], [ -6.362447648999876, 33.529068925999979 ], [ -6.362587722999933, 33.532220599000027 ], [ -6.363688088999936, 33.53763572400004 ], [ -6.379259464999905, 33.574487981000175 ], [ -6.383671354999933, 33.584609376000117 ], [ -6.385488014999851, 33.596547431000147 ], [ -6.386785629999849, 33.604073595999978 ], [ -6.390159427999947, 33.61315689800017 ], [ -6.390678473999913, 33.620683063000172 ], [ -6.39483084099993, 33.625094953000144 ], [ -6.396480849999932, 33.62901372500005 ], [ -6.398587723999867, 33.631120599000099 ], [ -6.398352560999911, 33.631852216000141 ], [ -6.403395097999919, 33.637811577000036 ], [ -6.404692711999928, 33.645597265000106 ], [ -6.408845078999946, 33.651047247000236 ], [ -6.411699831999954, 33.653382953000175 ], [ -6.4091046019999, 33.658832935000135 ], [ -6.415852198999914, 33.666359100000136 ], [ -6.420783133999862, 33.670770990000108 ], [ -6.435056895999935, 33.672587650000139 ], [ -6.439987830999939, 33.676999540000168 ], [ -6.44180449199996, 33.680892384000231 ], [ -6.443102106999845, 33.683747137000069 ], [ -6.442739721999942, 33.684653098000126 ], [ -6.440930730999924, 33.686800213000083 ], [ -6.441432051999925, 33.687708605000125 ], [ -6.443621152999867, 33.690494733000037 ], [ -6.450109225999881, 33.693609008000237 ], [ -6.449221957999953, 33.694496276000109 ], [ -6.449387722999802, 33.694620599000189 ], [ -6.449087723999924, 33.697320599000136 ], [ -6.448687723999853, 33.698220599000138 ], [ -6.447787722999919, 33.702020598999979 ], [ -6.447731060999956, 33.702530559000081 ], [ -6.446735427999897, 33.703470880000168 ], [ -6.445956858999864, 33.705547063000097 ], [ -6.44751399699993, 33.706844678000095 ], [ -6.448552087999929, 33.70814229199999 ], [ -6.447773518999895, 33.709699430000171 ], [ -6.442842583999948, 33.713332751000166 ], [ -6.438171170999908, 33.7141113200002 ], [ -6.434841244999859, 33.714666308000119 ], [ -6.429907964999927, 33.716639620000137 ], [ -6.428237848999913, 33.71452413899999 ], [ -6.428487723999922, 33.714020599000037 ], [ -6.428719732999923, 33.713556579999931 ], [ -6.432023444999857, 33.713633410999989 ], [ -6.432787723999866, 33.713120599000035 ], [ -6.433887081999956, 33.71182135700019 ], [ -6.433388256999933, 33.710948412000164 ], [ -6.43211524499992, 33.710948412000164 ], [ -6.428805414999886, 33.710693810000237 ], [ -6.427023197999858, 33.709166196000126 ], [ -6.426288615999908, 33.708431614000119 ], [ -6.425454321999894, 33.708177698000043 ], [ -6.424406169999941, 33.707420699000238 ], [ -6.42040353799996, 33.706620173000033 ], [ -6.41658450299991, 33.70636557000023 ], [ -6.415069204999952, 33.706948377000231 ], [ -6.414487723999912, 33.707820599000058 ], [ -6.414187722999941, 33.708320599000047 ], [ -6.414187722999941, 33.712420599000041 ], [ -6.413634649999835, 33.713605757000039 ], [ -6.413652168999931, 33.714078775000075 ], [ -6.413318145999938, 33.715192186000081 ], [ -6.412650099999894, 33.715748891000089 ], [ -6.411623339999949, 33.715990482000052 ], [ -6.410728648999907, 33.71654966300008 ], [ -6.408182625999927, 33.717313470000136 ], [ -6.406655011999931, 33.717313470000136 ], [ -6.404872795999893, 33.715785856000196 ], [ -6.404799383999944, 33.715051738000227 ], [ -6.404487723999921, 33.714720599000088 ], [ -6.403287723999938, 33.712920599000199 ], [ -6.403587722999873, 33.711920599000223 ], [ -6.402687723999918, 33.710920599000076 ], [ -6.40218772399993, 33.710220599000081 ], [ -6.402487723999911, 33.706620599000075 ] ] ] ] } },
{ "type": "Feature", "properties": { "Code_Commu": "04.481.07.19.", "Code_Provi": "04.481.", "CODE_REGIO": "04.", "nom": "Commune de Sidi M'hamed Chelh", "Marocains_": 7973, "Etrangers_": 4, "Populati_1": 7977, "Menages_": 1780, "nom_arabe": "Ш¬Щ…Ш§Ш№Ш© ШіЩЉШЇЩЉ Ш§Щ…Ш­Щ…ШЇ Ш§Щ„ШґЩ„Ш­" }, "geometry": { "type": "MultiPolygon", "coordinates": [ [ [ [ -5.78350140799995, 34.534791323000093 ], [ -5.778263713999934, 34.528199052000105 ], [ -5.776461994999806, 34.526782531000038 ], [ -5.776433225999824, 34.526734078000175 ], [ -5.773963842999876, 34.524567607000108 ], [ -5.773968056999934, 34.524603421999927 ], [ -5.772390304999874, 34.525158554000029 ], [ -5.771988679999936, 34.525862225000083 ], [ -5.771979360999921, 34.525857840000185 ], [ -5.771773024999959, 34.526211561000025 ], [ -5.771409363999908, 34.526416120000192 ], [ -5.769828289999907, 34.527409694000141 ], [ -5.769797314999948, 34.52739358700012 ], [ -5.768868176999945, 34.52802709000008 ], [ -5.768563312999959, 34.527984302000107 ], [ -5.768534196999951, 34.527981177000072 ], [ -5.767270510999936, 34.527845537000076 ], [ -5.767524685999888, 34.530677763000085 ], [ -5.766527419999932, 34.530377650000048 ], [ -5.764439473999914, 34.52986394900006 ], [ -5.762187028999961, 34.529334270999982 ], [ -5.759209453999915, 34.5274673790002 ], [ -5.757611894999854, 34.526465735000102 ], [ -5.758011310999962, 34.523306714000114 ], [ -5.757575583999881, 34.518804200000091 ], [ -5.756587723999928, 34.51372059900018 ], [ -5.756387723999921, 34.512820599000179 ], [ -5.755965831999902, 34.511193300000059 ], [ -5.755965821999894, 34.511193263000166 ], [ -5.755665591999957, 34.510073875999979 ], [ -5.754395323999915, 34.505337767000071 ], [ -5.752041912999857, 34.500912767999978 ], [ -5.750064772999906, 34.49667666400012 ], [ -5.748654825999949, 34.489022666000096 ], [ -5.746439194999937, 34.483987141000114 ], [ -5.746105110999906, 34.482307549000041 ], [ -5.745628924999949, 34.479913545000045 ], [ -5.742455296999935, 34.476316766000082 ], [ -5.741397420999874, 34.472508413000185 ], [ -5.742032145999872, 34.467642183000237 ], [ -5.738646942999935, 34.464045405000036 ], [ -5.735050164999961, 34.462141228000121 ], [ -5.731876536999948, 34.457063423000193 ], [ -5.732299686999852, 34.455793972000038 ], [ -5.731664960999922, 34.452197193000075 ], [ -5.727214119999871, 34.447568317999981 ], [ -5.727087722999897, 34.447020599000041 ], [ -5.726772859999869, 34.443925920000197 ], [ -5.727010306999887, 34.441195283000127 ], [ -5.729787722999959, 34.443820599000105 ], [ -5.732148611999946, 34.442071793000196 ], [ -5.732934412999953, 34.441830008000181 ], [ -5.737053734999904, 34.438395108000179 ], [ -5.738646942999935, 34.437598504000164 ], [ -5.742032145999872, 34.438867954999978 ], [ -5.745181973999934, 34.440862846000073 ], [ -5.746137876999853, 34.441585602000202 ], [ -5.752401439999858, 34.441436470000099 ], [ -5.761498517999939, 34.440690808000227 ], [ -5.763437239999917, 34.439796012999977 ], [ -5.764630299999908, 34.437857292000103 ], [ -5.764564740999958, 34.437758954000117 ], [ -5.764687723999941, 34.437620599000127 ], [ -5.764711373999944, 34.437549650000221 ], [ -5.76382439199989, 34.434001726000133 ], [ -5.761073914999884, 34.429347071000166 ], [ -5.760227613999916, 34.425115567000034 ], [ -5.76086234, 34.424269266000238 ], [ -5.76225093499994, 34.423475783000072 ], [ -5.76238786499988, 34.42327038799999 ], [ -5.766574869999943, 34.422365088999982 ], [ -5.770857392999858, 34.420445338000036 ], [ -5.780885734999913, 34.416978750000112 ], [ -5.788870010999915, 34.417485689000046 ], [ -5.793868070999906, 34.418133585000191 ], [ -5.794012702999851, 34.418023666000238 ], [ -5.798099575999913, 34.418556736000085 ], [ -5.798734300999911, 34.420037762000049 ], [ -5.796366229999933, 34.424642346000041 ], [ -5.796195398999885, 34.424692417000188 ], [ -5.795137522999937, 34.42744289400008 ], [ -5.797253274999946, 34.431462823000118 ], [ -5.798667652999825, 34.432586006000236 ], [ -5.800426902999902, 34.435271177000232 ], [ -5.799096128999906, 34.445584675000077 ], [ -5.79932270799992, 34.445627159000196 ], [ -5.799079892999828, 34.445910443000173 ], [ -5.810297952999861, 34.447979794000048 ], [ -5.810387723999895, 34.448020599000188 ], [ -5.810430504999886, 34.448448407000228 ], [ -5.811640388999933, 34.449658290999935 ], [ -5.80825518499995, 34.452831919000175 ], [ -5.802542654999911, 34.453466644000173 ], [ -5.799348331999909, 34.453550706000044 ], [ -5.799032014999852, 34.453662947000169 ], [ -5.798099575999913, 34.453466644000173 ], [ -5.795137522999937, 34.453678220000143 ], [ -5.793444920999946, 34.455793972000038 ], [ -5.793656495999869, 34.459179175000088 ], [ -5.796299835999946, 34.46038069299999 ], [ -5.797787722999942, 34.461620599000128 ], [ -5.798248703999889, 34.461673283000039 ], [ -5.798930759999905, 34.462165879000111 ], [ -5.802509938999947, 34.462464144000194 ], [ -5.806387381999855, 34.461867614000198 ], [ -5.806438875999959, 34.461833284000193 ], [ -5.806787722999957, 34.461820599000134 ], [ -5.812587723999854, 34.460820598999987 ], [ -5.817687723999938, 34.459620599000175 ], [ -5.821487723999951, 34.45932059900008 ], [ -5.824487722999947, 34.459920598999986 ], [ -5.824755070999856, 34.460093589000223 ], [ -5.824969625999927, 34.460025476000226 ], [ -5.828989554999907, 34.462775953000119 ], [ -5.827932301999908, 34.46559529600006 ], [ -5.827887723999879, 34.466620599000123 ], [ -5.826087723999876, 34.469520599000077 ], [ -5.82568772299993, 34.470820598999978 ], [ -5.823087722999901, 34.47432059900018 ], [ -5.822187723999946, 34.47552059899999 ], [ -5.820787723999956, 34.477720599000122 ], [ -5.82072052399991, 34.478594196000188 ], [ -5.820107565999876, 34.479465241000071 ], [ -5.823090214999922, 34.48244789000023 ], [ -5.832560176999948, 34.487182872000119 ], [ -5.833535425999912, 34.487669447000144 ], [ -5.830538625999907, 34.488893757000199 ], [ -5.830523429999914, 34.48890001400008 ], [ -5.827108307999936, 34.487109166000039 ], [ -5.824045694999938, 34.490555367000184 ], [ -5.823897208999938, 34.490502929000115 ], [ -5.818850045999852, 34.488720533999981 ], [ -5.816952633999961, 34.49125041800005 ], [ -5.817087723999862, 34.491520599000125 ], [ -5.817594902999929, 34.49160068000009 ], [ -5.820047257999875, 34.492921182000089 ], [ -5.818126866999876, 34.493826191000096 ], [ -5.817209918999936, 34.495756609000125 ], [ -5.815325178999956, 34.498690874000147 ], [ -5.813008836999813, 34.495669559000191 ], [ -5.809987521999915, 34.49607240099999 ], [ -5.806966206999959, 34.497180217000164 ], [ -5.806862983999849, 34.498532263000129 ], [ -5.806704126999875, 34.498640954000109 ], [ -5.805254127999888, 34.503424268000117 ], [ -5.802838837999957, 34.506083554000043 ], [ -5.803441338999903, 34.5076541090001 ], [ -5.801768127999935, 34.510353614999985 ], [ -5.801587723999944, 34.510920599000144 ], [ -5.800845487999879, 34.512000213000135 ], [ -5.799211497999863, 34.51319318700007 ], [ -5.800080277999882, 34.514883785000166 ], [ -5.799987723999891, 34.515420598999981 ], [ -5.797787722999942, 34.517420599000104 ], [ -5.796862308999948, 34.51826188400014 ], [ -5.796803556999862, 34.521023238000168 ], [ -5.796827225999948, 34.521525799000131 ], [ -5.797503985999924, 34.523060803000135 ], [ -5.797560670999871, 34.523189374000196 ], [ -5.798087723999913, 34.523620599000083 ], [ -5.799487723999903, 34.526220599000055 ], [ -5.799787723999941, 34.528420599000185 ], [ -5.799707891999901, 34.52859868500019 ], [ -5.799815760999934, 34.530716814000243 ], [ -5.798707945999865, 34.533536707999929 ], [ -5.796906598999954, 34.533882430000119 ], [ -5.795167062999894, 34.534339073000183 ], [ -5.794187723999869, 34.53382059900008 ], [ -5.792262473999926, 34.532831735000173 ], [ -5.789039736999882, 34.529709709000088 ], [ -5.787226947999898, 34.530112551000229 ], [ -5.787145032999888, 34.530986311999982 ], [ -5.786622684999941, 34.53464452399993 ], [ -5.784205632999942, 34.535450207999986 ], [ -5.78350140799995, 34.534791323000093 ] ] ] ] } },
{ "type": "Feature", "properties": { "Code_Commu": "04.281.03.13.", "Code_Provi": "04.281.", "CODE_REGIO": "04.", "nom": null, "Marocains_": null, "Etrangers_": null, "Populati_1": null, "Menages_": null, "nom_arabe": null }, "geometry": { "type": "MultiPolygon", "coordinates": [ [ [ [ -6.645834237999907, 34.207518626000137 ], [ -6.632732373999886, 34.202509090000092 ], [ -6.617511091999916, 34.208481998000082 ], [ -6.595546203999902, 34.212335487000132 ], [ -6.572188584999878, 34.219225371000221 ], [ -6.573236845999929, 34.214883044000203 ], [ -6.575651506999804, 34.207460200000071 ], [ -6.581106849999912, 34.19127303200014 ], [ -6.582269463999921, 34.180183481000142 ], [ -6.581375145999914, 34.175533024000231 ], [ -6.58048082699986, 34.1707931360001 ], [ -6.58048082699986, 34.165874383000187 ], [ -6.585310147999849, 34.160508471000071 ], [ -6.590586627999926, 34.152012443999922 ], [ -6.59154421799991, 34.149461231000146 ], [ -6.593537878999939, 34.143158690000121 ], [ -6.594430196999951, 34.124461317999931 ], [ -6.605824230999815, 34.124548252000238 ], [ -6.606952658999944, 34.12455686200002 ], [ -6.631635852999921, 34.124646294000172 ], [ -6.631387722999932, 34.124020599000175 ], [ -6.664887723999925, 34.148220599000183 ], [ -6.682787723999922, 34.16102059900004 ], [ -6.683589552999933, 34.161599638000041 ], [ -6.685306952999895, 34.159932750000166 ], [ -6.687598040999944, 34.15771867699999 ], [ -6.693589754999891, 34.151962593000178 ], [ -6.701365236999948, 34.144493893000231 ], [ -6.721731346999889, 34.154408972000169 ], [ -6.730728792999798, 34.158799419000104 ], [ -6.726286923999908, 34.165083315000061 ], [ -6.723875147999934, 34.168879630000049 ], [ -6.720346807999931, 34.173703182000168 ], [ -6.718386036999959, 34.176528022000127 ], [ -6.718251891999955, 34.176570137000169 ], [ -6.714067181999951, 34.183474908999983 ], [ -6.712916385999904, 34.185148794000042 ], [ -6.712288679999858, 34.1856195740001 ], [ -6.711608663999925, 34.187555002000181 ], [ -6.709359381999946, 34.191530477000185 ], [ -6.707685497999933, 34.194145921000086 ], [ -6.705959304999908, 34.197755234000169 ], [ -6.70397156699994, 34.200684532000082 ], [ -6.703291551999882, 34.202306107000084 ], [ -6.702349991999881, 34.203456902000141 ], [ -6.70119919699988, 34.206595435000224 ], [ -6.700153018999913, 34.208164702000147 ], [ -6.698583752999923, 34.211146308000082 ], [ -6.696386779999955, 34.215906416000109 ], [ -6.69418980699993, 34.221084996000116 ], [ -6.692777466999928, 34.22359582200005 ], [ -6.692306686999871, 34.2258451040002 ], [ -6.689429697999856, 34.231337536000069 ], [ -6.687337342999854, 34.237039205000087 ], [ -6.685401913999954, 34.241014679999978 ], [ -6.684926429999848, 34.242424006000022 ], [ -6.674704542999905, 34.240142335000144 ], [ -6.66475645599985, 34.238864599000124 ], [ -6.657363841999882, 34.236217861000171 ], [ -6.661055519999877, 34.227364094999984 ], [ -6.65855075199994, 34.214647581000122 ], [ -6.645834237999907, 34.207518626000137 ] ] ] ] } },
{ "type": "Feature", "properties": { "Code_Commu": "04.421.01.07.", "Code_Provi": "04.421.", "CODE_REGIO": "04.", "nom": "Commune de Touarga", "Marocains_": 5703, "Etrangers_": 0, "Populati_1": 5703, "Menages_": 785, "nom_arabe": "Ш¬Щ…Ш§Ш№Ш© Ш§Щ„ШЄЩ€Ш§Ш±ЩѓШ©" }, "geometry": { "type": "MultiPolygon", "coordinates": [ [ [ [ -6.834787723999909, 34.011520599000164 ], [ -6.834687722999945, 34.011120599000094 ], [ -6.833787723999876, 34.011420599000076 ], [ -6.833987723999826, 34.011920599000234 ], [ -6.833887722999918, 34.012420599000222 ], [ -6.833687722999855, 34.012620599000229 ], [ -6.832487722999872, 34.012220598999988 ], [ -6.832387723999943, 34.012120599000241 ], [ -6.832187723999937, 34.011720599000171 ], [ -6.83138772399991, 34.010620598999935 ], [ -6.830587723999884, 34.009420599000123 ], [ -6.829987722999874, 34.008720599000128 ], [ -6.829287723999869, 34.008020599000133 ], [ -6.828187722999814, 34.00682059899998 ], [ -6.827987722999865, 34.006720599000232 ], [ -6.826787722999882, 34.005820599000174 ], [ -6.827287723999859, 34.005420599000104 ], [ -6.827887723999936, 34.004920599000116 ], [ -6.828887723999912, 34.004120599000203 ], [ -6.829187722999961, 34.003920599000196 ], [ -6.830187722999938, 34.003120599000226 ], [ -6.831987723999873, 34.001620598999921 ], [ -6.833087722999949, 34.000820599000178 ], [ -6.834787723999909, 33.999320599000043 ], [ -6.835385017999954, 33.998872629000118 ], [ -6.840126618999875, 33.999470881000036 ], [ -6.84218476399991, 34.00225543 ], [ -6.84215919199994, 34.002332012000068 ], [ -6.841606934999902, 34.003985843000237 ], [ -6.840553409999927, 34.00385148100014 ], [ -6.839587722999909, 34.004720599000109 ], [ -6.837587722999956, 34.00642059900008 ], [ -6.837387722999949, 34.006720599000232 ], [ -6.837287723999907, 34.006720599000232 ], [ -6.836587723999912, 34.00682059899998 ], [ -6.836087723999924, 34.006920599000068 ], [ -6.836187723999956, 34.007320599000138 ], [ -6.836687723999944, 34.008920599000135 ], [ -6.836887723999951, 34.009820599000193 ], [ -6.837287723999907, 34.011020599000176 ], [ -6.837387722999949, 34.011220599000239 ], [ -6.83768772399992, 34.012320599000077 ], [ -6.837587722999956, 34.012320599000077 ], [ -6.837487723999857, 34.012420599000222 ], [ -6.836687723999944, 34.012620599000229 ], [ -6.835587723999936, 34.012920598999983 ], [ -6.835287722999908, 34.012920598999983 ], [ -6.835087722999958, 34.012320599000077 ], [ -6.834787723999909, 34.011520599000164 ] ] ] ] } },
{ "type": "Feature", "properties": { "Code_Commu": "04.491.03.17.", "Code_Provi": "04.491.", "CODE_REGIO": "04.", "nom": "Commune d'Ameur Chamalia", "Marocains_": 21995, "Etrangers_": 3, "Populati_1": 21998, "Menages_": 3842, "nom_arabe": "Ш¬Щ…Ш§Ш№Ш© Ш№Ш§Щ…Ш± Ш§Щ„ШґЩ…Ш§Щ„ЩЉШ©" }, "geometry": { "type": "MultiPolygon", "coordinates": [ [ [ [ -6.185395832999916, 34.459461188000034 ], [ -6.181243465999955, 34.458942142000069 ], [ -6.179426804999935, 34.459720711000102 ], [ -6.177091098999938, 34.461537371000134 ], [ -6.176312529999905, 34.460499280000136 ], [ -6.175990152999873, 34.459451555000044 ], [ -6.175587722999921, 34.459420599000168 ], [ -6.171287722999921, 34.456920599000057 ], [ -6.168787723999912, 34.453720599000178 ], [ -6.168387723999956, 34.449220599000171 ], [ -6.166787722999914, 34.444420599000182 ], [ -6.16698772299992, 34.442220599000223 ], [ -6.167087723999941, 34.438520599000185 ], [ -6.166387722999957, 34.437720599000045 ], [ -6.164187722999884, 34.436720599000068 ], [ -6.15948772299987, 34.435620599000231 ], [ -6.154987722999863, 34.43352059900019 ], [ -6.153087723999931, 34.431520599000237 ], [ -6.15158772399991, 34.431620598999984 ], [ -6.150087722999956, 34.432020599000225 ], [ -6.147687722999819, 34.432120599000143 ], [ -6.1452877239999, 34.433220599000038 ], [ -6.140987723999956, 34.435320599000079 ], [ -6.13738772399995, 34.436820599000043 ], [ -6.13618772399991, 34.437520599000038 ], [ -6.136887722999916, 34.439520598999934 ], [ -6.136287723999885, 34.440020599000093 ], [ -6.132187722999959, 34.439420599000186 ], [ -6.130887723999933, 34.438120599000115 ], [ -6.129387723999912, 34.43702059900005 ], [ -6.127487722999945, 34.437220599000057 ], [ -6.125787723999849, 34.438120599000115 ], [ -6.124787723999816, 34.43702059900005 ], [ -6.125187723999943, 34.433920599000032 ], [ -6.123987722999857, 34.432320599000036 ], [ -6.121487723999905, 34.428920599000094 ], [ -6.119287723999946, 34.427820599000199 ], [ -6.117187723999905, 34.426720599000134 ], [ -6.112587722999876, 34.422220599000127 ], [ -6.112287723999941, 34.422020599000064 ], [ -6.108487723999929, 34.419820598999934 ], [ -6.106287722999866, 34.41772059900012 ], [ -6.103787723999915, 34.41772059900012 ], [ -6.102187722999929, 34.418320599000197 ], [ -6.10188772399988, 34.419220599000028 ], [ -6.100687723999897, 34.41952059900018 ], [ -6.098087723999924, 34.41772059900012 ], [ -6.095287722999956, 34.41512059900009 ], [ -6.093187723999904, 34.414520599000184 ], [ -6.093187723999904, 34.413720599000101 ], [ -6.093287722999946, 34.412120599000048 ], [ -6.093587723999917, 34.410220599000183 ], [ -6.094787723999957, 34.410220599000183 ], [ -6.096987723999916, 34.410220599000183 ], [ -6.097687723999911, 34.408920599000112 ], [ -6.100087723999934, 34.407920599000136 ], [ -6.10188772399988, 34.407720599000129 ], [ -6.103587723999851, 34.408220599000117 ], [ -6.105187723999904, 34.409720599000025 ], [ -6.106587723999951, 34.413620599000126 ], [ -6.113187722999953, 34.41732059900005 ], [ -6.11768772299996, 34.420920599000169 ], [ -6.11953667999984, 34.42177120600013 ], [ -6.124774507999859, 34.41030460799999 ], [ -6.128879832999928, 34.404642091000142 ], [ -6.127071403999935, 34.402617694000241 ], [ -6.122792626999853, 34.398130197000114 ], [ -6.124491381999917, 34.391052050000042 ], [ -6.128030454999873, 34.385672659000193 ], [ -6.133692972999881, 34.385247970000137 ], [ -6.141620496999906, 34.377603572000169 ], [ -6.152520841999944, 34.36698635200014 ], [ -6.174887784999896, 34.358067888000107 ], [ -6.203483496999809, 34.348583172000133 ], [ -6.205687722999926, 34.350820599000087 ], [ -6.208287723999945, 34.353920599000048 ], [ -6.220187921999923, 34.369534485000202 ], [ -6.227832319999948, 34.377320446000226 ], [ -6.232503896999958, 34.384964844000137 ], [ -6.236750784999913, 34.387512977000029 ], [ -6.240572983999925, 34.387796103000198 ], [ -6.241599829999927, 34.386820599000146 ], [ -6.241687723999917, 34.386820599000146 ], [ -6.244536745999881, 34.383124526000131 ], [ -6.243603833999885, 34.381004591000135 ], [ -6.241563923999934, 34.375904817000048 ], [ -6.239024505999907, 34.373028169000236 ], [ -6.237326960999951, 34.371194821000245 ], [ -6.240462218999937, 34.366491934000237 ], [ -6.245165105999945, 34.361945811000055 ], [ -6.252650001999939, 34.358794275000093 ], [ -6.253160012999899, 34.354264429000068 ], [ -6.251733301999934, 34.35249107400017 ], [ -6.246732733999863, 34.3456424700002 ], [ -6.24312718799996, 34.330749996000236 ], [ -6.247830074999911, 34.32087393400019 ], [ -6.247604700999887, 34.314450784000087 ], [ -6.247516548999897, 34.311938450000184 ], [ -6.246108504999938, 34.309625236000102 ], [ -6.245770828999866, 34.309148709999931 ], [ -6.248463211999876, 34.307932329000096 ], [ -6.249823202999949, 34.307365666000237 ], [ -6.245712106999918, 34.30104676000019 ], [ -6.245587723999904, 34.300020599000106 ], [ -6.244555116999891, 34.297072636000166 ], [ -6.245294336999962, 34.294214392000072 ], [ -6.246419208999953, 34.290183601000081 ], [ -6.245478630999855, 34.283250842000143 ], [ -6.27400947599989, 34.284034656000188 ], [ -6.30959465199993, 34.286229337000123 ], [ -6.309361625999941, 34.292628773000104 ], [ -6.305820841999946, 34.292265616000122 ], [ -6.301916901999959, 34.292719562000229 ], [ -6.291839287999892, 34.295443242000147 ], [ -6.287209032999954, 34.30379585899999 ], [ -6.265328806999946, 34.298711657000126 ], [ -6.26432387199992, 34.30667383399998 ], [ -6.262968284999943, 34.31741425600012 ], [ -6.278947204999895, 34.315961627000092 ], [ -6.289751132999868, 34.315144523000185 ], [ -6.289841922999926, 34.323587930000031 ], [ -6.31117934699995, 34.322671087000117 ], [ -6.31308398799996, 34.32258924700011 ], [ -6.312616189999915, 34.326440198000171 ], [ -6.310848754999938, 34.332474388000094 ], [ -6.311475805999862, 34.334982594000167 ], [ -6.312102857999889, 34.34156663499999 ], [ -6.311005516999955, 34.350658883000222 ], [ -6.314087722999886, 34.357520599000225 ], [ -6.315372713999921, 34.359113987000228 ], [ -6.301293932999954, 34.365715972000203 ], [ -6.294431263999854, 34.373855417000129 ], [ -6.291239324999879, 34.38183526500012 ], [ -6.291239324999879, 34.382952444000068 ], [ -6.292675696999879, 34.391251486000044 ], [ -6.292790896999918, 34.395974692000038 ], [ -6.289643354999896, 34.402263676000075 ], [ -6.285435689999929, 34.404594075000091 ], [ -6.279109955999957, 34.408168763999981 ], [ -6.271289703999912, 34.422532490000094 ], [ -6.262990661999936, 34.43146992000004 ], [ -6.258202752999921, 34.441684125999984 ], [ -6.257716446999893, 34.444671435000146 ], [ -6.256606783999928, 34.448227601000042 ], [ -6.253114635999907, 34.450259348000202 ], [ -6.235749649999946, 34.460362376000035 ], [ -6.23574328199993, 34.460499280000136 ], [ -6.234964712999897, 34.461277848000066 ], [ -6.205379098999799, 34.466727830000195 ], [ -6.192402951999952, 34.462834986000132 ], [ -6.189029153999854, 34.45998023400017 ], [ -6.185395832999916, 34.459461188000034 ] ] ] ] } },
{ "type": "Feature", "properties": { "Code_Commu": "04.441.03.05.", "Code_Provi": "04.441.", "CODE_REGIO": "04.", "nom": null, "Marocains_": null, "Etrangers_": null, "Populati_1": null, "Menages_": null, "nom_arabe": null }, "geometry": { "type": "MultiPolygon", "coordinates": [ [ [ [ -6.601497292518616, 34.022872805595398 ], [ -6.628204166889191, 34.026316761970577 ], [ -6.632540285587254, 34.026779234409389 ], [ -6.634058237075749, 34.03292685747158 ], [ -6.635576128959656, 34.034217059612274 ], [ -6.636282145976963, 34.039065003395194 ], [ -6.636714577674866, 34.041958451271171 ], [ -6.637518763542118, 34.042527556419429 ], [ -6.640420615673065, 34.044581174850634 ], [ -6.641420125961304, 34.043931722641105 ], [ -6.640357613563481, 34.04082000255579 ], [ -6.641515374183655, 34.038825988769531 ], [ -6.643284738063755, 34.03862380981451 ], [ -6.645290851593018, 34.039529800415096 ], [ -6.647264122962895, 34.042186141014156 ], [ -6.647987723350525, 34.041520595550594 ], [ -6.648887693881932, 34.041520595550594 ], [ -6.64983719587326, 34.040403544902858 ], [ -6.652287721633911, 34.039520621299687 ], [ -6.653515696525517, 34.03908717632288 ], [ -6.654094755649567, 34.038011848926487 ], [ -6.655156254768372, 34.037635207176152 ], [ -6.657358288764954, 34.036721646785622 ], [ -6.658633649349213, 34.035897433757839 ], [ -6.661456644535065, 34.034217059612274 ], [ -6.663278162479401, 34.033382177352905 ], [ -6.665587723255157, 34.031120598316193 ], [ -6.667587697505894, 34.031520605087337 ], [ -6.679787695407867, 34.031820595264378 ], [ -6.6901877522468, 34.032020628452301 ], [ -6.69108772277832, 34.032020628452301 ], [ -6.694487750530186, 34.031220614910126 ], [ -6.705187737941742, 34.028320610523281 ], [ -6.707587718963566, 34.027620613575039 ], [ -6.714787721633911, 34.025720596313477 ], [ -6.716987729072571, 34.025120615959338 ], [ -6.717476606368962, 34.02499836683279 ], [ -6.717174589633885, 34.026762902736834 ], [ -6.715040326118469, 34.030345439910946 ], [ -6.715535640716496, 34.031187534332389 ], [ -6.716267466545048, 34.032417118549404 ], [ -6.716641008853799, 34.033089458942527 ], [ -6.717335104942322, 34.033039927482719 ], [ -6.718514859676304, 34.033013284206504 ], [ -6.719613730907383, 34.033013284206504 ], [ -6.72334361076355, 34.031296372413692 ], [ -6.724492073059025, 34.030878961086273 ], [ -6.726321458816471, 34.032403469085807 ], [ -6.728531956672612, 34.031412541866416 ], [ -6.728289306163788, 34.034566879272575 ], [ -6.728987693786621, 34.03462058305746 ], [ -6.730818688869476, 34.035071313381309 ], [ -6.730818688869476, 34.037281811237335 ], [ -6.73148775100708, 34.039620578289032 ], [ -6.729787707328796, 34.040720582008419 ], [ -6.727270424365997, 34.041254580020961 ], [ -6.723187744617405, 34.045820593833923 ], [ -6.726087749004364, 34.047520577907562 ], [ -6.726473927497807, 34.047800719738007 ], [ -6.724797010421753, 34.049858748912868 ], [ -6.729294180870056, 34.052374184131736 ], [ -6.729385972022897, 34.052759528160209 ], [ -6.729487717151642, 34.052820622921104 ], [ -6.730414867401123, 34.057641804218349 ], [ -6.730971157550812, 34.059310555458126 ], [ -6.731733381748143, 34.059844136238212 ], [ -6.736036956310272, 34.060976624488944 ], [ -6.7360462546348, 34.061075150966587 ], [ -6.736059367656651, 34.061213493347338 ], [ -6.736535489559117, 34.066246926784459 ], [ -6.737526416778508, 34.069981932640189 ], [ -6.740422904491368, 34.070667922496739 ], [ -6.751780271530151, 34.077985465526581 ], [ -6.756048858165741, 34.080577075481472 ], [ -6.7597838044166, 34.083321154117641 ], [ -6.760241150856018, 34.083778440952358 ], [ -6.762832760810795, 34.085912764072532 ], [ -6.76641529798502, 34.088199436664638 ], [ -6.767253756523075, 34.088123261928558 ], [ -6.768320918083191, 34.088428139686641 ], [ -6.768828690052032, 34.08877968788147 ], [ -6.769464254379216, 34.089190363884029 ], [ -6.768208742141667, 34.090210020542145 ], [ -6.767863571643773, 34.090486168861446 ], [ -6.77464747428894, 34.094678521156311 ], [ -6.774952411651611, 34.09437358379364 ], [ -6.774971783161163, 34.094311475753841 ], [ -6.774987697601318, 34.094320595264321 ], [ -6.775601983070374, 34.093706309795436 ], [ -6.778839826583862, 34.095898091793117 ], [ -6.77968293428421, 34.097351014614105 ], [ -6.779318213462773, 34.097715735435486 ], [ -6.77928751707077, 34.097679972648621 ], [ -6.778153836727142, 34.098947048187313 ], [ -6.777620255947113, 34.100090384483337 ], [ -6.777055740356388, 34.100292026996726 ], [ -6.776553094386998, 34.10047155618679 ], [ -6.776019513607025, 34.101005077362117 ], [ -6.776104331016541, 34.101295769214573 ], [ -6.776553094386998, 34.102834463119507 ], [ -6.776493191719055, 34.102954387664795 ], [ -6.776400685310364, 34.103139400482178 ], [ -6.776630699634552, 34.103541910648346 ], [ -6.776800215244293, 34.103672325611228 ], [ -6.776487588882446, 34.104297637939567 ], [ -6.775611579418182, 34.104255914688224 ], [ -6.774611771106663, 34.104208290576992 ], [ -6.772691309452057, 34.104833543300742 ], [ -6.772425055503845, 34.105135321617183 ], [ -6.772021353244781, 34.105592846870422 ], [ -6.771128118038177, 34.107022047042847 ], [ -6.771396100521031, 34.107870638370571 ], [ -6.771396100521031, 34.108227908611298 ], [ -6.770994126796666, 34.108629882335833 ], [ -6.770892858505249, 34.108629882335833 ], [ -6.770636796951237, 34.108629882335833 ], [ -6.770502805709839, 34.108942508697623 ], [ -6.7705801725387, 34.109012126922607 ], [ -6.770949423313084, 34.109344482421989 ], [ -6.770726144313812, 34.109433829784393 ], [ -6.770022511482239, 34.109433829784393 ], [ -6.769922196865082, 34.109433829784393 ], [ -6.768984317779427, 34.10979110002512 ], [ -6.767957031726837, 34.110639691352844 ], [ -6.767911553382817, 34.110700368881282 ], [ -6.767689108848572, 34.110997021198386 ], [ -6.767681360244751, 34.110997438430843 ], [ -6.766929805278778, 34.111041665077209 ], [ -6.766215205192566, 34.112247526645831 ], [ -6.766438543796539, 34.112515509128627 ], [ -6.765902578830662, 34.112783491611594 ], [ -6.765009343624058, 34.11376607418066 ], [ -6.764741361141205, 34.114391326904411 ], [ -6.76434010267252, 34.115153729915676 ], [ -6.764294743537846, 34.115239918232078 ], [ -6.763982117175999, 34.115597248077449 ], [ -6.763667702674809, 34.115872323513145 ], [ -6.763267517089787, 34.1162225008012 ], [ -6.763174593448639, 34.116365432739258 ], [ -6.761525630950928, 34.118902266025486 ], [ -6.760409116744995, 34.120956718921832 ], [ -6.759890019893646, 34.121538758277893 ], [ -6.759667694568634, 34.121788024902287 ], [ -6.759136736392975, 34.122383296489716 ], [ -6.759088933467808, 34.122436881065425 ], [ -6.758935213088989, 34.12260925769823 ], [ -6.758112192153931, 34.123446047306118 ], [ -6.757907092571202, 34.123654544353485 ], [ -6.756255447864532, 34.125333666801509 ], [ -6.754945993423462, 34.12664312124258 ], [ -6.753933012485504, 34.127656102180424 ], [ -6.75357574224472, 34.128192067146358 ], [ -6.753451704978943, 34.128586590290126 ], [ -6.75308442115778, 34.129755258560181 ], [ -6.752036452293396, 34.130561411380938 ], [ -6.751923203468323, 34.130648493766898 ], [ -6.751661896705627, 34.131084084510803 ], [ -6.750449359416962, 34.133104920387382 ], [ -6.749894380569401, 34.133483350276947 ], [ -6.749466776847726, 34.133774876594543 ], [ -6.748350203037262, 34.135025441646576 ], [ -6.745268523693085, 34.139268398284855 ], [ -6.744821846485138, 34.139759659767208 ], [ -6.744241237640324, 34.140295624732971 ], [ -6.744080722332001, 34.140977919101715 ], [ -6.744062602519932, 34.141054868698234 ], [ -6.743715822696686, 34.141401648521423 ], [ -6.74330335855484, 34.141814112663383 ], [ -6.742454767227116, 34.142796695232448 ], [ -6.741606175899506, 34.143957912921906 ], [ -6.740463316440525, 34.145408451557273 ], [ -6.740515470504704, 34.145429670810813 ], [ -6.739869296550751, 34.1462637782098 ], [ -6.739551663398686, 34.147084295749778 ], [ -6.738256454467717, 34.148826181888523 ], [ -6.736871957778874, 34.15043401718134 ], [ -6.73526406288147, 34.152756452560482 ], [ -6.732906937599125, 34.155532181263027 ], [ -6.730728805065155, 34.158799409866219 ], [ -6.721731364726963, 34.154408991336879 ], [ -6.701365232467651, 34.14449387788784 ], [ -6.693589746952057, 34.151962578296718 ], [ -6.687598049640656, 34.157718658447379 ], [ -6.685306966304722, 34.159932732582092 ], [ -6.683589577674866, 34.161599636077881 ], [ -6.682787716388646, 34.161020576954002 ], [ -6.664887726306858, 34.148220598697833 ], [ -6.631387710571289, 34.124020576477221 ], [ -6.631635844707375, 34.124646306038017 ], [ -6.606952667236328, 34.124556839466095 ], [ -6.60582423210144, 34.124548256397247 ], [ -6.594430208206177, 34.124461293220463 ], [ -6.575572669506016, 34.124317467212677 ], [ -6.584863007068634, 34.113556742668209 ], [ -6.558920681476593, 34.105581223964748 ], [ -6.557387709617615, 34.097820580005646 ], [ -6.554813861846867, 34.083865344524497 ], [ -6.55186265707016, 34.065084695815926 ], [ -6.577887296676579, 34.043084442615566 ], [ -6.601497292518616, 34.022872805595398 ] ], [ [ -6.744092464447021, 34.110190153122005 ], [ -6.73608922958374, 34.118141114711932 ], [ -6.732113718986511, 34.119658052921295 ], [ -6.729655206203461, 34.122535049915371 ], [ -6.72819060087204, 34.126510560512543 ], [ -6.73300302028656, 34.128655195236206 ], [ -6.734310746192875, 34.12739980220789 ], [ -6.736926138401031, 34.128602862358093 ], [ -6.740012407302856, 34.12661516666418 ], [ -6.742261648178101, 34.127347469329777 ], [ -6.74325555562973, 34.126510560512543 ], [ -6.742052435874882, 34.125673592090664 ], [ -6.74806797504425, 34.117722630500907 ], [ -6.750161230564117, 34.113812565803642 ], [ -6.744092464447021, 34.110190153122005 ] ] ] ] } },
{ "type": "Feature", "properties": { "Code_Commu": "04.281.05.11.", "Code_Provi": "04.281.", "CODE_REGIO": "04.", "nom": "Commune de Sidi Mohamed Benmansour", "Marocains_": 24698, "Etrangers_": 5, "Populati_1": 24703, "Menages_": 4303, "nom_arabe": "Ш¬Щ…Ш§Ш№Ш© ШіЩЉШЇЩЉ Щ…Ш­Щ…ШЇ ШЁЩ†Щ…Щ†ШµЩ€Ш±" }, "geometry": { "type": "MultiPolygon", "coordinates": [ [ [ [ -6.321088292999946, 34.694824773000164 ], [ -6.314730783999892, 34.694282059000045 ], [ -6.314391477999891, 34.699145456000167 ], [ -6.311387723999871, 34.700320599000179 ], [ -6.307487723999941, 34.701020599000174 ], [ -6.306689913999946, 34.700838242000088 ], [ -6.300251976999959, 34.697343363000016 ], [ -6.292211868999914, 34.693600554000227 ], [ -6.289300795999907, 34.691382593000128 ], [ -6.289300795999907, 34.689303255000198 ], [ -6.28874630599995, 34.687501162000046 ], [ -6.286887723999826, 34.686120598999935 ], [ -6.28798772399989, 34.68192059900008 ], [ -6.290387723999856, 34.669020599000135 ], [ -6.291487722999932, 34.661320599000021 ], [ -6.291887722999888, 34.659520599000132 ], [ -6.292387723999866, 34.657720599000072 ], [ -6.292687722999915, 34.655620599000031 ], [ -6.292487722999908, 34.654020598999978 ], [ -6.290487722999956, 34.645520599000122 ], [ -6.290002261999859, 34.643409931000122 ], [ -6.290214501999912, 34.643351500000165 ], [ -6.300057994999918, 34.634516586000132 ], [ -6.312968741999953, 34.627268608000122 ], [ -6.343215885999882, 34.622396740999989 ], [ -6.369207594999921, 34.624348453000039 ], [ -6.377495218999854, 34.630010059000199 ], [ -6.380754399999887, 34.64629797200007 ], [ -6.38143192699988, 34.647120045000122 ], [ -6.381187722999925, 34.647220598999922 ], [ -6.380987722999919, 34.648520599000221 ], [ -6.38068772399987, 34.651020599000105 ], [ -6.380787723999958, 34.654020598999978 ], [ -6.378287722999914, 34.663920599000221 ], [ -6.375587723999956, 34.674620599000036 ], [ -6.374587723999923, 34.675520599000095 ], [ -6.367087722999941, 34.681420599000091 ], [ -6.361687723999864, 34.688120599000229 ], [ -6.358410861999914, 34.705160275000196 ], [ -6.357687722999856, 34.708920599000123 ], [ -6.354187723999928, 34.714920599000095 ], [ -6.347931633999906, 34.722899380000229 ], [ -6.345165683999937, 34.720354706000194 ], [ -6.332566347999887, 34.718679914000177 ], [ -6.331487723999942, 34.717220599000143 ], [ -6.328287723999949, 34.713320599000042 ], [ -6.320787723999956, 34.70342059900014 ], [ -6.320687723999924, 34.702620599000227 ], [ -6.321087723999881, 34.70162059900008 ], [ -6.321187723999913, 34.700420599000097 ], [ -6.321387723999919, 34.697020598999984 ], [ -6.321088292999946, 34.694824773000164 ] ] ] ] } },
{ "type": "Feature", "properties": { "Code_Commu": "04.291.01.17.", "Code_Provi": "04.291.", "CODE_REGIO": "04.", "nom": "Commune de Sidi Allal El Bahraoui", "Marocains_": 29107, "Etrangers_": 40, "Populati_1": 29147, "Menages_": 7438, "nom_arabe": "Ш¬Щ…Ш§Ш№Ш© ШіЩЉШЇЩЉ Ш№Щ„Ш§Щ„ Ш§Щ„ШЁШ­Ш±Ш§Щ€ЩЉ" }, "geometry": { "type": "MultiPolygon", "coordinates": [ [ [ [ -6.522223772999894, 34.016824952000036 ], [ -6.518441135999922, 34.013812852000228 ], [ -6.510218468999938, 34.006161067000107 ], [ -6.514140009999949, 34.002682831000243 ], [ -6.518253058999903, 33.999269056000173 ], [ -6.519254711999906, 33.998369613000079 ], [ -6.519113009999899, 33.994368434000194 ], [ -6.518310036999821, 33.989650969000081 ], [ -6.522663939999916, 33.986914229000092 ], [ -6.528013021999925, 33.989153380000175 ], [ -6.533237705999909, 33.986665435000134 ], [ -6.534538623999936, 33.985624701000177 ], [ -6.536023390999958, 33.98691410399999 ], [ -6.537774611999794, 33.989015568000184 ], [ -6.540086222999832, 33.992518010000026 ], [ -6.541697345999921, 33.996580841000196 ], [ -6.542748077999875, 34.000643673000127 ], [ -6.543798809999942, 34.005687188000081 ], [ -6.540366417999905, 34.006737921000024 ], [ -6.540086222999832, 34.007438409000088 ], [ -6.540156271999933, 34.008349044000227 ], [ -6.540716661999852, 34.010590606000221 ], [ -6.540296368999918, 34.013882901000045 ], [ -6.540786710999953, 34.015353925999989 ], [ -6.531890509999926, 34.014933633000112 ], [ -6.52992914299989, 34.018716270000198 ], [ -6.524115090999885, 34.017665537000198 ], [ -6.522223772999894, 34.016824952000036 ] ] ] ] } },
{ "type": "Feature", "properties": { "Code_Commu": "04.441.01.08.", "Code_Provi": "04.441.", "CODE_REGIO": "04.", "nom": "Commune de Sidi Bouknadel", "Marocains_": 43550, "Etrangers_": 48, "Populati_1": 43598, "Menages_": 10439, "nom_arabe": "Ш¬Щ…Ш§Ш№Ш© ШіЩЉШЇЩЉ ШЈШЁЩЉ Ш§Щ„Щ‚Щ†Ш§ШЇЩ„" }, "geometry": { "type": "MultiPolygon", "coordinates": [ [ [ [ -6.733002996999915, 34.128655201000129 ], [ -6.728190579999932, 34.126510537000115 ], [ -6.729655228999945, 34.122535062000111 ], [ -6.732113745999925, 34.119658074000085 ], [ -6.736089220999929, 34.118141116000174 ], [ -6.744092479999892, 34.110190166000052 ], [ -6.750161216999857, 34.113812590000123 ], [ -6.748067954999954, 34.117722645000072 ], [ -6.742052433999959, 34.125673595000137 ], [ -6.743255537999914, 34.126510537000115 ], [ -6.742261668999959, 34.127347479000093 ], [ -6.740012386999922, 34.126615155000081 ], [ -6.736926162999907, 34.128602892000174 ], [ -6.73431071899995, 34.127399788000105 ], [ -6.733002996999915, 34.128655201000129 ] ] ] ] } },
{ "type": "Feature", "properties": { "Code_Commu": "04.281.09.01.", "Code_Provi": "04.281.", "CODE_REGIO": "04.", "nom": "Commune de Bahhara Ouled Ayad", "Marocains_": 38608, "Etrangers_": 3, "Populati_1": 38611, "Menages_": 7159, "nom_arabe": "Ш¬Щ…Ш§Ш№Ш© ШЁШ­Ш§Ш±Ш© ШЈЩ€Щ„Ш§ШЇ Ш№ЩЉШ§ШЇ" }, "geometry": { "type": "MultiPolygon", "coordinates": [ [ [ [ -6.289403106999941, 34.869225594000227 ], [ -6.28745862999989, 34.868253354999979 ], [ -6.284264131999919, 34.867281117000175 ], [ -6.2830416799999, 34.866947721000145 ], [ -6.280652662999955, 34.867835987000092 ], [ -6.27556091699995, 34.867133677000027 ], [ -6.271081005999918, 34.865808633000199 ], [ -6.26429847299994, 34.863802532000193 ], [ -6.248985765999862, 34.866586661000099 ], [ -6.24051340199992, 34.862836598000229 ], [ -6.232387722999931, 34.861020599000142 ], [ -6.231087723999906, 34.858720599000094 ], [ -6.231087723999906, 34.857820599000092 ], [ -6.232287723999832, 34.857620599000199 ], [ -6.233487723999929, 34.857220599000186 ], [ -6.234887722999929, 34.856620599000053 ], [ -6.235587723999913, 34.855720599000222 ], [ -6.236287722999919, 34.854620598999986 ], [ -6.235887722999905, 34.852320599000109 ], [ -6.240080176999925, 34.848477551000087 ], [ -6.244946406999873, 34.839802967000196 ], [ -6.252139963999923, 34.834090437000043 ], [ -6.258302523999873, 34.825002070000096 ], [ -6.259900918999961, 34.82052656500008 ], [ -6.261026121999919, 34.817375996000237 ], [ -6.260391396999864, 34.814625518000014 ], [ -6.254255715999875, 34.816106543999979 ], [ -6.250560195999924, 34.822186270000145 ], [ -6.250420952999946, 34.822415347000174 ], [ -6.241138052999872, 34.837687215000074 ], [ -6.234579221999866, 34.830916809000144 ], [ -6.21571416199987, 34.831642388000091 ], [ -6.215663067999913, 34.831445677000033 ], [ -6.215512984999918, 34.831586077000111 ], [ -6.212040704999936, 34.820058107000193 ], [ -6.189679220999835, 34.821169237000106 ], [ -6.169625633999885, 34.825627428000132 ], [ -6.169586369999934, 34.824626183000134 ], [ -6.169202483999868, 34.814837093000222 ], [ -6.16708673099987, 34.810605589000033 ], [ -6.162432076999949, 34.807220385999983 ], [ -6.147709766999867, 34.807361946000185 ], [ -6.16412467899994, 34.792833272000109 ], [ -6.177030765999916, 34.788178617000199 ], [ -6.179358092999905, 34.784581839000111 ], [ -6.187397950999923, 34.783100812000043 ], [ -6.194168357999899, 34.779504034000183 ], [ -6.195240154999851, 34.778049452000118 ], [ -6.197765135999873, 34.776118831000133 ], [ -6.204609771999912, 34.778428187000088 ], [ -6.210248072999946, 34.78035033499998 ], [ -6.215325877999874, 34.779292459000203 ], [ -6.221673133999957, 34.777176707000081 ], [ -6.222307859999944, 34.771464176000222 ], [ -6.221633299999951, 34.766404977000036 ], [ -6.22188470899988, 34.764693770000122 ], [ -6.229712991999861, 34.76575164600024 ], [ -6.23649715699986, 34.765182177000099 ], [ -6.237541273999909, 34.765116920000139 ], [ -6.242195928999934, 34.763635894000174 ], [ -6.247485308999956, 34.759827540000174 ], [ -6.250985811999954, 34.757935375999921 ], [ -6.25428772399988, 34.758320599000115 ], [ -6.260787723999897, 34.758820599000103 ], [ -6.269387723999955, 34.75942059900018 ], [ -6.269766213999901, 34.759410229000196 ], [ -6.270708652999929, 34.759790512000109 ], [ -6.287087508999946, 34.760042494000174 ], [ -6.288787723999917, 34.758220599000197 ], [ -6.289887722999879, 34.755320599000243 ], [ -6.292587723999929, 34.753220599000201 ], [ -6.295287723999934, 34.752620599000124 ], [ -6.295787722999933, 34.746820598999989 ], [ -6.29608772399996, 34.742620599000134 ], [ -6.294898962999923, 34.738623991000225 ], [ -6.293279765999955, 34.736527594999927 ], [ -6.290867244999845, 34.73282839600023 ], [ -6.304222310999933, 34.732576413000231 ], [ -6.311791072999938, 34.731670283000199 ], [ -6.318333324999912, 34.731064519000199 ], [ -6.319819624999866, 34.72466667499998 ], [ -6.320075001999953, 34.723681647000035 ], [ -6.326728884999909, 34.722988535000241 ], [ -6.332566347999887, 34.718679914000177 ], [ -6.345165683999937, 34.720354706000194 ], [ -6.347931633999906, 34.722899380000229 ], [ -6.354187723999928, 34.714920599000095 ], [ -6.357687722999856, 34.708920599000123 ], [ -6.358410861999914, 34.705160275000196 ], [ -6.361687723999864, 34.688120599000229 ], [ -6.367087722999941, 34.681420599000091 ], [ -6.374587723999923, 34.675520599000095 ], [ -6.375587723999956, 34.674620599000036 ], [ -6.378287722999914, 34.663920599000221 ], [ -6.380787723999958, 34.654020598999978 ], [ -6.38068772399987, 34.651020599000105 ], [ -6.380987722999919, 34.648520599000221 ], [ -6.381187722999925, 34.647220598999922 ], [ -6.38143192699988, 34.647120045000122 ], [ -6.384587722999868, 34.645820599000103 ], [ -6.385287723999909, 34.645120599000109 ], [ -6.386687722999909, 34.642020599000091 ], [ -6.388487722999912, 34.642220598999927 ], [ -6.391887723999957, 34.642520599000079 ], [ -6.396587723999858, 34.642720599000086 ], [ -6.399587723999957, 34.637520599000084 ], [ -6.399490760999925, 34.637262033000184 ], [ -6.407623705999868, 34.637939778000032 ], [ -6.414974472999916, 34.638756530000137 ], [ -6.420691735999924, 34.639573282000185 ], [ -6.423694922999914, 34.640574345000175 ], [ -6.424122093999927, 34.640716735000069 ], [ -6.417914779999933, 34.65133450899998 ], [ -6.415954574999944, 34.655091568000046 ], [ -6.41285091799989, 34.660808831000168 ], [ -6.411380764999933, 34.663422437000236 ], [ -6.409420559999944, 34.665872692000164 ], [ -6.406806953999876, 34.671263255000099 ], [ -6.400436289999902, 34.681881029000181 ], [ -6.398966135999956, 34.684984686000234 ], [ -6.397332631999859, 34.688251694000144 ], [ -6.393085522999911, 34.694132307000075 ], [ -6.390308565999931, 34.699522869000077 ], [ -6.38883841299986, 34.703279928000143 ], [ -6.388021660999868, 34.704260030000228 ], [ -6.388348361999931, 34.70507678199999 ], [ -6.384591302999922, 34.71095739600014 ], [ -6.382957799999929, 34.713734352000074 ], [ -6.378383988999872, 34.721901871000227 ], [ -6.377893937999886, 34.724188776000176 ], [ -6.373483477999855, 34.731376192000141 ], [ -6.372176674999821, 34.733989798000039 ], [ -6.370869871999957, 34.737093455000036 ], [ -6.369073017999881, 34.739707061000104 ], [ -6.368092914999863, 34.742484018000084 ], [ -6.366132710999864, 34.745097623999982 ], [ -6.365969360999941, 34.747221179000121 ], [ -6.364662557999907, 34.748201281000036 ], [ -6.364172506999864, 34.750161485000035 ], [ -6.362048951999952, 34.752611741000067 ], [ -6.360088746999907, 34.757512252000083 ], [ -6.354861534999941, 34.768456727000171 ], [ -6.354534833999935, 34.770743633000166 ], [ -6.352574629999935, 34.773683939000136 ], [ -6.350777775999916, 34.777931049000131 ], [ -6.347184067999933, 34.78626191799998 ], [ -6.336892993999868, 34.805373912000164 ], [ -6.329705577999903, 34.817625190000228 ], [ -6.320394605999923, 34.836410483000122 ], [ -6.307816626999909, 34.86025963700024 ], [ -6.306673174999958, 34.862873243000138 ], [ -6.304222918999926, 34.868427156000223 ], [ -6.303639032999911, 34.868002510999986 ], [ -6.303420630999881, 34.867843672999982 ], [ -6.303014444999917, 34.868114464000087 ], [ -6.301808478999874, 34.868114464000087 ], [ -6.30145301899995, 34.868542953000144 ], [ -6.300019995999946, 34.86853824200017 ], [ -6.299542164999934, 34.868947811000226 ], [ -6.298076742999854, 34.869081031000235 ], [ -6.297248114999945, 34.8704057 ], [ -6.298292143999902, 34.870614506000038 ], [ -6.299125490999927, 34.871170071000051 ], [ -6.297597687999939, 34.87200341800019 ], [ -6.295930992999956, 34.872420091000095 ], [ -6.294925917999933, 34.872520599000097 ], [ -6.294542080999861, 34.872558983000033 ], [ -6.293430951999937, 34.872975656000165 ], [ -6.292458712999917, 34.872975656000165 ], [ -6.292007331999912, 34.872421688000145 ], [ -6.289403106999941, 34.869225594000227 ] ] ] ] } },
{ "type": "Feature", "properties": { "Code_Commu": "04.281.05.07.", "Code_Provi": "04.281.", "CODE_REGIO": "04.", "nom": "Commune de Mnasra", "Marocains_": 41430, "Etrangers_": 4, "Populati_1": 41434, "Menages_": 7731, "nom_arabe": "Ш¬Щ…Ш§Ш№Ш© Ш§Щ„Щ…Щ†Ш§ШµШ±Ш©" }, "geometry": { "type": "MultiPolygon", "coordinates": [ [ [ [ -6.491632894999952, 34.466727830000195 ], [ -6.485663867999961, 34.460758803000203 ], [ -6.480992454999921, 34.462834986000132 ], [ -6.475023427999929, 34.466468307000127 ], [ -6.472168674999921, 34.467765922000069 ], [ -6.46412346399984, 34.467506399000229 ], [ -6.458933005999882, 34.465689738000094 ], [ -6.443102106999845, 34.472437335000166 ], [ -6.437167081999917, 34.467370528000231 ], [ -6.437387722999915, 34.465920599000071 ], [ -6.436187722999932, 34.463020599000117 ], [ -6.430487722999885, 34.45852059900011 ], [ -6.429987723999943, 34.454320599000084 ], [ -6.431587723999883, 34.448720599000183 ], [ -6.433987723999849, 34.444320599000093 ], [ -6.437587722999922, 34.442420599000116 ], [ -6.439687723999953, 34.444620599000245 ], [ -6.44158772399993, 34.448620599000094 ], [ -6.448287723999897, 34.450420598999983 ], [ -6.451987723999878, 34.449320599000089 ], [ -6.45618772399996, 34.447120599000129 ], [ -6.460887723999917, 34.444420599000182 ], [ -6.464587723999955, 34.437320599000202 ], [ -6.464687722999884, 34.435720598999978 ], [ -6.464787723999905, 34.434020599000178 ], [ -6.461387723999792, 34.431120599000224 ], [ -6.456887723999955, 34.426720599000134 ], [ -6.45558772399994, 34.422420599000134 ], [ -6.45408772299993, 34.416220598999985 ], [ -6.451287723999883, 34.415420599000072 ], [ -6.445587723999893, 34.41772059900012 ], [ -6.44068772299994, 34.419420599000091 ], [ -6.43648772399996, 34.419320599000173 ], [ -6.434487723999951, 34.415020599000172 ], [ -6.433687722999935, 34.413120599000194 ], [ -6.432887722999908, 34.411220598999989 ], [ -6.435587722999912, 34.406920598999989 ], [ -6.440887722999946, 34.403920599000116 ], [ -6.444638546999954, 34.403055024000196 ], [ -6.448937408999939, 34.404290911000203 ], [ -6.449687723999944, 34.404520599000193 ], [ -6.455487722999919, 34.407020599000134 ], [ -6.467487723999909, 34.411720598999977 ], [ -6.471887723999941, 34.415420599000072 ], [ -6.475787723999929, 34.417520599000056 ], [ -6.478187723999895, 34.41772059900012 ], [ -6.480387722999865, 34.415920599000231 ], [ -6.481087723999792, 34.414920599000084 ], [ -6.480987722999942, 34.40982059900017 ], [ -6.477987723999888, 34.404020599000035 ], [ -6.474287722999918, 34.396520598999984 ], [ -6.469687723999868, 34.390520599000013 ], [ -6.461987723999869, 34.382720598999981 ], [ -6.45978772299992, 34.379020599000114 ], [ -6.459287723999921, 34.375920598999926 ], [ -6.460287723999897, 34.373320599000124 ], [ -6.462487722999924, 34.370720599000094 ], [ -6.465187723999861, 34.368720599000198 ], [ -6.468087723999929, 34.366420598999923 ], [ -6.478987722999932, 34.359920599000191 ], [ -6.481687723999869, 34.358120599000131 ], [ -6.486987723999903, 34.355920599000171 ], [ -6.498187723999933, 34.353020599000047 ], [ -6.49918772399991, 34.352720599000236 ], [ -6.500187723999886, 34.352420599000141 ], [ -6.50178772299995, 34.350820599000087 ], [ -6.502087723999864, 34.348220599000229 ], [ -6.500987722999923, 34.34552059900011 ], [ -6.49918772399991, 34.344120599000121 ], [ -6.498487722999926, 34.343820599000139 ], [ -6.497287722999943, 34.343520599000044 ], [ -6.495287722999933, 34.343520599000044 ], [ -6.490787722999926, 34.344720599000198 ], [ -6.486387723999883, 34.345020599000179 ], [ -6.484687722999922, 34.343920599000114 ], [ -6.483987723999917, 34.342120599000168 ], [ -6.486387723999883, 34.339620599000114 ], [ -6.494887723999852, 34.334820599000125 ], [ -6.498287722999862, 34.33412059900013 ], [ -6.502287723999927, 34.334220599000048 ], [ -6.512187722999954, 34.334620599000118 ], [ -6.517287722999868, 34.337320599000236 ], [ -6.527387723999936, 34.343920599000114 ], [ -6.530487722999851, 34.34552059900011 ], [ -6.532687723999913, 34.345420599000192 ], [ -6.535087723999879, 34.342520599000238 ], [ -6.536187722999955, 34.339020599000037 ], [ -6.536887723999939, 34.331220599000176 ], [ -6.53918772399993, 34.326820599000087 ], [ -6.542087722999952, 34.324720599000045 ], [ -6.5446877239998, 34.325320599000179 ], [ -6.548387723999952, 34.335320599000113 ], [ -6.549287722999907, 34.336120599000083 ], [ -6.55028772299994, 34.336920599000166 ], [ -6.55318772399994, 34.336420599000178 ], [ -6.553887723999935, 34.333220599000128 ], [ -6.554487723999898, 34.330020599000193 ], [ -6.55618772299988, 34.327620599000227 ], [ -6.557787722999933, 34.321420599000078 ], [ -6.559387723999919, 34.314120599000034 ], [ -6.562187723999955, 34.306420599000091 ], [ -6.562687722999897, 34.304620599000202 ], [ -6.569920501999889, 34.305975273000172 ], [ -6.573387723999815, 34.307420599000238 ], [ -6.575648760999911, 34.30763257100017 ], [ -6.578509284999825, 34.307314734999977 ], [ -6.581886158999907, 34.309596406000026 ], [ -6.5917429779999, 34.310965409000232 ], [ -6.602512465999951, 34.310144007000133 ], [ -6.606345673999954, 34.309596406000026 ], [ -6.609387722999941, 34.308820599000228 ], [ -6.609594786999935, 34.308682556000122 ], [ -6.612734352999951, 34.307771069000069 ], [ -6.618666697999856, 34.304576730000178 ], [ -6.626698180999938, 34.294902444000172 ], [ -6.636098665999953, 34.283402821000038 ], [ -6.64312621299996, 34.275918940000111 ], [ -6.646168056999898, 34.273138701999926 ], [ -6.646697557999858, 34.272721519000186 ], [ -6.647451696999894, 34.272320380999986 ], [ -6.647900970999956, 34.271855061999986 ], [ -6.648350245999893, 34.27148601500005 ], [ -6.648579697999878, 34.271296546000144 ], [ -6.648655109999936, 34.271229286999983 ], [ -6.649120429999869, 34.271871106999981 ], [ -6.649617840999895, 34.271887153000023 ], [ -6.650227569999913, 34.272111790000054 ], [ -6.651110072999927, 34.272625246000075 ], [ -6.65619010599994, 34.269081749000122 ], [ -6.664064939999946, 34.265252207000117 ], [ -6.671184651999909, 34.263094718000048 ], [ -6.677926803999867, 34.262878969000042 ], [ -6.677023567999925, 34.264827129000139 ], [ -6.677873979999958, 34.264923402000193 ], [ -6.679285984999922, 34.265228267000111 ], [ -6.681195399999865, 34.265805904999922 ], [ -6.682992496999873, 34.26641563499993 ], [ -6.683505952999838, 34.266287271000181 ], [ -6.68421195499991, 34.266752590000181 ], [ -6.684019408999859, 34.267233955000165 ], [ -6.682960405999893, 34.267201864000072 ], [ -6.682719722999877, 34.266848863000064 ], [ -6.68058567099996, 34.266062633000047 ], [ -6.67776166099992, 34.265212222000116 ], [ -6.675917058999858, 34.26526418200018 ], [ -6.675483198999927, 34.265276404000076 ], [ -6.674745105999875, 34.267089546000193 ], [ -6.674604595999881, 34.267390638000222 ], [ -6.674520468999958, 34.267570911000121 ], [ -6.673958875999915, 34.268437369000083 ], [ -6.673558646999936, 34.268978029000039 ], [ -6.672129687999927, 34.270908377000069 ], [ -6.671946771999899, 34.27150938599999 ], [ -6.671905050999897, 34.271646470000121 ], [ -6.671779823999941, 34.271762064000086 ], [ -6.670653500999947, 34.272801747000244 ], [ -6.670059817999913, 34.273363339000127 ], [ -6.669398814999852, 34.274858464000147 ], [ -6.669385905999945, 34.274887663000129 ], [ -6.668375038999955, 34.27637989499999 ], [ -6.667959696999958, 34.276837619000048 ], [ -6.667588808999938, 34.277246352000191 ], [ -6.667133934999924, 34.278573068000185 ], [ -6.667011170999899, 34.278931131000036 ], [ -6.666563188999874, 34.279172351000113 ], [ -6.666176804999907, 34.279380405000097 ], [ -6.665961745999937, 34.279810522999981 ], [ -6.665502892999882, 34.280728227000225 ], [ -6.665385512999876, 34.280706885000086 ], [ -6.664747242999908, 34.281699750000087 ], [ -6.664657252999916, 34.28213169899999 ], [ -6.664220427999908, 34.282568524000169 ], [ -6.663797492999947, 34.282991459000073 ], [ -6.66320227499989, 34.28404962500008 ], [ -6.662144107999893, 34.285438469000042 ], [ -6.661681159999887, 34.285901416000058 ], [ -6.660953670999902, 34.287157989000036 ], [ -6.660556858999939, 34.287554801000169 ], [ -6.659895504999952, 34.288216155000043 ], [ -6.659432556999889, 34.289142051000226 ], [ -6.658175983999854, 34.290530894000142 ], [ -6.657183952999958, 34.292448821000107 ], [ -6.656654869999954, 34.292911768000124 ], [ -6.656390328999919, 34.293639258000098 ], [ -6.655596703999947, 34.293771529000139 ], [ -6.654538537999883, 34.295887861000097 ], [ -6.653215829999795, 34.297871923000116 ], [ -6.651364038999873, 34.299988256000177 ], [ -6.650901090999923, 34.300781881000034 ], [ -6.650239736999936, 34.301641641000117 ], [ -6.650173600999949, 34.302170724000064 ], [ -6.649578382999835, 34.302435266000145 ], [ -6.649181569999939, 34.303559566999979 ], [ -6.648652486999936, 34.303625703000137 ], [ -6.648454080999954, 34.304419327000232 ], [ -6.648123403999875, 34.304683869000087 ], [ -6.64739591499989, 34.304882275000182 ], [ -6.647263643999906, 34.306072712000173 ], [ -6.646602289999862, 34.306337254000198 ], [ -6.646337747999951, 34.307461556000135 ], [ -6.645808664999947, 34.307461556000135 ], [ -6.645477987999925, 34.308651993000126 ], [ -6.644816633999937, 34.308651993000126 ], [ -6.643890738999858, 34.310569919000045 ], [ -6.644001697999897, 34.311159208999925 ], [ -6.643261858999892, 34.311159208999925 ], [ -6.643127411999956, 34.311360880000223 ], [ -6.643011594999905, 34.31205578200013 ], [ -6.620632593999915, 34.342765653000072 ], [ -6.601847300999907, 34.367268209000088 ], [ -6.591229525999893, 34.381479690999981 ], [ -6.56182645899986, 34.420357080000201 ], [ -6.541407661999926, 34.447799943000177 ], [ -6.535363697999799, 34.455804111000077 ], [ -6.524092522999865, 34.472955901000091 ], [ -6.522295668999902, 34.476712959000054 ], [ -6.521632366999881, 34.476143253000203 ], [ -6.497082876999912, 34.469063536000192 ], [ -6.491632894999952, 34.466727830000195 ] ] ] ] } },
{ "type": "Feature", "properties": { "Code_Commu": "04.281.01.05.", "Code_Provi": "04.281.", "CODE_REGIO": "04.", "nom": "Commune de Mehdya", "Marocains_": 58356, "Etrangers_": 202, "Populati_1": 58558, "Menages_": 16071, "nom_arabe": "Ш¬Щ…Ш§Ш№Ш© Щ…Щ‡ШЇЩЉШ©" }, "geometry": { "type": "MultiPolygon", "coordinates": [ [ [ [ -6.633725727999945, 34.27162939800013 ], [ -6.628614784999911, 34.257300503000181 ], [ -6.633999528999937, 34.247443683000142 ], [ -6.640307182999948, 34.244413052000141 ], [ -6.657363841999882, 34.236217861000171 ], [ -6.66475645599985, 34.238864599000124 ], [ -6.674704542999905, 34.240142335000144 ], [ -6.684926429999848, 34.242424006000022 ], [ -6.683831227999917, 34.246439748000114 ], [ -6.683424275999926, 34.247484900000075 ], [ -6.682944359999908, 34.248717440000121 ], [ -6.682607404999942, 34.249744352000164 ], [ -6.682109993999859, 34.251268675000063 ], [ -6.681869310999957, 34.251910496000164 ], [ -6.681628628999931, 34.252600452000024 ], [ -6.680714034999937, 34.254734504999988 ], [ -6.680457306999926, 34.255119597000203 ], [ -6.680137455999898, 34.255770327000221 ], [ -6.67999198699988, 34.25606628200012 ], [ -6.679783394999959, 34.256916693999926 ], [ -6.679189710999935, 34.25951606600006 ], [ -6.678918762999899, 34.260660072000235 ], [ -6.678900891999945, 34.2607355250002 ], [ -6.679414348999956, 34.26079970699999 ], [ -6.680425215999946, 34.260992253000097 ], [ -6.681981629999939, 34.26132920900011 ], [ -6.683489907999842, 34.261730345999979 ], [ -6.684548910999865, 34.262115439000127 ], [ -6.685174685999868, 34.26214753000005 ], [ -6.685463504999802, 34.26237216700008 ], [ -6.68637809899991, 34.262741213000197 ], [ -6.686570644999904, 34.262901668000097 ], [ -6.686618781999925, 34.263013987000022 ], [ -6.686522508999929, 34.263110260000133 ], [ -6.68637809899991, 34.263110260000133 ], [ -6.6856239599999, 34.262885623000102 ], [ -6.685431413999879, 34.262885623000102 ], [ -6.685222821999957, 34.262789350000048 ], [ -6.685110503999908, 34.262628894999978 ], [ -6.684934002999853, 34.262580758000183 ], [ -6.684292182999855, 34.262420303000113 ], [ -6.683650362999856, 34.26221171200018 ], [ -6.683008541999868, 34.261906847000091 ], [ -6.681981629999939, 34.261601982000172 ], [ -6.679655030999868, 34.261120617000074 ], [ -6.678559259999929, 34.260981601000083 ], [ -6.677926803999867, 34.262878969000042 ], [ -6.671184651999909, 34.263094718000048 ], [ -6.664064939999946, 34.265252207000117 ], [ -6.65619010599994, 34.269081749000122 ], [ -6.651110072999927, 34.272625246000075 ], [ -6.650227569999913, 34.272111790000054 ], [ -6.649617840999895, 34.271887153000023 ], [ -6.649120429999869, 34.271871106999981 ], [ -6.648655109999936, 34.271229286999983 ], [ -6.648579697999878, 34.271296546000144 ], [ -6.648350245999893, 34.27148601500005 ], [ -6.647900970999956, 34.271855061999986 ], [ -6.647451696999894, 34.272320380999986 ], [ -6.646697557999858, 34.272721519000186 ], [ -6.646168056999898, 34.273138701999926 ], [ -6.64312621299996, 34.275918940000111 ], [ -6.642378291999876, 34.27557765600011 ], [ -6.633725727999945, 34.27162939800013 ] ] ] ] } },
{ "type": "Feature", "properties": { "Code_Commu": "04.281.11.07.", "Code_Provi": "04.281.", "CODE_REGIO": "04.", "nom": "Commune de Moulay Bousselham", "Marocains_": 32619, "Etrangers_": 24, "Populati_1": 32643, "Menages_": 7358, "nom_arabe": "Ш¬Щ…Ш§Ш№Ш© Щ…Щ€Щ„Ш§ЩЉ ШЁЩ€ШіЩ„Щ‡Ш§Щ…" }, "geometry": { "type": "MultiPolygon", "coordinates": [ [ [ [ -6.226207607999925, 34.904226177999988 ], [ -6.220513068999935, 34.903948395000043 ], [ -6.212596269999892, 34.905476198000201 ], [ -6.201623864999931, 34.902142809000168 ], [ -6.197040454999865, 34.900337224000111 ], [ -6.194887722999908, 34.899328131000175 ], [ -6.192734827999857, 34.897976073000223 ], [ -6.191718192999872, 34.895320599000229 ], [ -6.191068132999931, 34.893670446000044 ], [ -6.179679053999905, 34.892698207000137 ], [ -6.17315116799989, 34.889642601000105 ], [ -6.167456627999911, 34.890198166000175 ], [ -6.163572323999858, 34.888329676000126 ], [ -6.152734159999909, 34.883670279000171 ], [ -6.149539662999928, 34.878947977999928 ], [ -6.145144353999854, 34.874839319999978 ], [ -6.143974740999909, 34.874990899000181 ], [ -6.140233951999903, 34.87547569800023 ], [ -6.134122738999906, 34.880475781000143 ], [ -6.12967822, 34.881031346000043 ], [ -6.1262059399999, 34.880475781000143 ], [ -6.125511483999901, 34.875892372000067 ], [ -6.120511400999931, 34.873253439000166 ], [ -6.118705814999942, 34.872975656000165 ], [ -6.115692132999868, 34.871141241000146 ], [ -6.115787723999802, 34.86942059900008 ], [ -6.1262059399999, 34.870197832000201 ], [ -6.132872717999874, 34.870336723000037 ], [ -6.136622780999915, 34.849919715999931 ], [ -6.138151264999919, 34.847571262000145 ], [ -6.145650708999938, 34.836586160000195 ], [ -6.142987722999862, 34.835820598999987 ], [ -6.136987723999937, 34.832320599000127 ], [ -6.140187723999929, 34.831720599000221 ], [ -6.14788772299994, 34.830420598999979 ], [ -6.152687723999918, 34.82992059899999 ], [ -6.158829609999941, 34.82836384400008 ], [ -6.169625633999885, 34.825627428000132 ], [ -6.189679220999835, 34.821169237000106 ], [ -6.212040704999936, 34.820058107000193 ], [ -6.215512984999918, 34.831586077000111 ], [ -6.215663067999913, 34.831445677000033 ], [ -6.21571416199987, 34.831642388000091 ], [ -6.234579221999866, 34.830916809000144 ], [ -6.241138052999872, 34.837687215000074 ], [ -6.250420952999946, 34.822415347000174 ], [ -6.250560195999924, 34.822186270000145 ], [ -6.254255715999875, 34.816106543999979 ], [ -6.260391396999864, 34.814625518000014 ], [ -6.261026121999919, 34.817375996000237 ], [ -6.259900918999961, 34.82052656500008 ], [ -6.258302523999873, 34.825002070000096 ], [ -6.252139963999923, 34.834090437000043 ], [ -6.244946406999873, 34.839802967000196 ], [ -6.240080176999925, 34.848477551000087 ], [ -6.235887722999905, 34.852320599000109 ], [ -6.236287722999919, 34.854620598999986 ], [ -6.235587723999913, 34.855720599000222 ], [ -6.234887722999929, 34.856620599000053 ], [ -6.233487723999929, 34.857220599000186 ], [ -6.232287723999832, 34.857620599000199 ], [ -6.231087723999906, 34.857820599000092 ], [ -6.231087723999906, 34.858720599000094 ], [ -6.232387722999931, 34.861020599000142 ], [ -6.24051340199992, 34.862836598000229 ], [ -6.248985765999862, 34.866586661000099 ], [ -6.26429847299994, 34.863802532000193 ], [ -6.271081005999918, 34.865808633000199 ], [ -6.27556091699995, 34.867133677000027 ], [ -6.280652662999955, 34.867835987000092 ], [ -6.2830416799999, 34.866947721000145 ], [ -6.284264131999919, 34.867281117000175 ], [ -6.28745862999989, 34.868253354999979 ], [ -6.289403106999941, 34.869225594000227 ], [ -6.292007331999912, 34.872421688000145 ], [ -6.292458712999917, 34.872975656000165 ], [ -6.293430951999937, 34.872975656000165 ], [ -6.294542080999861, 34.872558983000033 ], [ -6.294925917999933, 34.872520599000097 ], [ -6.295930992999956, 34.872420091000095 ], [ -6.297597687999939, 34.87200341800019 ], [ -6.299125490999927, 34.871170071000051 ], [ -6.298292143999902, 34.870614506000038 ], [ -6.297248114999945, 34.8704057 ], [ -6.298076742999854, 34.869081031000235 ], [ -6.299542164999934, 34.868947811000226 ], [ -6.300019995999946, 34.86853824200017 ], [ -6.30145301899995, 34.868542953000144 ], [ -6.301808478999874, 34.868114464000087 ], [ -6.303014444999917, 34.868114464000087 ], [ -6.303420630999881, 34.867843672999982 ], [ -6.303639032999911, 34.868002510999986 ], [ -6.304222918999926, 34.868427156000223 ], [ -6.300302509999881, 34.87610462400005 ], [ -6.29736220399991, 34.881658536000032 ], [ -6.297035502999961, 34.883618741000134 ], [ -6.291808290999882, 34.894399866000185 ], [ -6.288704633999942, 34.900933881000185 ], [ -6.287397830999907, 34.904200888000048 ], [ -6.287561180999944, 34.905834392000202 ], [ -6.286091027999873, 34.906977843999925 ], [ -6.283804121999935, 34.91481866200013 ], [ -6.279066961999945, 34.922822831000076 ], [ -6.277923508999947, 34.926089838000166 ], [ -6.276453355999877, 34.93066364900011 ], [ -6.275473252999859, 34.931643751000024 ], [ -6.273186347999911, 34.937524364000126 ], [ -6.270899442999905, 34.94340497799999 ], [ -6.270063390999894, 34.94340497799999 ], [ -6.269447396999908, 34.943613976000222 ], [ -6.262319321999883, 34.946032430000116 ], [ -6.250652459999912, 34.942699041000139 ], [ -6.230513235999922, 34.936726720000081 ], [ -6.225067499999909, 34.933459278000043 ], [ -6.224987912999893, 34.933411526000043 ], [ -6.222874218999948, 34.932143310000242 ], [ -6.221763089999854, 34.928115465000133 ], [ -6.223667083999942, 34.923260279000033 ], [ -6.224540913999931, 34.921170905000224 ], [ -6.223849628999858, 34.918405764000113 ], [ -6.223846457999855, 34.9183930799999 ], [ -6.224124239999924, 34.914920800000232 ], [ -6.226216831999864, 34.91395498899999 ], [ -6.228429866999932, 34.913392997000074 ], [ -6.228429866999932, 34.908115130999988 ], [ -6.226207607999925, 34.904226177999988 ] ] ] ] } },
{ "type": "Feature", "properties": { "Code_Commu": "04.421.00.01.", "Code_Provi": "04.421.", "CODE_REGIO": "04.", "nom": null, "Marocains_": null, "Etrangers_": null, "Populati_1": null, "Menages_": null, "nom_arabe": null }, "geometry": { "type": "MultiPolygon", "coordinates": [ [ [ [ -6.793887734413147, 33.935920596122742 ], [ -6.794487714767456, 33.936220586299953 ], [ -6.794187724590302, 33.93612056970602 ], [ -6.793987751007023, 33.936020612716675 ], [ -6.793887734413147, 33.935920596122742 ] ] ], [ [ [ -6.824357628822327, 33.895710825920219 ], [ -6.826688587665558, 33.897163093090171 ], [ -6.845403850078583, 33.910475969314518 ], [ -6.851380527019501, 33.914792478084678 ], [ -6.854086160659733, 33.916746556758824 ], [ -6.871161460876465, 33.929480671882629 ], [ -6.871936023235321, 33.92998439073574 ], [ -6.881976008415165, 33.937286198139248 ], [ -6.881966114044189, 33.937294781208095 ], [ -6.879747331142426, 33.93806654214859 ], [ -6.87743204832077, 33.940092384815216 ], [ -6.881387293338776, 33.944337129592896 ], [ -6.886307299137115, 33.94510889053339 ], [ -6.889394342899323, 33.944915950298423 ], [ -6.8945072889328, 33.945301830768585 ], [ -6.896992087364197, 33.946865141391925 ], [ -6.907916665077209, 33.954370021820125 ], [ -6.911040425300598, 33.956521928310451 ], [ -6.916599035263062, 33.960351169109401 ], [ -6.917515277862492, 33.961860299110469 ], [ -6.916828811168614, 33.96271026134491 ], [ -6.915750026702881, 33.963527500629539 ], [ -6.915030896663609, 33.96431207656866 ], [ -6.913908839225712, 33.964879751205387 ], [ -6.913888275623322, 33.964903056621665 ], [ -6.912547230720463, 33.967393517494202 ], [ -6.912328720092773, 33.967393517494202 ], [ -6.911369621753693, 33.967777192592678 ], [ -6.910911917686349, 33.968496382236481 ], [ -6.911042690277043, 33.969182848930473 ], [ -6.910911917686349, 33.969509720802421 ], [ -6.910388886928445, 33.969673216342926 ], [ -6.909571647644043, 33.970882713794822 ], [ -6.908932268619537, 33.971433937549648 ], [ -6.908224046230259, 33.972270905971641 ], [ -6.908362150192204, 33.972353756427935 ], [ -6.907708346843719, 33.973138332366887 ], [ -6.90666222572321, 33.974151730537415 ], [ -6.905256569385472, 33.975295841693992 ], [ -6.904047071933689, 33.975982367992401 ], [ -6.903556704521066, 33.97604775428772 ], [ -6.90368747711176, 33.976603448391074 ], [ -6.903434514999276, 33.97676789760601 ], [ -6.903390049934387, 33.976901292801017 ], [ -6.903229296207428, 33.976901292801017 ], [ -6.903033673763161, 33.977028429508209 ], [ -6.902879476547184, 33.977232754230499 ], [ -6.902018845081273, 33.977478623390198 ], [ -6.90193635225296, 33.977836072444916 ], [ -6.901628017425537, 33.977845668792781 ], [ -6.901529908180237, 33.978401422500554 ], [ -6.901367545127812, 33.978391885757446 ], [ -6.901297152042332, 33.978633344173545 ], [ -6.900862753391266, 33.978633344173545 ], [ -6.900712668895721, 33.978989839553776 ], [ -6.900222301483097, 33.979251325130633 ], [ -6.899862706661111, 33.979741692543087 ], [ -6.899326622486115, 33.980399668216648 ], [ -6.899276375770512, 33.980726242065543 ], [ -6.899083673953953, 33.980671226978302 ], [ -6.898391664028168, 33.9812127351762 ], [ -6.897574424743652, 33.981703102588824 ], [ -6.896789908409062, 33.982651114463863 ], [ -6.896462976932526, 33.982716500759182 ], [ -6.895841896533966, 33.982879936695099 ], [ -6.89600533246994, 33.983239531517086 ], [ -6.89571624994278, 33.983323454856816 ], [ -6.895234882831517, 33.98505645990366 ], [ -6.893420577049199, 33.985483348369598 ], [ -6.893193960189819, 33.985593199729976 ], [ -6.892115235328617, 33.986737370491142 ], [ -6.891396045684814, 33.987619996071032 ], [ -6.890578806400299, 33.988273799419403 ], [ -6.890361428260803, 33.988373398780823 ], [ -6.889794230461121, 33.98908764123928 ], [ -6.889758825302124, 33.989132285118103 ], [ -6.888811767101288, 33.990324795246238 ], [ -6.888450920581818, 33.991696059703941 ], [ -6.888223350048008, 33.991965055465812 ], [ -6.887783885002136, 33.992484390735683 ], [ -6.887657105922642, 33.992634236812592 ], [ -6.88755601644516, 33.992623627185822 ], [ -6.887458562850952, 33.99261337518692 ], [ -6.886285841464996, 33.992489874362946 ], [ -6.885419845581055, 33.993211627006531 ], [ -6.883976399898472, 33.994005441665706 ], [ -6.883038222789764, 33.995593190193233 ], [ -6.882749557495117, 33.996242702007294 ], [ -6.881233990192413, 33.996964395046177 ], [ -6.88065659999836, 33.997974812984637 ], [ -6.879574060440007, 33.998912990093231 ], [ -6.879574060440007, 33.999706864356995 ], [ -6.879285395145416, 34.000067710876579 ], [ -6.879156410694122, 34.000067710876579 ], [ -6.878941178321838, 34.000369071960449 ], [ -6.878489851951599, 34.000003337860164 ], [ -6.876831650733948, 34.001799762248993 ], [ -6.876542985439301, 34.002304971218223 ], [ -6.875316083431244, 34.00252145528799 ], [ -6.873511850833893, 34.004253566265106 ], [ -6.873367488384247, 34.004830896854514 ], [ -6.872934460639897, 34.005552589893341 ], [ -6.871346771717072, 34.006923794746456 ], [ -6.868505537509918, 34.008766353130397 ], [ -6.868459999561196, 34.009088873863163 ], [ -6.867449581623077, 34.010387957096157 ], [ -6.866222739219666, 34.011037468910274 ], [ -6.865573167800903, 34.011903524398917 ], [ -6.865068018436432, 34.012769520282632 ], [ -6.861459553241673, 34.016161501407623 ], [ -6.860981047153416, 34.016603231430111 ], [ -6.860505819320679, 34.017041862011069 ], [ -6.859583139419556, 34.01789361238491 ], [ -6.859294414520207, 34.017532765865326 ], [ -6.858804166316929, 34.017878830432892 ], [ -6.858277678489628, 34.018250465393237 ], [ -6.858067572116795, 34.018398761749381 ], [ -6.858572721481266, 34.019120454788208 ], [ -6.858356237411499, 34.019697844982204 ], [ -6.857129335403442, 34.020491719245967 ], [ -6.856696307659092, 34.020924687385673 ], [ -6.856191158294621, 34.020996868610439 ], [ -6.855750560760498, 34.02159541845316 ], [ -6.855685830116272, 34.021683335304374 ], [ -6.852366149425507, 34.026193082332668 ], [ -6.851368010044041, 34.02614772319788 ], [ -6.850522041320801, 34.027446806430873 ], [ -6.849696278572026, 34.02741622924799 ], [ -6.849672377109528, 34.027415335178432 ], [ -6.849605500698033, 34.027502834797019 ], [ -6.848854184150639, 34.028485298156738 ], [ -6.848476529121342, 34.02889442443859 ], [ -6.846745729446411, 34.028642654419002 ], [ -6.846698164939824, 34.028893470764274 ], [ -6.846659004688263, 34.029100060463065 ], [ -6.846548795700016, 34.029681086540279 ], [ -6.84640043973917, 34.030463218688965 ], [ -6.846399605274144, 34.030467867851314 ], [ -6.845738708972817, 34.031034350395203 ], [ -6.845361113548279, 34.031632244586945 ], [ -6.844322621822357, 34.032198667526245 ], [ -6.843850553035679, 34.031915485858974 ], [ -6.843823075294438, 34.031796216964835 ], [ -6.843756139278355, 34.031506359577122 ], [ -6.843063831329346, 34.031506359577122 ], [ -6.84287500381464, 34.031632244586945 ], [ -6.842782020568848, 34.031762421131134 ], [ -6.84271764755249, 34.031852543354091 ], [ -6.842616558074894, 34.031812071800346 ], [ -6.842402994632664, 34.031726658344269 ], [ -6.842214167118073, 34.031789600849208 ], [ -6.842038452625275, 34.032023847103233 ], [ -6.84202533960331, 34.032041370868797 ], [ -6.840297818183899, 34.032685935497284 ], [ -6.839916884899139, 34.032828092575016 ], [ -6.839602231979313, 34.032859563827515 ], [ -6.839602231979313, 34.034269690513668 ], [ -6.839484393596649, 34.035706877708321 ], [ -6.839713215827942, 34.036654889583588 ], [ -6.840287744998932, 34.037620604038295 ], [ -6.840095520019531, 34.037784516811428 ], [ -6.839782476425171, 34.037266850471553 ], [ -6.83938193321228, 34.036604404449633 ], [ -6.839318990707397, 34.036226749420223 ], [ -6.839306235313416, 34.0359082221986 ], [ -6.839300751686096, 34.035771012306213 ], [ -6.839287519454956, 34.035440027713776 ], [ -6.839287519454956, 34.034212708473262 ], [ -6.838996291160583, 34.033921480178776 ], [ -6.83863449096674, 34.033876240253392 ], [ -6.837915301322937, 34.033745467662925 ], [ -6.836836516857147, 34.033680081367606 ], [ -6.836346149444523, 34.033635139465332 ], [ -6.835857391357365, 34.03383511304861 ], [ -6.835700035095215, 34.035062372684592 ], [ -6.836486756801605, 34.035943508148193 ], [ -6.836423814296666, 34.036006450653076 ], [ -6.835574150085449, 34.035062372684592 ], [ -6.835668563842773, 34.033772170543727 ], [ -6.835276663303375, 34.033711850643215 ], [ -6.835265278816223, 34.033710122108516 ], [ -6.835259437561035, 34.033709228038845 ], [ -6.834630072116852, 34.033111274242515 ], [ -6.83474999666214, 34.032306194305534 ], [ -6.834850370883885, 34.031632244586945 ], [ -6.834850370883885, 34.031065821647644 ], [ -6.834755957126617, 34.030876994133109 ], [ -6.834661543369293, 34.030216097831726 ], [ -6.834032177925053, 34.029649674892369 ], [ -6.833528637885991, 34.029964387416896 ], [ -6.832616031169835, 34.029209077358303 ], [ -6.832553088665009, 34.029020309448185 ], [ -6.83173489570612, 34.028359413146973 ], [ -6.831325769424382, 34.028390884399414 ], [ -6.830255866050663, 34.027981817722321 ], [ -6.82880824804306, 34.027698576450291 ], [ -6.825346648693085, 34.026943325996456 ], [ -6.824339628219548, 34.02681744098669 ], [ -6.824182271957397, 34.026880383491573 ], [ -6.82388132810587, 34.027465522289276 ], [ -6.823899030685368, 34.027415335178432 ], [ -6.821098268032017, 34.027163624763602 ], [ -6.818486332893372, 34.027352392673549 ], [ -6.816692590713501, 34.027446806430873 ], [ -6.815276443958282, 34.027195096016044 ], [ -6.812318325042668, 34.02625101804739 ], [ -6.810870766639653, 34.025747478008384 ], [ -6.809360206127167, 34.024425804615078 ], [ -6.808890283107701, 34.02403712272644 ], [ -6.808225810527745, 34.023081898689327 ], [ -6.807189583778381, 34.020639419555721 ], [ -6.806991815567017, 34.01974946260458 ], [ -6.806921720504761, 34.019433796405792 ], [ -6.806893527507725, 34.019307076931057 ], [ -6.807041585445404, 34.018270909786224 ], [ -6.807041585445404, 34.017086625099239 ], [ -6.807855725288391, 34.015606343746242 ], [ -6.810594320297128, 34.012127578258514 ], [ -6.811630547046661, 34.010499238967896 ], [ -6.811926603317204, 34.008500814438037 ], [ -6.811630547046661, 34.006280303001461 ], [ -6.81058835983265, 34.004162430763301 ], [ -6.810287714004517, 34.003320574760437 ], [ -6.810187697410583, 34.003220617771092 ], [ -6.809987723827362, 34.002720594406185 ], [ -6.809887707233429, 34.00252062082285 ], [ -6.809887707233429, 34.002420604228917 ], [ -6.809687733650208, 34.002020597457943 ], [ -6.809687733650208, 34.001820623874835 ], [ -6.809487700462341, 34.001520574092979 ], [ -6.80928772687912, 34.001120626926422 ], [ -6.809087753295842, 34.000820577144623 ], [ -6.808987736701965, 34.000720620155221 ], [ -6.808787703514099, 34.000520586967525 ], [ -6.808687746524754, 34.000320613384247 ], [ -6.808587729930878, 34.000220596790314 ], [ -6.808487713336945, 34.000120580196381 ], [ -6.808087706565857, 33.99982059001934 ], [ -6.807587742805424, 33.999320626258964 ], [ -6.806887745857239, 33.998720586299896 ], [ -6.806087732315063, 33.998120605945644 ], [ -6.80598771572113, 33.997920572757721 ], [ -6.805587708950043, 33.997520625591335 ], [ -6.805287718772888, 33.99712061882019 ], [ -6.804987728595734, 33.996620595455227 ], [ -6.804687738418579, 33.996020615100917 ], [ -6.804387748241425, 33.995320618152732 ], [ -6.803987741470337, 33.994720578193835 ], [ -6.803687751293126, 33.994220614433289 ], [ -6.803387701511383, 33.994020581245422 ], [ -6.803287744522038, 33.993920624256077 ], [ -6.803087711334229, 33.993820607662315 ], [ -6.802787721157017, 33.993820607662315 ], [ -6.801630973815918, 33.993788957595939 ], [ -6.79852765798563, 33.993933320045585 ], [ -6.797084271907806, 33.993861138820648 ], [ -6.795589029788971, 33.993621885776633 ], [ -6.795587718486786, 33.993620574474278 ], [ -6.795580983161926, 33.993620574474278 ], [ -6.795187711715698, 33.993520617485103 ], [ -6.795087695121765, 33.993520617485103 ], [ -6.794987738132477, 33.993520617485103 ], [ -6.794887721538544, 33.993520617485103 ], [ -6.794887721538544, 33.99342060089117 ], [ -6.794787704944611, 33.99342060089117 ], [ -6.794687747955322, 33.99342060089117 ], [ -6.794587731361389, 33.99332058429718 ], [ -6.794487714767456, 33.99332058429718 ], [ -6.794487714767456, 33.993220627307835 ], [ -6.794387698173523, 33.993220627307835 ], [ -6.794287741184235, 33.993220627307835 ], [ -6.794287741184235, 33.993120610714072 ], [ -6.794187724590302, 33.993120610714072 ], [ -6.794087707996368, 33.993020594120139 ], [ -6.793987751007023, 33.992920577526206 ], [ -6.793987751007023, 33.992820620536861 ], [ -6.793987751007023, 33.992720603942928 ], [ -6.793887734413147, 33.992620587348995 ], [ -6.793687701225281, 33.992320597171727 ], [ -6.793487727642002, 33.992220580577964 ], [ -6.793287694454193, 33.991920590400753 ], [ -6.793187737464848, 33.99182057380682 ], [ -6.792687714099827, 33.991320610046444 ], [ -6.792487740516606, 33.991020619869232 ], [ -6.792187750339508, 33.990720570087433 ], [ -6.791887700557652, 33.990520596504268 ], [ -6.791687726974374, 33.990420579910335 ], [ -6.791687726974374, 33.99032062292099 ], [ -6.791487693786564, 33.990220606327227 ], [ -6.791387736797333, 33.990220606327227 ], [ -6.7912877202034, 33.990220606327227 ], [ -6.791087746620178, 33.990120589733124 ], [ -6.790887713432312, 33.990120589733124 ], [ -6.790687739849091, 33.990120589733124 ], [ -6.790587723255157, 33.990120589733124 ], [ -6.790487706661224, 33.990120589733124 ], [ -6.790387749671936, 33.990220606327227 ], [ -6.790287733078003, 33.990220606327227 ], [ -6.790087699890137, 33.99032062292099 ], [ -6.789987742900848, 33.99032062292099 ], [ -6.789887726306915, 33.990420579910335 ], [ -6.789787709712982, 33.990520596504268 ], [ -6.789687752723694, 33.990620613098031 ], [ -6.789387702941895, 33.990820586681536 ], [ -6.789287745952606, 33.990920603275299 ], [ -6.789187729358673, 33.991020619869232 ], [ -6.78908771276474, 33.991120576858577 ], [ -6.78908771276474, 33.99122059345251 ], [ -6.788987696170807, 33.991320610046444 ], [ -6.788987696170807, 33.991420626640377 ], [ -6.788887739181462, 33.991520583629551 ], [ -6.788887739181462, 33.991620600223541 ], [ -6.788787722587585, 33.99182057380682 ], [ -6.788687705993652, 33.991920590400753 ], [ -6.788687705993652, 33.992020606994686 ], [ -6.788587749004307, 33.992220580577964 ], [ -6.788587749004307, 33.99242061376566 ], [ -6.788487732410374, 33.992520570755062 ], [ -6.788487732410374, 33.992620587348995 ], [ -6.788387715816498, 33.992720603942928 ], [ -6.788387715816498, 33.992820620536861 ], [ -6.788287699222565, 33.993020594120139 ], [ -6.78818774223322, 33.993120610714072 ], [ -6.788087725639286, 33.99332058429718 ], [ -6.787987709045353, 33.993520617485103 ], [ -6.787887752056065, 33.993620574474278 ], [ -6.787587702274266, 33.994020581245422 ], [ -6.787387728691044, 33.994220614433289 ], [ -6.787287712097111, 33.994420588016624 ], [ -6.786987721919957, 33.99462062120449 ], [ -6.786887705326023, 33.994720578193835 ], [ -6.786787748336792, 33.994820594787598 ], [ -6.786687731742859, 33.994920611381531 ], [ -6.786487698554936, 33.995120584964809 ], [ -6.786287724971771, 33.995420575141907 ], [ -6.78608775138855, 33.995620608329773 ], [ -6.785887718200684, 33.995820581913051 ], [ -6.78578770160675, 33.996020615100917 ], [ -6.785687744617462, 33.996120572090092 ], [ -6.785387694835663, 33.996320605278015 ], [ -6.785187721252441, 33.996520578861293 ], [ -6.785087704658508, 33.996620595455227 ], [ -6.78498774766922, 33.99672061204916 ], [ -6.784787714481354, 33.996820628643093 ], [ -6.784687697887421, 33.996920585632267 ], [ -6.784587740898132, 33.997020602226428 ], [ -6.784487724304199, 33.99712061882019 ], [ -6.784187734127045, 33.997320592403469 ], [ -6.783987700939178, 33.997420608997402 ], [ -6.783887743949833, 33.997420608997402 ], [ -6.783487737178746, 33.99762058258068 ], [ -6.783387720584813, 33.997720599174613 ], [ -6.783187747001591, 33.997720599174613 ], [ -6.782887697219849, 33.997920572757721 ], [ -6.782787740230503, 33.997920572757721 ], [ -6.78268772363657, 33.998020589351711 ], [ -6.782487750053292, 33.998120605945644 ], [ -6.78218770027155, 33.998320579528922 ], [ -6.781887710094395, 33.998520612716788 ], [ -6.78168773651123, 33.998720586299896 ], [ -6.781587719917184, 33.998820602893829 ], [ -6.781287729740143, 33.998920619487819 ], [ -6.78118771314621, 33.998920619487819 ], [ -6.78108769655222, 33.999020576477164 ], [ -6.780687749385834, 33.999120593071098 ], [ -6.780587732791901, 33.999120593071098 ], [ -6.780487716197968, 33.999220609665031 ], [ -6.780387699604034, 33.999220609665031 ], [ -6.780187726020813, 33.999120593071098 ], [ -6.78008770942688, 33.999220609665031 ], [ -6.779787719249725, 33.999220609665031 ], [ -6.779687702655792, 33.999220609665031 ], [ -6.779587745666504, 33.999320626258964 ], [ -6.779387712478638, 33.999320626258964 ], [ -6.779287695884705, 33.999320626258964 ], [ -6.779187738895416, 33.999320626258964 ], [ -6.779087722301483, 33.999320626258964 ], [ -6.77898770570755, 33.999320626258964 ], [ -6.778887748718205, 33.999220609665031 ], [ -6.778787732124272, 33.999220609665031 ], [ -6.778587698936462, 33.999120593071098 ], [ -6.778487741947117, 33.999120593071098 ], [ -6.778387725353184, 33.999020576477164 ], [ -6.778287708759308, 33.999020576477164 ], [ -6.778187751769963, 33.998920619487819 ], [ -6.77808773517603, 33.998920619487819 ], [ -6.777987718582096, 33.998920619487819 ], [ -6.777987718582096, 33.998820602893829 ], [ -6.777787744998875, 33.998720586299896 ], [ -6.777687728404942, 33.998720586299896 ], [ -6.777587711811009, 33.998620569706134 ], [ -6.777287721633854, 33.998320579528922 ], [ -6.77708774805069, 33.998220622539577 ], [ -6.77708774805069, 33.998120605945644 ], [ -6.776887714862767, 33.998020589351711 ], [ -6.776787698268834, 33.997920572757721 ], [ -6.776687741279602, 33.997820615768376 ], [ -6.776487708091679, 33.99762058258068 ], [ -6.776387751102448, 33.997420608997402 ], [ -6.776387751102448, 33.997320592403469 ], [ -6.776287734508514, 33.99712061882019 ], [ -6.776187717914581, 33.99712061882019 ], [ -6.776187717914581, 33.997020602226428 ], [ -6.776187717914581, 33.996920585632267 ], [ -6.77598774433136, 33.996620595455227 ], [ -6.77598774433136, 33.996520578861293 ], [ -6.775787711143494, 33.996220588684082 ], [ -6.775687694549561, 33.995720624923706 ], [ -6.775687694549561, 33.995620608329773 ], [ -6.775587737560272, 33.99552059173584 ], [ -6.775387704372406, 33.995220601558799 ], [ -6.775187730789185, 33.994920611381531 ], [ -6.774987697601318, 33.99462062120449 ], [ -6.774987697601318, 33.994520604610386 ], [ -6.774787724018097, 33.994220614433289 ], [ -6.774487733840942, 33.993920624256077 ], [ -6.774487733840942, 33.993820607662315 ], [ -6.774387717247009, 33.993720591068382 ], [ -6.774287700653076, 33.993620574474278 ], [ -6.774187743663731, 33.993520617485103 ], [ -6.774087727069855, 33.993520617485103 ], [ -6.774087727069855, 33.99342060089117 ], [ -6.773987710475922, 33.99332058429718 ], [ -6.773887753486576, 33.99332058429718 ], [ -6.773787736892643, 33.993220627307835 ], [ -6.773687720298767, 33.993120610714072 ], [ -6.773587703704834, 33.993020594120139 ], [ -6.773487746715489, 33.993020594120139 ], [ -6.773387730121556, 33.992920577526206 ], [ -6.772987723350468, 33.992720603942928 ], [ -6.772787749767247, 33.992620587348995 ], [ -6.77258771657938, 33.992520570755062 ], [ -6.772487699985447, 33.99242061376566 ], [ -6.772387742996102, 33.99242061376566 ], [ -6.772287726402226, 33.992320597171727 ], [ -6.772187709808293, 33.992320597171727 ], [ -6.771887719631138, 33.992220580577964 ], [ -6.771587729454041, 33.992120623588619 ], [ -6.771387696266117, 33.992020606994686 ], [ -6.771287739276886, 33.992020606994686 ], [ -6.77108770608902, 33.992020606994686 ], [ -6.770987749099731, 33.992020606994686 ], [ -6.770887732505798, 33.991920590400753 ], [ -6.770787715911865, 33.991920590400753 ], [ -6.770587742328644, 33.991920590400753 ], [ -6.770487725734711, 33.991920590400753 ], [ -6.770387709140778, 33.991920590400753 ], [ -6.770287752151489, 33.991920590400753 ], [ -6.770187735557556, 33.99182057380682 ], [ -6.770087718963623, 33.99182057380682 ], [ -6.76998770236969, 33.99182057380682 ], [ -6.769887745380402, 33.99182057380682 ], [ -6.769787728786469, 33.99182057380682 ], [ -6.769787728786469, 33.991920590400753 ], [ -6.769687712192535, 33.991920590400753 ], [ -6.769587695598602, 33.991920590400753 ], [ -6.769487738609314, 33.991920590400753 ], [ -6.769387722015381, 33.991920590400753 ], [ -6.769287705421448, 33.991920590400753 ], [ -6.769087731838226, 33.99182057380682 ], [ -6.768987715244293, 33.99182057380682 ], [ -6.76888769865036, 33.99182057380682 ], [ -6.768587708473206, 33.991720616817474 ], [ -6.76848775148386, 33.991720616817474 ], [ -6.768387734889927, 33.991720616817474 ], [ -6.768287718295994, 33.991720616817474 ], [ -6.768187701702118, 33.99182057380682 ], [ -6.768087744712773, 33.99182057380682 ], [ -6.76798772811884, 33.99182057380682 ], [ -6.767887711524907, 33.99182057380682 ], [ -6.767787694930973, 33.99182057380682 ], [ -6.767687737941685, 33.991720616817474 ], [ -6.767587721347752, 33.991620600223541 ], [ -6.767487704753819, 33.991520583629551 ], [ -6.767387747764587, 33.991320610046444 ], [ -6.767287731170597, 33.99122059345251 ], [ -6.767187714576664, 33.991120576858577 ], [ -6.767187714576664, 33.991020619869232 ], [ -6.767087697982731, 33.990920603275299 ], [ -6.7669877409935, 33.990720570087433 ], [ -6.7669877409935, 33.990620613098031 ], [ -6.767087697982731, 33.990420579910335 ], [ -6.767087697982731, 33.990220606327227 ], [ -6.767187714576664, 33.990120589733124 ], [ -6.767187714576664, 33.989920616150016 ], [ -6.767287731170597, 33.989920616150016 ], [ -6.767287731170597, 33.989820599556083 ], [ -6.767187714576664, 33.989720582961922 ], [ -6.767187714576664, 33.989520609378815 ], [ -6.767287731170597, 33.989520609378815 ], [ -6.767287731170597, 33.989320576190948 ], [ -6.767287731170597, 33.989120602607841 ], [ -6.767387747764587, 33.988920569419975 ], [ -6.767387747764587, 33.988720595836639 ], [ -6.767387747764587, 33.988520622253532 ], [ -6.767387747764587, 33.988120615482387 ], [ -6.767387747764587, 33.988020598888454 ], [ -6.767387747764587, 33.987820625305119 ], [ -6.767387747764587, 33.987720608711186 ], [ -6.767287731170597, 33.98752057552349 ], [ -6.767287731170597, 33.987420618534145 ], [ -6.767287731170597, 33.987320601940212 ], [ -6.767187714576664, 33.987220585346279 ], [ -6.767187714576664, 33.987020611763 ], [ -6.767087697982731, 33.986920595169238 ], [ -6.7669877409935, 33.986820578575077 ], [ -6.766787707805577, 33.98662060499197 ], [ -6.766687750816345, 33.986320614814929 ], [ -6.766487717628479, 33.986220598220825 ], [ -6.766387701034489, 33.986020624637717 ], [ -6.766187727451324, 33.985820591449794 ], [ -6.766087710857391, 33.985620617866516 ], [ -6.765987694263345, 33.985520601272583 ], [ -6.76588773727417, 33.98542058467865 ], [ -6.765787720680237, 33.985320627689475 ], [ -6.765687704086304, 33.985220611095542 ], [ -6.765487730503082, 33.985120594501609 ], [ -6.765387713909149, 33.985120594501609 ], [ -6.765287697315216, 33.985020577907619 ], [ -6.765087723731995, 33.984820604324341 ], [ -6.764887750148773, 33.984820604324341 ], [ -6.764687716960907, 33.984720587730408 ], [ -6.764187693595886, 33.984420597553367 ], [ -6.764087736606541, 33.984420597553367 ], [ -6.763987720012665, 33.984320580959434 ], [ -6.763887703418732, 33.984220623970089 ], [ -6.763687729835453, 33.984020590782166 ], [ -6.763487696647644, 33.983920574188232 ], [ -6.763387739658299, 33.983820617198887 ], [ -6.763187706470433, 33.983520627021846 ], [ -6.762987732887211, 33.98332059383398 ], [ -6.762987732887211, 33.98322057723999 ], [ -6.762887716293278, 33.983020603656882 ], [ -6.76248770952219, 33.982620596885738 ], [ -6.762387752532959, 33.98242062330263 ], [ -6.762287735938912, 33.982220590114537 ], [ -6.761787712573948, 33.981320619583187 ], [ -6.761487722396851, 33.980520606041068 ], [ -6.761287748813629, 33.9802206158638 ], [ -6.761187732219696, 33.979720592498893 ], [ -6.761087715625763, 33.979320585727692 ], [ -6.76098769903183, 33.979220628738517 ], [ -6.76098769903183, 33.979120612144584 ], [ -6.761087715625763, 33.978820621967373 ], [ -6.76098769903183, 33.978620588779449 ], [ -6.760887742042542, 33.978420615196342 ], [ -6.76098769903183, 33.978320598602409 ], [ -6.76098769903183, 33.978220582008476 ], [ -6.76098769903183, 33.978020608425197 ], [ -6.761087715625763, 33.977720618247929 ], [ -6.761187732219696, 33.977520585060233 ], [ -6.761287748813629, 33.977220594883022 ], [ -6.761287748813629, 33.977020621299744 ], [ -6.761387705802804, 33.976720571517887 ], [ -6.761587738990784, 33.976020574569702 ], [ -6.761687695980015, 33.97562062740343 ], [ -6.761687695980015, 33.975420594215393 ], [ -6.761887729167938, 33.974620580673218 ], [ -6.762187719345036, 33.973920583724976 ], [ -6.762387752532959, 33.973620593547935 ], [ -6.762787699699345, 33.973320603370723 ], [ -6.763287723064366, 33.972820580005589 ], [ -6.763587713241577, 33.972520589828548 ], [ -6.763987720012665, 33.97222059965128 ], [ -6.765087723731995, 33.971320569515171 ], [ -6.765487730503082, 33.971020579338131 ], [ -6.766087710857391, 33.970520615577811 ], [ -6.766587734222412, 33.970020592212677 ], [ -6.766887724399453, 33.969820618629569 ], [ -6.767287731170597, 33.969420611858368 ], [ -6.767587721347752, 33.969120621681327 ], [ -6.76798772811884, 33.968820571899528 ], [ -6.768187701702118, 33.96852058172226 ], [ -6.768587708473206, 33.968120574951286 ], [ -6.768787741661015, 33.967920601368007 ], [ -6.769087731838226, 33.967720627784729 ], [ -6.769287705421448, 33.967520594596976 ], [ -6.769587695598602, 33.967320621013698 ], [ -6.770387709140778, 33.966920614242724 ], [ -6.770687699317932, 33.966720581054631 ], [ -6.770887732505798, 33.966520607471523 ], [ -6.771287739276886, 33.966320574283657 ], [ -6.771387696266117, 33.966320574283657 ], [ -6.771387696266117, 33.966220617294312 ], [ -6.771487712859994, 33.966120600700378 ], [ -6.771487712859994, 33.966220617294312 ], [ -6.771487712859994, 33.966320574283657 ], [ -6.771487712859994, 33.96642059087759 ], [ -6.771387696266117, 33.966520607471523 ], [ -6.771287739276886, 33.966620624065456 ], [ -6.771287739276886, 33.966720581054631 ], [ -6.771387696266117, 33.966720581054631 ], [ -6.771587729454041, 33.966720581054631 ], [ -6.771687746047974, 33.966720581054631 ], [ -6.771787703037205, 33.966720581054631 ], [ -6.771887719631138, 33.966720581054631 ], [ -6.771987736225128, 33.966720581054631 ], [ -6.772087752819061, 33.966620624065456 ], [ -6.772187709808293, 33.966620624065456 ], [ -6.772287726402226, 33.966520607471523 ], [ -6.77258771657938, 33.96642059087759 ], [ -6.772787749767247, 33.966320574283657 ], [ -6.772887706756535, 33.966220617294312 ], [ -6.772987723350468, 33.966120600700378 ], [ -6.773087739944401, 33.966020584106445 ], [ -6.773187696933746, 33.965920627117271 ], [ -6.773187696933746, 33.965820610523338 ], [ -6.773287713527623, 33.965720593929348 ], [ -6.773287713527623, 33.965620577335415 ], [ -6.773287713527623, 33.965520620346069 ], [ -6.773287713527623, 33.965420603752136 ], [ -6.773387730121556, 33.965320587158203 ], [ -6.773487746715489, 33.965320587158203 ], [ -6.773487746715489, 33.96522057056427 ], [ -6.773687720298767, 33.965020596980992 ], [ -6.773687720298767, 33.964920580387229 ], [ -6.773787736892643, 33.964820623397827 ], [ -6.773787736892643, 33.964720606803894 ], [ -6.773887753486576, 33.964620590210131 ], [ -6.773887753486576, 33.964520573616028 ], [ -6.773987710475922, 33.96432060003292 ], [ -6.774087727069855, 33.964220583438987 ], [ -6.774187743663731, 33.964120626449642 ], [ -6.774187743663731, 33.964020609855709 ], [ -6.774187743663731, 33.963920593261719 ], [ -6.774287700653076, 33.963920593261719 ], [ -6.774287700653076, 33.963820576667786 ], [ -6.774387717247009, 33.963720619678611 ], [ -6.774387717247009, 33.963620603084678 ], [ -6.774487733840942, 33.963520586490745 ], [ -6.774587750434875, 33.963520586490745 ], [ -6.774587750434875, 33.963420569896812 ], [ -6.774687707424164, 33.963420569896812 ], [ -6.774787724018097, 33.963320612907467 ], [ -6.77488774061203, 33.963220596313533 ], [ -6.774987697601318, 33.9631205797196 ], [ -6.775087714195251, 33.962920606136265 ], [ -6.775187730789185, 33.962820589542503 ], [ -6.775287747383118, 33.962720572948569 ], [ -6.775387704372406, 33.962720572948569 ], [ -6.775487720966339, 33.962620615959224 ], [ -6.775587737560272, 33.962620615959224 ], [ -6.775587737560272, 33.962520599365291 ], [ -6.775687694549561, 33.962420582771358 ], [ -6.775687694549561, 33.962320625782013 ], [ -6.775687694549561, 33.962020576000157 ], [ -6.775587737560272, 33.962020576000157 ], [ -6.775487720966339, 33.96222060918808 ], [ -6.775387704372406, 33.96222060918808 ], [ -6.775387704372406, 33.96212059259409 ], [ -6.775287747383118, 33.96212059259409 ], [ -6.775287747383118, 33.961920619010982 ], [ -6.775387704372406, 33.961720585823116 ], [ -6.775487720966339, 33.961620569229183 ], [ -6.775487720966339, 33.961520612239838 ], [ -6.775687694549561, 33.961620569229183 ], [ -6.775887727737427, 33.961520612239838 ], [ -6.776087701320535, 33.960920572280941 ], [ -6.776487708091679, 33.960420608520621 ], [ -6.776487708091679, 33.960120618343353 ], [ -6.776687741279602, 33.959320604801178 ], [ -6.777187705039921, 33.958220601081791 ], [ -6.777487695217076, 33.957220613956508 ], [ -6.777387738227787, 33.956720590591431 ], [ -6.777387738227787, 33.956592381000576 ], [ -6.777626097202301, 33.956245601177216 ], [ -6.778962194919586, 33.953016698360443 ], [ -6.780855000019073, 33.950121819973106 ], [ -6.782525122165623, 33.947227001190242 ], [ -6.786310732364655, 33.945445537567196 ], [ -6.787646830081883, 33.944666147232169 ], [ -6.788871586322784, 33.942216634750423 ], [ -6.789985001087132, 33.940991878509635 ], [ -6.790764391422272, 33.939989805221671 ], [ -6.792657196521759, 33.939321756362915 ], [ -6.795217990875244, 33.93731760978693 ], [ -6.794987738132477, 33.936520576477221 ], [ -6.794887721538544, 33.936420619487876 ], [ -6.794687747955322, 33.936320602893886 ], [ -6.794487714767456, 33.936220586299953 ], [ -6.806797504424935, 33.928855717182216 ], [ -6.806556403636876, 33.927981734275875 ], [ -6.806687712669316, 33.927620589733181 ], [ -6.804887712001801, 33.920120596885795 ], [ -6.804187715053558, 33.91932058334362 ], [ -6.804010212421417, 33.917367756366673 ], [ -6.805350065231266, 33.916496813297385 ], [ -6.812253177165985, 33.91048443317419 ], [ -6.816199779510441, 33.905661582946721 ], [ -6.824357628822327, 33.895710825920219 ] ], [ [ -6.83538502454752, 33.998872637748661 ], [ -6.834787726402283, 33.999320626258964 ], [ -6.833087742328587, 34.000820577144623 ], [ -6.831987738609257, 34.001620590686741 ], [ -6.830187737941742, 34.003120601177329 ], [ -6.829187750816345, 34.003920614719505 ], [ -6.828887701034546, 34.004120588302612 ], [ -6.827887713909149, 34.004920601844788 ], [ -6.827287733554783, 34.005420625209922 ], [ -6.826787710189762, 34.005820572376308 ], [ -6.827987730503025, 34.006720602512416 ], [ -6.828187704086304, 34.00682061910635 ], [ -6.829287707805634, 34.008020579814911 ], [ -6.829987704753876, 34.008720576763324 ], [ -6.83058774471283, 34.009420573711395 ], [ -6.831387698650303, 34.010620594024715 ], [ -6.832187712192479, 34.011720597743931 ], [ -6.832387745380345, 34.012120604515133 ], [ -6.83248770236969, 34.012220621109066 ], [ -6.833687722682953, 34.01262062788004 ], [ -6.833887696266174, 34.012420594692344 ], [ -6.833987712860107, 34.011920571327266 ], [ -6.833787739276886, 34.01142060756689 ], [ -6.83468770980835, 34.011120617389679 ], [ -6.834787726402283, 34.011520624160823 ], [ -6.835087716579437, 34.012320578098411 ], [ -6.835287749767303, 34.012920618057308 ], [ -6.835587739944458, 34.012920618057308 ], [ -6.836687743663674, 34.01262062788004 ], [ -6.837487697601318, 34.012420594692344 ], [ -6.837587714195195, 34.012320578098411 ], [ -6.837687730789128, 34.012320578098411 ], [ -6.837387740611973, 34.011220574379024 ], [ -6.83728772401804, 34.011020600795746 ], [ -6.836887717246952, 34.00982058048254 ], [ -6.836687743663674, 34.008920609951019 ], [ -6.83618772029871, 34.007320582866726 ], [ -6.836087703704777, 34.006920576095695 ], [ -6.836587727069798, 34.00682061910635 ], [ -6.83728772401804, 34.006720602512416 ], [ -6.837387740611973, 34.006720602512416 ], [ -6.837587714195195, 34.006420612335205 ], [ -6.83958774805069, 34.00472062826168 ], [ -6.840553402900639, 34.003851473331622 ], [ -6.841606914997044, 34.003985822200889 ], [ -6.84215921163559, 34.002332031726894 ], [ -6.842184782028085, 34.002255439758414 ], [ -6.840126633644104, 33.999470889568329 ], [ -6.83538502454752, 33.998872637748661 ] ] ] ] } },
{ "type": "Feature", "properties": { "Code_Commu": "04.441.00.01.", "Code_Provi": "04.441.", "CODE_REGIO": "04.", "nom": null, "Marocains_": null, "Etrangers_": null, "Populati_1": null, "Menages_": null, "nom_arabe": null }, "geometry": { "type": "MultiPolygon", "coordinates": [ [ [ [ -6.778839824999864, 34.095898090999981 ], [ -6.775601993999942, 34.093706328999986 ], [ -6.774987722999924, 34.094320599000184 ], [ -6.774971806999929, 34.094311504000075 ], [ -6.774952398999915, 34.094373610000048 ], [ -6.774647502999926, 34.094678506000037 ], [ -6.767863562999935, 34.090486184000099 ], [ -6.768208732999938, 34.090210049000063 ], [ -6.769464267999865, 34.089190376000204 ], [ -6.768828662999852, 34.088779659000238 ], [ -6.768320907999851, 34.088428135000072 ], [ -6.767253770999957, 34.088123239000083 ], [ -6.766415306999932, 34.088199463000194 ], [ -6.762832776999915, 34.085912742000232 ], [ -6.760241159999794, 34.083778468999924 ], [ -6.759783814999878, 34.083321125000111 ], [ -6.756048837999913, 34.080577060000167 ], [ -6.751780290999875, 34.07798544200017 ], [ -6.7404229099999, 34.070667935000188 ], [ -6.737526395999907, 34.069981918000167 ], [ -6.73653548399983, 34.066246940000042 ], [ -6.736059347999856, 34.061213505000069 ], [ -6.736046260999956, 34.061075150000079 ], [ -6.736036941999942, 34.060976640000092 ], [ -6.731733369999858, 34.059844121000083 ], [ -6.730971128999954, 34.059310552999989 ], [ -6.73041487799992, 34.057641799000123 ], [ -6.729487723999853, 34.052820599000142 ], [ -6.729385955999874, 34.052759538000203 ], [ -6.729294199999913, 34.052374166000106 ], [ -6.724796981999873, 34.049858772000164 ], [ -6.726473910999914, 34.047800723000137 ], [ -6.726087722999921, 34.047520599000222 ], [ -6.723187723999956, 34.045820599000081 ], [ -6.72727042199989, 34.041254572000184 ], [ -6.729787722999902, 34.040720599000167 ], [ -6.731487723999862, 34.039620599000102 ], [ -6.73081868099996, 34.037281806000124 ], [ -6.73081868099996, 34.035071309000102 ], [ -6.728987722999875, 34.034620599000107 ], [ -6.728289319999931, 34.034566876000042 ], [ -6.728531959999941, 34.031412555000088 ], [ -6.72632146299992, 34.032403468000098 ], [ -6.724492085999884, 34.030878987000165 ], [ -6.723343583999906, 34.031296351000037 ], [ -6.719613747999915, 34.033013260000075 ], [ -6.718514866999953, 34.033013260000075 ], [ -6.71733510599995, 34.03303990600017 ], [ -6.716641009999876, 34.033089484000186 ], [ -6.716267474999881, 34.032417119999934 ], [ -6.715535655999929, 34.03118751400018 ], [ -6.715040304999889, 34.030345419000241 ], [ -6.717174577999913, 34.026762889000111 ], [ -6.717476632999933, 34.024998372000198 ], [ -6.716987723999921, 34.025120599000104 ], [ -6.714787723999962, 34.025720599000181 ], [ -6.707587722999904, 34.027620599000045 ], [ -6.705187723999927, 34.02832059900004 ], [ -6.694487722999952, 34.031220599000164 ], [ -6.691087722999896, 34.032020599000077 ], [ -6.70658772399986, 34.014920599000106 ], [ -6.712787723999952, 34.00822059900014 ], [ -6.715287722999904, 34.005320599000186 ], [ -6.716587723999908, 34.004020599000114 ], [ -6.719487723999919, 34.00072059900009 ], [ -6.718770018999919, 33.999561229999983 ], [ -6.713138884999921, 33.996196284000121 ], [ -6.708438027999932, 33.990431082000043 ], [ -6.707373681999798, 33.989721518000124 ], [ -6.708687723999958, 33.988720599000203 ], [ -6.710987723999949, 33.986920599000086 ], [ -6.714387723999891, 33.984020599000132 ], [ -6.716187723999951, 33.982120598999984 ], [ -6.721087723999915, 33.978320599000142 ], [ -6.721887723999941, 33.977520599000229 ], [ -6.727187723999918, 33.972420599000145 ], [ -6.729987722999851, 33.968820599000139 ], [ -6.731387722999955, 33.966820599000243 ], [ -6.732087723999882, 33.965520599000115 ], [ -6.732687723999959, 33.964620599000114 ], [ -6.733687723999935, 33.963820599000144 ], [ -6.735487722999892, 33.96222059899992 ], [ -6.736487722999868, 33.961020599000108 ], [ -6.737187723999796, 33.960120599000106 ], [ -6.738187723999943, 33.958920599000123 ], [ -6.73828298199993, 33.958808022000085 ], [ -6.739770158999931, 33.95791571500007 ], [ -6.737787723999872, 33.954263861000072 ], [ -6.737787723999872, 33.953809707000175 ], [ -6.737787723999872, 33.953413759000114 ], [ -6.739324794999959, 33.951569274000178 ], [ -6.744669165999937, 33.950455864000048 ], [ -6.753186698999912, 33.942940394000118 ], [ -6.754133156999956, 33.942105283999922 ], [ -6.75468772399995, 33.942220599000166 ], [ -6.755287723999913, 33.942220599000166 ], [ -6.75568772299988, 33.942420599000172 ], [ -6.756187723999858, 33.942420599000172 ], [ -6.756387723999921, 33.942420599000172 ], [ -6.756587723999928, 33.942220599000166 ], [ -6.756787723999935, 33.942220599000166 ], [ -6.756787723999935, 33.942120599000077 ], [ -6.757387723999955, 33.941920599000184 ], [ -6.757987723999861, 33.941620599000089 ], [ -6.758187723999868, 33.941420599000026 ], [ -6.758687722999866, 33.941120599000101 ], [ -6.758887722999873, 33.941020599000183 ], [ -6.759387723999851, 33.940720599000201 ], [ -6.7596877229999, 33.940420599000106 ], [ -6.760087723999959, 33.940220599000043 ], [ -6.760264989999882, 33.940131966000081 ], [ -6.76125898499987, 33.938876393000044 ], [ -6.763074907999851, 33.93723341499998 ], [ -6.763597147999917, 33.936760912000238 ], [ -6.763887723999858, 33.93655335800014 ], [ -6.76437653499994, 33.936204207000117 ], [ -6.76571262799996, 33.935090796000054 ], [ -6.766937379999945, 33.934422750000238 ], [ -6.767785034999918, 33.934422750000238 ], [ -6.767787723999959, 33.934420599000134 ], [ -6.768287722999958, 33.934420599000134 ], [ -6.768787723999935, 33.934420599000134 ], [ -6.769287722999934, 33.934520599000223 ], [ -6.769987723999918, 33.934720599000116 ], [ -6.770687722999924, 33.93502059900004 ], [ -6.771387723999851, 33.935320599000192 ], [ -6.771687723999889, 33.935620599000117 ], [ -6.771587723999914, 33.935920599000099 ], [ -6.771587723999914, 33.936420599000087 ], [ -6.771787723999921, 33.936720599000182 ], [ -6.771787723999921, 33.936760964000086 ], [ -6.772727114999952, 33.937762982000038 ], [ -6.773840525999958, 33.937985664000166 ], [ -6.776178688999948, 33.937874323000074 ], [ -6.7794075799999, 33.937762982000038 ], [ -6.780298307999942, 33.937651641000116 ], [ -6.781189036999933, 33.937094935000061 ], [ -6.782079764999878, 33.935424819000104 ], [ -6.782970493999869, 33.934756773000231 ], [ -6.784529268999961, 33.934422750000238 ], [ -6.78742413699996, 33.935090796000054 ], [ -6.789984980999918, 33.935313478000182 ], [ -6.792087722999895, 33.935920599000099 ], [ -6.793287723999924, 33.935920599000099 ], [ -6.793887723999887, 33.935920599000099 ], [ -6.79398772299993, 33.936020599000187 ], [ -6.794187722999936, 33.936120599000105 ], [ -6.794487723999907, 33.936220599000194 ], [ -6.794687723999914, 33.936320599000112 ], [ -6.794887723999864, 33.936420599000087 ], [ -6.794987722999792, 33.936520599000175 ], [ -6.795218010999918, 33.937317618000122 ], [ -6.792657166999959, 33.93932175700013 ], [ -6.79076436899993, 33.939989803000174 ], [ -6.789984980999918, 33.940991873000087 ], [ -6.788871569999912, 33.942216625000185 ], [ -6.787646818999917, 33.944666128000108 ], [ -6.786310725999954, 33.94544551600012 ], [ -6.782525128999907, 33.94722697300017 ], [ -6.780855012999893, 33.950121841000225 ], [ -6.778962214999865, 33.953016708000177 ], [ -6.777626121999901, 33.956245599000113 ], [ -6.77738772399988, 33.95659236099999 ], [ -6.77738772399988, 33.956720599000164 ], [ -6.777487722999922, 33.957220598999925 ], [ -6.777187723999873, 33.958220599000072 ], [ -6.776687723999885, 33.959320599000137 ], [ -6.776487723999935, 33.960120599000106 ], [ -6.776487723999935, 33.960420599000201 ], [ -6.776087723999922, 33.96092059900019 ], [ -6.775887723999858, 33.961520599000096 ], [ -6.775687723999908, 33.961620599000014 ], [ -6.775487723999902, 33.961520599000096 ], [ -6.775487723999902, 33.961620599000014 ], [ -6.775387722999881, 33.961720598999932 ], [ -6.775287723999952, 33.961920599000166 ], [ -6.775287723999952, 33.962120599000173 ], [ -6.775387722999881, 33.962120599000173 ], [ -6.775387722999881, 33.96222059899992 ], [ -6.775487723999902, 33.96222059899992 ], [ -6.775587722999944, 33.962020599000084 ], [ -6.775687723999908, 33.962020599000084 ], [ -6.775687723999908, 33.962320599000236 ], [ -6.775687723999908, 33.962420598999984 ], [ -6.775587722999944, 33.962520599000072 ], [ -6.775587722999944, 33.96262059899999 ], [ -6.775487723999902, 33.96262059899999 ], [ -6.775387722999881, 33.962720599000079 ], [ -6.775287723999952, 33.962720599000079 ], [ -6.775187722999931, 33.962820599000224 ], [ -6.775087723999945, 33.962920599000142 ], [ -6.774987722999924, 33.963120598999978 ], [ -6.774887723999825, 33.963220599000238 ], [ -6.774787722999918, 33.963320598999985 ], [ -6.774687723999875, 33.963420599000131 ], [ -6.774587722999854, 33.963420599000131 ], [ -6.774587722999854, 33.963520599000049 ], [ -6.774487723999925, 33.963520599000049 ], [ -6.774387722999904, 33.963620599000137 ], [ -6.774387722999904, 33.963720599000226 ], [ -6.774287723999919, 33.963820599000144 ], [ -6.774287723999919, 33.963920599000062 ], [ -6.774187722999898, 33.963920599000062 ], [ -6.774187722999898, 33.964020599000037 ], [ -6.774187722999898, 33.964120599000125 ], [ -6.774087723999912, 33.964220599000043 ], [ -6.773987722999948, 33.964320599000132 ], [ -6.773887723999849, 33.964520599000195 ], [ -6.773887723999849, 33.964620599000114 ], [ -6.773787722999941, 33.964720599000202 ], [ -6.773787722999941, 33.96482059900012 ], [ -6.773687723999899, 33.964920599000038 ], [ -6.773687723999899, 33.965020599000127 ], [ -6.773487723999892, 33.96522059900019 ], [ -6.773487723999892, 33.965320599000108 ], [ -6.773387722999871, 33.965320599000108 ], [ -6.773287723999943, 33.965420599000197 ], [ -6.773287723999943, 33.965520599000115 ], [ -6.773287723999943, 33.965620599000033 ], [ -6.773287723999943, 33.965720599000178 ], [ -6.773187722999921, 33.965820599000097 ], [ -6.773187722999921, 33.965920599000185 ], [ -6.773087723999936, 33.966020599000103 ], [ -6.772987722999915, 33.966120599000021 ], [ -6.772887723999872, 33.966220599000167 ], [ -6.772787722999908, 33.966320599000085 ], [ -6.772587722999958, 33.966420599000173 ], [ -6.772287723999909, 33.966520599000091 ], [ -6.772187722999888, 33.96662059900018 ], [ -6.77208772399996, 33.96662059900018 ], [ -6.771987722999938, 33.966720598999927 ], [ -6.771887723999953, 33.966720598999927 ], [ -6.771787723999921, 33.966720598999927 ], [ -6.771687723999889, 33.966720598999927 ], [ -6.771587723999914, 33.966720598999927 ], [ -6.771387723999851, 33.966720598999927 ], [ -6.771287723999933, 33.966720598999927 ], [ -6.771287723999933, 33.96662059900018 ], [ -6.771387723999851, 33.966520599000091 ], [ -6.771487723999883, 33.966420599000173 ], [ -6.771487723999883, 33.966320599000085 ], [ -6.771487723999883, 33.966220599000167 ], [ -6.771487723999883, 33.966120599000021 ], [ -6.771387723999851, 33.966220599000167 ], [ -6.771387723999851, 33.966320599000085 ], [ -6.771287723999933, 33.966320599000085 ], [ -6.770887723999863, 33.966520599000091 ], [ -6.770687722999924, 33.966720598999927 ], [ -6.770387723999818, 33.96692059899999 ], [ -6.769587723999905, 33.967320599000232 ], [ -6.769287722999934, 33.967520599000238 ], [ -6.769087722999814, 33.967720599000245 ], [ -6.768787723999935, 33.967920599000138 ], [ -6.768587723999929, 33.968120599000144 ], [ -6.768187723999858, 33.968520599000044 ], [ -6.767987723999909, 33.968820599000139 ], [ -6.767587723999952, 33.969120599000121 ], [ -6.767287722999924, 33.969420599000046 ], [ -6.766887722999854, 33.969820599000116 ], [ -6.766587723999919, 33.970020599000122 ], [ -6.766087723999931, 33.97052059900011 ], [ -6.765487723999911, 33.971020599000099 ], [ -6.765087723999955, 33.97132059900008 ], [ -6.7639877229999, 33.972220599000082 ], [ -6.763587722999944, 33.972520599000234 ], [ -6.763287723999952, 33.972820598999988 ], [ -6.762787722999917, 33.973320599000147 ], [ -6.762387722999961, 33.973620599000128 ], [ -6.762187722999897, 33.973920599000223 ], [ -6.761887723999848, 33.974620599000048 ], [ -6.761687723999955, 33.975420599000188 ], [ -6.761687723999955, 33.975620599000194 ], [ -6.761587722999934, 33.976020599000094 ], [ -6.761387722999871, 33.976720599000089 ], [ -6.761287723999942, 33.97702059900007 ], [ -6.761287723999942, 33.977220599000077 ], [ -6.761187722999864, 33.977520599000229 ], [ -6.761087723999935, 33.977720599000236 ], [ -6.760987723999904, 33.97802059899999 ], [ -6.760987723999904, 33.978220599000224 ], [ -6.760987723999904, 33.978320599000142 ], [ -6.760887723999929, 33.978420599000231 ], [ -6.760987723999904, 33.978620599000124 ], [ -6.761087723999935, 33.97882059900013 ], [ -6.760987723999904, 33.979120599000055 ], [ -6.760987723999904, 33.9792205990002 ], [ -6.761087723999935, 33.979320599000118 ], [ -6.761187722999864, 33.979720599000188 ], [ -6.761287723999942, 33.98022059900012 ], [ -6.761487723999892, 33.980520599000101 ], [ -6.761787722999941, 33.981320599000185 ], [ -6.762287723999918, 33.982220599000243 ], [ -6.762387722999961, 33.982420599000079 ], [ -6.762487723999868, 33.982620599000143 ], [ -6.762887723999938, 33.983020598999985 ], [ -6.762987722999924, 33.983220599000049 ], [ -6.762987722999924, 33.983320599000137 ], [ -6.763187722999874, 33.983520599000144 ], [ -6.76338772299988, 33.983820599000126 ], [ -6.763487723999901, 33.983920599000044 ], [ -6.763687723999851, 33.984020599000132 ], [ -6.763887723999858, 33.984220599000196 ], [ -6.7639877229999, 33.984320599000114 ], [ -6.764087723999921, 33.984420599000202 ], [ -6.764187722999907, 33.984420599000202 ], [ -6.764687723999884, 33.984720599000127 ], [ -6.764887723999948, 33.984820599000102 ], [ -6.765087723999955, 33.984820599000102 ], [ -6.765287723999904, 33.985020599000109 ], [ -6.765387723999936, 33.985120599000197 ], [ -6.765487723999911, 33.985120599000197 ], [ -6.765687723999861, 33.985220599000115 ], [ -6.765787723999949, 33.985320599000033 ], [ -6.765887723999811, 33.985420599000179 ], [ -6.765987723999899, 33.985520599000097 ], [ -6.766087723999931, 33.985620599000185 ], [ -6.766187723999849, 33.985820599000022 ], [ -6.766387723999856, 33.986020599000085 ], [ -6.766487722999955, 33.986220599000092 ], [ -6.766687722999905, 33.98632059900018 ], [ -6.766787723999926, 33.98662059899999 ], [ -6.766987723999875, 33.986820599000168 ], [ -6.767087722999861, 33.986920599000086 ], [ -6.767187723999882, 33.987020599000232 ], [ -6.767187723999882, 33.987220599000239 ], [ -6.767287722999924, 33.987320598999986 ], [ -6.767287722999924, 33.987420599000075 ], [ -6.767287722999924, 33.98752059899999 ], [ -6.767387723999946, 33.987720599000227 ], [ -6.767387723999946, 33.987820599000145 ], [ -6.767387723999946, 33.988020598999981 ], [ -6.767387723999946, 33.988120599000069 ], [ -6.767387723999946, 33.98852059900014 ], [ -6.767387723999946, 33.988720599000203 ], [ -6.767387723999946, 33.988920599000039 ], [ -6.767287722999924, 33.989120599000046 ], [ -6.767287722999924, 33.989320599000109 ], [ -6.767287722999924, 33.989520599000116 ], [ -6.767187723999882, 33.989520599000116 ], [ -6.767187723999882, 33.989720599000123 ], [ -6.767287722999924, 33.989820599000041 ], [ -6.767287722999924, 33.989920599000186 ], [ -6.767187723999882, 33.989920599000186 ], [ -6.767187723999882, 33.990120599000193 ], [ -6.767087722999861, 33.990220599000111 ], [ -6.767087722999861, 33.990420599000174 ], [ -6.766987723999875, 33.990620599000181 ], [ -6.766987723999875, 33.990720599000099 ], [ -6.767087722999861, 33.990920598999935 ], [ -6.767187723999882, 33.99102059900008 ], [ -6.767187723999882, 33.991120599000169 ], [ -6.767287722999924, 33.991220599000087 ], [ -6.767387723999946, 33.991320599000176 ], [ -6.767487722999931, 33.991520599000012 ], [ -6.767587723999952, 33.991620598999987 ], [ -6.767687722999881, 33.991720599000075 ], [ -6.767787723999959, 33.991820599000164 ], [ -6.767887722999888, 33.991820599000164 ], [ -6.767987723999909, 33.991820599000164 ], [ -6.768087722999951, 33.991820599000164 ], [ -6.768187723999858, 33.991820599000164 ], [ -6.768287722999958, 33.991720599000075 ], [ -6.768387723999865, 33.991720599000075 ], [ -6.768487722999907, 33.991720599000075 ], [ -6.768587723999929, 33.991720599000075 ], [ -6.768887722999864, 33.991820599000164 ], [ -6.768987723999885, 33.991820599000164 ], [ -6.769087722999814, 33.991820599000164 ], [ -6.769287722999934, 33.991920599000082 ], [ -6.769387723999955, 33.991920599000082 ], [ -6.769487722999941, 33.991920599000082 ], [ -6.769587723999905, 33.991920599000082 ], [ -6.76968772299989, 33.991920599000082 ], [ -6.769787723999912, 33.991920599000082 ], [ -6.769787723999912, 33.991820599000164 ], [ -6.769887722999897, 33.991820599000164 ], [ -6.769987723999918, 33.991820599000164 ], [ -6.770087722999961, 33.991820599000164 ], [ -6.770187723999868, 33.991820599000164 ], [ -6.77028772299991, 33.991920599000082 ], [ -6.770387723999818, 33.991920599000082 ], [ -6.770487722999917, 33.991920599000082 ], [ -6.770587723999938, 33.991920599000082 ], [ -6.770787723999945, 33.991920599000082 ], [ -6.770887723999863, 33.991920599000082 ], [ -6.770987723999895, 33.99202059900017 ], [ -6.771087723999926, 33.99202059900017 ], [ -6.771287723999933, 33.99202059900017 ], [ -6.771387723999851, 33.99202059900017 ], [ -6.771587723999914, 33.992120599000145 ], [ -6.771887723999953, 33.992220599000234 ], [ -6.772187722999888, 33.992320598999981 ], [ -6.772287723999909, 33.992320598999981 ], [ -6.772387722999895, 33.99242059900007 ], [ -6.772487723999916, 33.99242059900007 ], [ -6.772587722999958, 33.992520598999988 ], [ -6.772787722999908, 33.992620599000077 ], [ -6.772987722999915, 33.992720599000222 ], [ -6.773387722999871, 33.992920599000229 ], [ -6.773487723999892, 33.993020599000147 ], [ -6.773587722999821, 33.993020599000147 ], [ -6.773687723999899, 33.993120599000065 ], [ -6.773787722999941, 33.993220598999983 ], [ -6.773887723999849, 33.993320599000128 ], [ -6.773987722999948, 33.993320599000128 ], [ -6.774087723999912, 33.993420599000046 ], [ -6.774087723999912, 33.993520599000135 ], [ -6.774187722999898, 33.993520599000135 ], [ -6.774287723999919, 33.993620599000224 ], [ -6.774387722999904, 33.993720599000142 ], [ -6.774487723999925, 33.993820599000117 ], [ -6.774487723999925, 33.993920599000035 ], [ -6.774787722999918, 33.99422059900013 ], [ -6.774987722999924, 33.994520599000111 ], [ -6.774987722999924, 33.9946205990002 ], [ -6.775187722999931, 33.994920599000181 ], [ -6.775387722999881, 33.995220599000106 ], [ -6.775587722999944, 33.995520599000088 ], [ -6.775687723999908, 33.995620599000176 ], [ -6.775687723999908, 33.995720599000094 ], [ -6.775787722999951, 33.996220599000083 ], [ -6.775987722999957, 33.996520599000178 ], [ -6.775987722999957, 33.996620598999925 ], [ -6.776187723999897, 33.996920599000077 ], [ -6.776187723999897, 33.997020599000166 ], [ -6.776187723999897, 33.997120599000084 ], [ -6.776287723999928, 33.997120599000084 ], [ -6.77638772399996, 33.997320598999977 ], [ -6.77638772399996, 33.997420599000236 ], [ -6.776487723999935, 33.997620599000072 ], [ -6.776687723999885, 33.997820599000136 ], [ -6.776787723999917, 33.997920599000224 ], [ -6.776887723999948, 33.998020599000142 ], [ -6.777087723999955, 33.998120599000231 ], [ -6.777087723999955, 33.998220598999978 ], [ -6.777287723999962, 33.998320599000124 ], [ -6.777587723999943, 33.998620599000049 ], [ -6.777687722999929, 33.998720599000137 ], [ -6.77778772399995, 33.998720599000137 ], [ -6.7779877239999, 33.998820599000055 ], [ -6.7779877239999, 33.998920599000201 ], [ -6.778087722999828, 33.998920599000201 ], [ -6.778187723999906, 33.998920599000201 ], [ -6.778287722999949, 33.999020599000119 ], [ -6.778387723999856, 33.999020599000119 ], [ -6.778487722999955, 33.999120599000037 ], [ -6.778587723999919, 33.999120599000037 ], [ -6.778787723999926, 33.999220599000125 ], [ -6.778887722999912, 33.999220599000125 ], [ -6.778987723999933, 33.999320599000043 ], [ -6.779087722999861, 33.999320599000043 ], [ -6.779187723999883, 33.999320599000043 ], [ -6.779287722999925, 33.999320599000043 ], [ -6.779387723999832, 33.999320599000043 ], [ -6.779587723999953, 33.999320599000043 ], [ -6.779687722999938, 33.999220599000125 ], [ -6.779787723999959, 33.999220599000125 ], [ -6.780087722999951, 33.999220599000125 ], [ -6.780187723999916, 33.999120599000037 ], [ -6.780387723999866, 33.999220599000125 ], [ -6.780487722999908, 33.999220599000125 ], [ -6.780587723999929, 33.999120599000037 ], [ -6.780687722999915, 33.999120599000037 ], [ -6.781087722999871, 33.999020599000119 ], [ -6.781187723999892, 33.998920599000201 ], [ -6.781287722999934, 33.998920599000201 ], [ -6.781587723999849, 33.998820599000055 ], [ -6.78168772399988, 33.998720599000137 ], [ -6.781887723999887, 33.99852059900013 ], [ -6.782187723999868, 33.998320599000124 ], [ -6.782487723999907, 33.998120599000231 ], [ -6.782687723999913, 33.998020599000142 ], [ -6.782787722999956, 33.997920599000224 ], [ -6.782887723999863, 33.997920599000224 ], [ -6.783187722999912, 33.99772059899999 ], [ -6.783387722999919, 33.99772059899999 ], [ -6.78348772399994, 33.997620599000072 ], [ -6.78388772399984, 33.997420599000236 ], [ -6.783987722999939, 33.997420599000236 ], [ -6.784187722999945, 33.997320598999977 ], [ -6.784487723999916, 33.997120599000084 ], [ -6.784587722999959, 33.997020599000166 ], [ -6.784687723999923, 33.996920599000077 ], [ -6.784787722999852, 33.996820598999989 ], [ -6.784987722999915, 33.996720599000241 ], [ -6.785087723999936, 33.996620598999925 ], [ -6.785187722999922, 33.996520599000178 ], [ -6.785387722999872, 33.996320599000171 ], [ -6.785687723999899, 33.996120599000164 ], [ -6.785787722999942, 33.996020599000019 ], [ -6.785887723999849, 33.995820599000183 ], [ -6.786087723999856, 33.995620599000176 ], [ -6.786287723999919, 33.995420599000113 ], [ -6.786487723999926, 33.995120599000188 ], [ -6.786687723999876, 33.994920599000181 ], [ -6.786787722999861, 33.994820599000036 ], [ -6.786887723999882, 33.994720599000118 ], [ -6.786987722999925, 33.9946205990002 ], [ -6.787287723999953, 33.994420599000193 ], [ -6.787387723999871, 33.99422059900013 ], [ -6.787587723999934, 33.994020599000123 ], [ -6.787887723999859, 33.993620599000224 ], [ -6.787987723999947, 33.993520599000135 ], [ -6.788087723999865, 33.993320599000128 ], [ -6.788187723999897, 33.993120599000065 ], [ -6.788287722999939, 33.993020599000147 ], [ -6.788387723999847, 33.99282059900014 ], [ -6.788387723999847, 33.992720599000222 ], [ -6.788487722999946, 33.992620599000077 ], [ -6.788487722999946, 33.992520598999988 ], [ -6.788587723999854, 33.99242059900007 ], [ -6.788587723999854, 33.992220599000234 ], [ -6.788687722999953, 33.99202059900017 ], [ -6.788687722999953, 33.991920599000082 ], [ -6.788787723999917, 33.991820599000164 ], [ -6.788887722999903, 33.991620598999987 ], [ -6.788887722999903, 33.991520599000012 ], [ -6.788987723999924, 33.991420599000094 ], [ -6.788987723999924, 33.991320599000176 ], [ -6.789087722999852, 33.991220599000087 ], [ -6.789087722999852, 33.991120599000169 ], [ -6.78918772399993, 33.99102059900008 ], [ -6.789287722999859, 33.990920598999935 ], [ -6.78938772399988, 33.990820599000187 ], [ -6.789687722999929, 33.990620599000181 ], [ -6.78978772399995, 33.990520599000092 ], [ -6.789887722999879, 33.990420599000174 ], [ -6.789987723999957, 33.990320599000029 ], [ -6.790087722999886, 33.990320599000029 ], [ -6.790287722999949, 33.990220599000111 ], [ -6.790387723999856, 33.990220599000111 ], [ -6.790487722999956, 33.990120599000193 ], [ -6.790587723999863, 33.990120599000193 ], [ -6.790687722999905, 33.990120599000193 ], [ -6.790887722999912, 33.990120599000193 ], [ -6.791087722999862, 33.990120599000193 ], [ -6.791287722999868, 33.990220599000111 ], [ -6.79138772399989, 33.990220599000111 ], [ -6.791487722999932, 33.990220599000111 ], [ -6.791687722999939, 33.990320599000029 ], [ -6.791687722999939, 33.990420599000174 ], [ -6.791887722999888, 33.990520599000092 ], [ -6.792187723999916, 33.990720599000099 ], [ -6.792487723999955, 33.99102059900008 ], [ -6.792687723999904, 33.991320599000176 ], [ -6.793187723999893, 33.991820599000164 ], [ -6.793287723999924, 33.991920599000082 ], [ -6.793487723999931, 33.992220599000234 ], [ -6.793687723999938, 33.992320598999981 ], [ -6.793887723999887, 33.992620599000077 ], [ -6.79398772299993, 33.992720599000222 ], [ -6.79398772299993, 33.99282059900014 ], [ -6.79398772299993, 33.992920599000229 ], [ -6.794087723999951, 33.993020599000147 ], [ -6.794187722999936, 33.993120599000065 ], [ -6.794287723999958, 33.993120599000065 ], [ -6.794287723999958, 33.993220598999983 ], [ -6.794387722999886, 33.993220598999983 ], [ -6.794487723999907, 33.993220598999983 ], [ -6.794487723999907, 33.993320599000128 ], [ -6.794587722999893, 33.993320599000128 ], [ -6.794687723999914, 33.993420599000046 ], [ -6.794787722999956, 33.993420599000046 ], [ -6.794887723999864, 33.993420599000046 ], [ -6.794887723999864, 33.993520599000135 ], [ -6.794987722999792, 33.993520599000135 ], [ -6.79508772399987, 33.993520599000135 ], [ -6.795187722999913, 33.993520599000135 ], [ -6.795580989999848, 33.993620599000224 ], [ -6.795587722999869, 33.993620599000224 ], [ -6.795589004999954, 33.993621881000195 ], [ -6.7970842699998, 33.993861123999977 ], [ -6.798527660999923, 33.993933293000168 ], [ -6.801630952999915, 33.993788954000024 ], [ -6.802787723999927, 33.993820599000117 ], [ -6.803087722999919, 33.993820599000117 ], [ -6.803287722999869, 33.993920599000035 ], [ -6.80338772399989, 33.994020599000123 ], [ -6.803687723999928, 33.99422059900013 ], [ -6.80398772399991, 33.994720599000118 ], [ -6.804387723999923, 33.995320599000195 ], [ -6.804687723999905, 33.996020599000019 ], [ -6.804987722999954, 33.996620598999925 ], [ -6.805287723999811, 33.997120599000084 ], [ -6.805587722999917, 33.997520598999984 ], [ -6.80598772299993, 33.997920599000224 ], [ -6.806087723999894, 33.998120599000231 ], [ -6.806887723999921, 33.998720599000137 ], [ -6.807587722999926, 33.999320599000043 ], [ -6.808087723999847, 33.999820599000202 ], [ -6.808487723999917, 34.000120599000184 ], [ -6.808587722999903, 34.000220599000102 ], [ -6.808687723999924, 34.00032059900019 ], [ -6.808787723999956, 34.000520599000026 ], [ -6.808987723999905, 34.00072059900009 ], [ -6.80908772399988, 34.000820599000178 ], [ -6.809287723999944, 34.001120598999933 ], [ -6.809487723999951, 34.001520599000173 ], [ -6.809687723999957, 34.001820598999984 ], [ -6.809687723999957, 34.00202059899999 ], [ -6.809887723999907, 34.002420599000232 ], [ -6.809887723999907, 34.002520598999979 ], [ -6.809987723999939, 34.002720598999986 ], [ -6.810187723999945, 34.003220599000144 ], [ -6.810287722999874, 34.003320599000062 ], [ -6.81058837899991, 34.004162434000193 ], [ -6.811630549999961, 34.006280331000198 ], [ -6.811926612999855, 34.008500804000164 ], [ -6.811630549999961, 34.010499230000107 ], [ -6.810594328999855, 34.012127577000115 ], [ -6.807855745999916, 34.015606318000096 ], [ -6.807041571999946, 34.017086633000076 ], [ -6.807041571999946, 34.018270886000096 ], [ -6.806893540999909, 34.019307106000042 ], [ -6.806921695999904, 34.019433804000073 ], [ -6.806991837999931, 34.019749440999988 ], [ -6.807189603999859, 34.020639389999985 ], [ -6.808225823999919, 34.023081910000087 ], [ -6.808890301999895, 34.024037097000189 ], [ -6.809360228999878, 34.024425775000168 ], [ -6.810870754999883, 34.025747485000124 ], [ -6.812318341999855, 34.02625099300019 ], [ -6.815276455999935, 34.027195072000097 ], [ -6.816692573999944, 34.02744682600013 ], [ -6.818486322999945, 34.027352419000238 ], [ -6.821098273999951, 34.02716360300002 ], [ -6.823899039999958, 34.027415357000109 ], [ -6.823881337999921, 34.027465512999981 ], [ -6.823861895999926, 34.02752059900007 ], [ -6.823710224999957, 34.027950335000128 ], [ -6.825031934999913, 34.028044743000123 ], [ -6.827266253999937, 34.028390904999981 ], [ -6.827958578999926, 34.028516782000167 ], [ -6.827518008999903, 34.028516782000167 ], [ -6.827423600999907, 34.028737067000179 ], [ -6.827549477999924, 34.028862944000025 ], [ -6.827864170999931, 34.028894413999978 ], [ -6.828115924999906, 34.028737067000179 ], [ -6.828619433999904, 34.028894413999978 ], [ -6.82943763499992, 34.029492330000096 ], [ -6.830098489999898, 34.028862944000025 ], [ -6.83031877499991, 34.02895735200002 ], [ -6.829752327999927, 34.029523799000117 ], [ -6.829941143999918, 34.029586738000091 ], [ -6.830255836999868, 34.029334984000229 ], [ -6.830444651999926, 34.02936645300008 ], [ -6.830885221999893, 34.030027308000115 ], [ -6.830987723999954, 34.030220922000126 ], [ -6.831040493999865, 34.030320598999936 ], [ -6.831087723999929, 34.030409811000027 ], [ -6.831168445999879, 34.030562286000134 ], [ -6.83117050099986, 34.030603375999988 ], [ -6.8311999149999, 34.031191671999977 ], [ -6.831776435999927, 34.031109312000126 ], [ -6.83296219499988, 34.030939917000012 ], [ -6.83299366499989, 34.031002855999986 ], [ -6.831869439999878, 34.031202315000087 ], [ -6.831042568999919, 34.031349018000242 ], [ -6.8311999149999, 34.031821057000116 ], [ -6.831514607999907, 34.032387505000088 ], [ -6.83226987099988, 34.033111298000222 ], [ -6.83230035899993, 34.033113556999922 ], [ -6.832306110999866, 34.033124423000118 ], [ -6.832647502999862, 34.03320570599999 ], [ -6.833119541999906, 34.03320570599999 ], [ -6.833119541999906, 34.032544851000125 ], [ -6.833245418999866, 34.03245044300013 ], [ -6.833465703999877, 34.033646276000241 ], [ -6.833906273999901, 34.034779171000082 ], [ -6.834252435999872, 34.035282678999977 ], [ -6.835542676999864, 34.036667328000078 ], [ -6.835448268999869, 34.036761736000244 ], [ -6.833748927999864, 34.034999456000094 ], [ -6.832804848999899, 34.035597372000041 ], [ -6.832301339999901, 34.036226758000225 ], [ -6.83208105499989, 34.036793205000095 ], [ -6.832018116999905, 34.037516998999934 ], [ -6.832175462999885, 34.038398139000037 ], [ -6.83257131799985, 34.038863850000098 ], [ -6.832619524999927, 34.038877805000084 ], [ -6.83282238399994, 34.038945425000179 ], [ -6.833088072999885, 34.038618424000049 ], [ -6.835731492999855, 34.038744301000236 ], [ -6.835731492999855, 34.038870178000082 ], [ -6.833402765999892, 34.038712832000044 ], [ -6.833039017999909, 34.03898564299999 ], [ -6.833094823999943, 34.038989303000108 ], [ -6.833025133999911, 34.039058994000243 ], [ -6.832899256999895, 34.03921634000011 ], [ -6.832867787999874, 34.039593971999921 ], [ -6.83296219499988, 34.040160419000188 ], [ -6.833245418999866, 34.040915682000048 ], [ -6.833509760999959, 34.041091910000091 ], [ -6.833654519999868, 34.040947151000069 ], [ -6.83371745799991, 34.040726866000227 ], [ -6.83371745799991, 34.040443642000241 ], [ -6.83371745799991, 34.040097480000043 ], [ -6.833654519999868, 34.039719849000164 ], [ -6.833560111999873, 34.039499563999925 ], [ -6.83371745799991, 34.03921634000011 ], [ -6.83403215099986, 34.039058994000243 ], [ -6.836077654999883, 34.039279279000084 ], [ -6.836486755999829, 34.038461077000079 ], [ -6.836707040999954, 34.038586954000095 ], [ -6.83651822499985, 34.039247809000187 ], [ -6.837619649999851, 34.03940515599993 ], [ -6.838249035999866, 34.039562502000194 ], [ -6.83828050499983, 34.039719849000164 ], [ -6.837651118999872, 34.039562502000194 ], [ -6.834063620999871, 34.039279279000084 ], [ -6.833937742999865, 34.039373687000079 ], [ -6.83387480499988, 34.039593971999921 ], [ -6.83387480499988, 34.039908664999928 ], [ -6.833969212999875, 34.04041217300005 ], [ -6.833906273999901, 34.040884212000094 ], [ -6.833651690999886, 34.041186530000061 ], [ -6.833724319999874, 34.041234949000113 ], [ -6.83363291399985, 34.042179489000091 ], [ -6.832756963999941, 34.043095629000049 ], [ -6.831987723999873, 34.044420599000034 ], [ -6.830887723999922, 34.045620599000245 ], [ -6.830658127999925, 34.046396492000042 ], [ -6.830287723999902, 34.046620599000164 ], [ -6.829887723999946, 34.046820599000228 ], [ -6.829448599999864, 34.047409880000203 ], [ -6.828435212999864, 34.048455958000091 ], [ -6.82738913399993, 34.050286595000102 ], [ -6.826604575999909, 34.050580804000049 ], [ -6.826087723999876, 34.050920599000165 ], [ -6.825918086999934, 34.051365363000173 ], [ -6.82454510999986, 34.053130619000228 ], [ -6.823956690999921, 34.053392140000142 ], [ -6.824250899999925, 34.05388248800017 ], [ -6.823433650999903, 34.054372837000187 ], [ -6.821864533999928, 34.055615055000089 ], [ -6.821929913999952, 34.056170784000187 ], [ -6.821537634999913, 34.05623616400004 ], [ -6.821341494999899, 34.05682458299998 ], [ -6.821014595999941, 34.057314932000168 ], [ -6.820589625999958, 34.057347622000179 ], [ -6.819968517999939, 34.05803411100004 ], [ -6.819347408999931, 34.058753289000038 ], [ -6.818678601999864, 34.058779144000141 ], [ -6.818334019999952, 34.059014809000189 ], [ -6.818562849999864, 34.05947246900007 ], [ -6.817876360999833, 34.06042047699998 ], [ -6.817353321999917, 34.060681996000199 ], [ -6.816797592999933, 34.060681996000199 ], [ -6.816928352999923, 34.061139654999977 ], [ -6.816699522999954, 34.06163000500004 ], [ -6.816470692999872, 34.062251113000116 ], [ -6.816169980999859, 34.062266203000092 ], [ -6.815914964999877, 34.062708773000111 ], [ -6.815489994999893, 34.063133742000048 ], [ -6.815097715999855, 34.062349183000038 ], [ -6.814215087999855, 34.061924213999987 ], [ -6.814084327999865, 34.062120354000228 ], [ -6.814149707999945, 34.062316493000196 ], [ -6.814084327999865, 34.062872222000237 ], [ -6.814215087999855, 34.063460641000177 ], [ -6.813855497999953, 34.064147130000038 ], [ -6.813187723999931, 34.063220599000203 ], [ -6.812750839999921, 34.063107479999985 ], [ -6.812221000999955, 34.062970293000092 ], [ -6.811992170999872, 34.063427951000108 ], [ -6.811272992999875, 34.063329882000119 ], [ -6.811338372999955, 34.064016370000047 ], [ -6.810717263999891, 34.064081750000128 ], [ -6.810498897999935, 34.063939332000245 ], [ -6.810161534999907, 34.064179820000049 ], [ -6.811305682999887, 34.064898998999979 ], [ -6.810946092999927, 34.06545472800002 ], [ -6.810390364999932, 34.065225898000108 ], [ -6.809965394999949, 34.064768238999989 ], [ -6.809671185999946, 34.064702859000079 ], [ -6.809897873999944, 34.065514738999923 ], [ -6.809638494999888, 34.065618177000147 ], [ -6.809344285999885, 34.064997068000196 ], [ -6.808461657999942, 34.064898998999979 ], [ -6.808036688999948, 34.065389348000167 ], [ -6.808036688999948, 34.066108526000164 ], [ -6.808984696999914, 34.066010457000118 ], [ -6.80908276699995, 34.066370046000088 ], [ -6.809344285999885, 34.066566185999989 ], [ -6.809671185999946, 34.06712191500003 ], [ -6.810194224999861, 34.067677644000128 ], [ -6.809475045999875, 34.067612264000047 ], [ -6.808931880999864, 34.067816632000245 ], [ -6.808723177999923, 34.068135303000076 ], [ -6.808494347999897, 34.068004544000189 ], [ -6.808559726999931, 34.067775713000174 ], [ -6.80777516899991, 34.067710334000139 ], [ -6.807186749999914, 34.068396822000125 ], [ -6.807722701999921, 34.068725993000101 ], [ -6.807709788999944, 34.068985241000235 ], [ -6.807938618999856, 34.069214071000147 ], [ -6.807840548999934, 34.069377520999979 ], [ -6.807121369999891, 34.069671730000096 ], [ -6.807579029999943, 34.070227460000069 ], [ -6.807219439999926, 34.070423599000037 ], [ -6.807382889999872, 34.070783188000235 ], [ -6.807742478999955, 34.070815878000076 ], [ -6.807709788999944, 34.071110088000069 ], [ -6.807252129999881, 34.070913948000168 ], [ -6.805715702999862, 34.070783188000235 ], [ -6.805669754999883, 34.070743977000234 ], [ -6.805294924999941, 34.070756069000197 ], [ -6.804580324999961, 34.06995214300008 ], [ -6.803740006999931, 34.070967527000107 ], [ -6.80368892599995, 34.071338917000105 ], [ -6.804277344999946, 34.071992716000125 ], [ -6.804081204999875, 34.072417686000108 ], [ -6.803558166999949, 34.072417686000108 ], [ -6.803232513999944, 34.071845132000135 ], [ -6.802577468999914, 34.071861957000181 ], [ -6.802610157999936, 34.072581135000178 ], [ -6.801596769999946, 34.072679204999986 ], [ -6.801727529999937, 34.073561832999985 ], [ -6.80100835099995, 34.073627213000236 ], [ -6.800812211999869, 34.074117563000129 ], [ -6.800616345999913, 34.07400563900012 ], [ -6.800114072999918, 34.07504367100023 ], [ -6.80008075499984, 34.075044905000141 ], [ -6.800093032999939, 34.075196329999983 ], [ -6.799733443999855, 34.075425160000236 ], [ -6.798523914999919, 34.075784749000036 ], [ -6.798375064999902, 34.07599627400009 ], [ -6.798148921999939, 34.076606859000037 ], [ -6.797612971999911, 34.076785509000104 ], [ -6.79685370899989, 34.07674084700011 ], [ -6.796170483999958, 34.077352153000049 ], [ -6.796170238999935, 34.077353866000124 ], [ -6.796472386999881, 34.077837303000081 ], [ -6.796585733999962, 34.077902072000199 ], [ -6.796317757999873, 34.078482684999983 ], [ -6.795960457999911, 34.079107959999931 ], [ -6.795902207999859, 34.079138704000172 ], [ -6.794643, 34.079803285000196 ], [ -6.794593856999882, 34.079829222000114 ], [ -6.794352606999894, 34.079956547999984 ], [ -6.794320737999954, 34.080370855000069 ], [ -6.794307944999957, 34.080537161000166 ], [ -6.793950644999939, 34.080805136000038 ], [ -6.793695972999956, 34.08086456000018 ], [ -6.79261076899985, 34.081117774000177 ], [ -6.792342793999865, 34.081385749000049 ], [ -6.792432118999898, 34.08183237399993 ], [ -6.792481721999934, 34.082196131000103 ], [ -6.792187723999916, 34.082520599000134 ], [ -6.791887856999892, 34.082682327000043 ], [ -6.791825092999943, 34.082798050000122 ], [ -6.791181567999899, 34.082904275000089 ], [ -6.790645617999871, 34.083484887000168 ], [ -6.790337778999913, 34.084374200000127 ], [ -6.790243654999927, 34.084646113000133 ], [ -6.790126699999917, 34.084676891000015 ], [ -6.789395067999862, 34.084869426000068 ], [ -6.787295928999924, 34.08710255200009 ], [ -6.787448682999866, 34.087535356000046 ], [ -6.78756390399991, 34.08786181500011 ], [ -6.786608396999952, 34.088360340000236 ], [ -6.786536665999961, 34.088397765000082 ], [ -6.784928814999887, 34.08964831600008 ], [ -6.785193738999908, 34.090354779000165 ], [ -6.785238722999907, 34.090512222000143 ], [ -6.784336480999912, 34.090647558000114 ], [ -6.784639964999883, 34.091018484000074 ], [ -6.784702721999849, 34.091169099000183 ], [ -6.784794827999917, 34.091390154000123 ], [ -6.784327078999866, 34.091408144000184 ], [ -6.78424625699995, 34.091459575999977 ], [ -6.783389125999861, 34.091549801000099 ], [ -6.783885358999896, 34.092000922000182 ], [ -6.783885358999896, 34.092542268000045 ], [ -6.782983117999947, 34.093128724999985 ], [ -6.782501337999861, 34.093093275000058 ], [ -6.78226132299983, 34.093354286000078 ], [ -6.782622219999951, 34.094482089000223 ], [ -6.782622219999951, 34.094888098000183 ], [ -6.782171098999925, 34.094617425000081 ], [ -6.781241788999921, 34.09542222500005 ], [ -6.780387723999866, 34.096420599000226 ], [ -6.780427966999923, 34.09660596700013 ], [ -6.779682937999894, 34.097350997000092 ], [ -6.778839824999864, 34.095898090999981 ] ] ] ] } },
{ "type": "Feature", "properties": { "Code_Commu": "04.501.01.03.", "Code_Provi": "04.501.", "CODE_REGIO": "04.", "nom": "Commune de Harhoura", "Marocains_": 20246, "Etrangers_": 704, "Populati_1": 20950, "Menages_": 7021, "nom_arabe": "Ш¬Щ…Ш§Ш№Ш© Ш§Щ„Щ‡Ш±Щ‡Щ€Ш±Ш©" }, "geometry": { "type": "MultiPolygon", "coordinates": [ [ [ [ -6.95657978499986, 33.931556725000121 ], [ -6.956292306999956, 33.931574693000186 ], [ -6.955985387999874, 33.931803487000138 ], [ -6.955220764999865, 33.932373479000034 ], [ -6.952898365999829, 33.9341047220002 ], [ -6.954133329999934, 33.932279123000228 ], [ -6.954558265999935, 33.931650956999931 ], [ -6.952681856999959, 33.931939635000049 ], [ -6.951743652999937, 33.932589161000124 ], [ -6.950805448999915, 33.933022177999987 ], [ -6.950011582999878, 33.933888212999989 ], [ -6.948207343999911, 33.934537739000234 ], [ -6.947269139999889, 33.935692452000126 ], [ -6.946403104999945, 33.93626980900018 ], [ -6.944454526999891, 33.938723574000107 ], [ -6.943227643999933, 33.939373100000182 ], [ -6.942145100999937, 33.939950457000066 ], [ -6.940857025999946, 33.94103515200004 ], [ -6.940773878999948, 33.941105170000128 ], [ -6.940442378999933, 33.941406533000134 ], [ -6.939980012999854, 33.941826865999985 ], [ -6.939435116999903, 33.942216078000229 ], [ -6.938969639999925, 33.942548561000137 ], [ -6.937670586999957, 33.944280631000083 ], [ -6.936732382999935, 33.944930156999988 ], [ -6.936010686999907, 33.945291005000172 ], [ -6.935144651999906, 33.946734396000181 ], [ -6.935072482999885, 33.947456091999982 ], [ -6.935938517999887, 33.947383922000085 ], [ -6.934855973999845, 33.94889948299999 ], [ -6.932041360999904, 33.950920231000168 ], [ -6.929804103999913, 33.952580131000047 ], [ -6.929154577999896, 33.953085318000035 ], [ -6.928144203999864, 33.954167862000077 ], [ -6.927061660999925, 33.954745218000198 ], [ -6.92679839099992, 33.95521910399998 ], [ -6.926786573999891, 33.955240374000141 ], [ -6.926700812999911, 33.955394743999932 ], [ -6.926195625999867, 33.955972101000043 ], [ -6.924535725999931, 33.957126814000105 ], [ -6.923381012999926, 33.957848510000133 ], [ -6.922731486999851, 33.958498036000037 ], [ -6.923164503999885, 33.959003223000195 ], [ -6.922370638999951, 33.958931053000242 ], [ -6.922116468999945, 33.959185224000237 ], [ -6.922009790999937, 33.959291901000086 ], [ -6.92201607599992, 33.959304470000177 ], [ -6.922226299999863, 33.95972491800012 ], [ -6.921810039999912, 33.959586165000076 ], [ -6.921576773999959, 33.959508410000126 ], [ -6.921576773999959, 33.959858205999979 ], [ -6.921576773999959, 33.960302275000174 ], [ -6.920494229999917, 33.960157936000087 ], [ -6.919628194999859, 33.960446613999977 ], [ -6.919075101999908, 33.960667851000096 ], [ -6.918920971999853, 33.961010363000184 ], [ -6.917907582999874, 33.961402643000099 ], [ -6.917515303999835, 33.961860302000048 ], [ -6.916599009999857, 33.960351197000136 ], [ -6.911040409999941, 33.95652194000013 ], [ -6.913687723999942, 33.953820598999982 ], [ -6.914987722999854, 33.952520599000081 ], [ -6.916787722999914, 33.950720599000192 ], [ -6.919487722999861, 33.948020599000074 ], [ -6.919787723999889, 33.947720598999979 ], [ -6.921187723999935, 33.946420599000021 ], [ -6.92388772399994, 33.943820599000048 ], [ -6.924887723999916, 33.942820599000243 ], [ -6.926087723999899, 33.941820599000096 ], [ -6.926287723999849, 33.941620599000089 ], [ -6.927287723999882, 33.940720599000201 ], [ -6.929187723999917, 33.939120598999978 ], [ -6.92978772399988, 33.938520599000071 ], [ -6.931587723999939, 33.93702059899999 ], [ -6.932287722999888, 33.936420599000087 ], [ -6.932887722999794, 33.935820599000181 ], [ -6.933387723999942, 33.935120599000129 ], [ -6.934887723999907, 33.934020599000064 ], [ -6.936587722999946, 33.932620599000074 ], [ -6.93748772399988, 33.93192059900008 ], [ -6.937787722999929, 33.931720599000187 ], [ -6.938287723999906, 33.931320599000173 ], [ -6.938887723999926, 33.931020599000192 ], [ -6.939787723999871, 33.930420599000115 ], [ -6.940587723999954, 33.92972059900012 ], [ -6.941287722999903, 33.929220599000132 ], [ -6.943487722999919, 33.92752059899999 ], [ -6.945387723999943, 33.925920599000108 ], [ -6.946287723999887, 33.925320599000202 ], [ -6.94680545499989, 33.924917919000109 ], [ -6.948087723999947, 33.923920598999985 ], [ -6.950887723999926, 33.921820599000171 ], [ -6.951187723999851, 33.921520599000189 ], [ -6.95208772299992, 33.920920599000112 ], [ -6.953687722999859, 33.919520599000123 ], [ -6.957387722999954, 33.916520599000194 ], [ -6.959287723999921, 33.914920599000141 ], [ -6.964187723999885, 33.911220599000103 ], [ -6.970987722999951, 33.906120599000189 ], [ -6.971287723999922, 33.905920599000126 ], [ -6.975887722999914, 33.902020599000025 ], [ -6.978787722999925, 33.900420599000199 ], [ -6.9851877239999, 33.896720599000105 ], [ -6.98671152199995, 33.895958700000222 ], [ -6.992327928999941, 33.902307682000071 ], [ -6.994221118999917, 33.900713417000077 ], [ -6.994987723999941, 33.900220599000136 ], [ -6.995787723999854, 33.900020599000129 ], [ -6.996048307999956, 33.899933737000026 ], [ -6.996091987999932, 33.899889330000178 ], [ -6.996384298999942, 33.899942585000076 ], [ -6.997060738999949, 33.900065824000023 ], [ -6.999738512999897, 33.902369956000086 ], [ -6.998928952999904, 33.902307682000071 ], [ -6.997496655999953, 33.901435848000233 ], [ -6.996749369999861, 33.90118675299999 ], [ -6.995998246999875, 33.901434079000182 ], [ -6.995895756999914, 33.901467826000044 ], [ -6.995887722999896, 33.901487909000195 ], [ -6.995905639999933, 33.901541660000134 ], [ -6.995877535999853, 33.901560396000093 ], [ -6.995192523999947, 33.903304063000178 ], [ -6.992016559999854, 33.904736361000232 ], [ -6.991082452999933, 33.906106384000168 ], [ -6.98908969099989, 33.907912325000098 ], [ -6.989401059999921, 33.90940689700011 ], [ -6.986349642999926, 33.909344622999924 ], [ -6.983485046999874, 33.909905087000141 ], [ -6.981679106999934, 33.910963742000092 ], [ -6.980620451999926, 33.911960123000199 ], [ -6.980433629999936, 33.912333766000074 ], [ -6.980581920999953, 33.912815710000189 ], [ -6.980443441999853, 33.913479188000167 ], [ -6.980476131999865, 33.914296436000143 ], [ -6.980410752999887, 33.915113685000165 ], [ -6.979593503999865, 33.91583286299999 ], [ -6.977828246999934, 33.918219229000044 ], [ -6.977187723999918, 33.918687909000141 ], [ -6.976912927999933, 33.918578819000174 ], [ -6.975278430999879, 33.919199928000126 ], [ -6.975114981999866, 33.918873028000235 ], [ -6.976128368999866, 33.918382679000104 ], [ -6.975441880999824, 33.917467361000035 ], [ -6.975866849999875, 33.917173151000043 ], [ -6.975572640999872, 33.916552042000035 ], [ -6.975180360999957, 33.916519352000194 ], [ -6.974888238999938, 33.916944869000133 ], [ -6.973872763999907, 33.916977012000075 ], [ -6.973387723999849, 33.917187909000177 ], [ -6.972728615999927, 33.917500051000047 ], [ -6.973611243999869, 33.918513439000094 ], [ -6.974125037999954, 33.91850026700024 ], [ -6.974297732999901, 33.918807649000087 ], [ -6.973709313999905, 33.918905718000133 ], [ -6.972859375999917, 33.918219229000044 ], [ -6.972728615999927, 33.918448059000184 ], [ -6.972287723999955, 33.918987909000236 ], [ -6.971061428999917, 33.919069168000135 ], [ -6.970015350999915, 33.919919106000123 ], [ -6.970342249999931, 33.920376766000174 ], [ -6.969492310999954, 33.921422844000176 ], [ -6.970440319999796, 33.921226703999935 ], [ -6.971486397999911, 33.921259394000174 ], [ -6.971159497999793, 33.921945881999932 ], [ -6.970571078999853, 33.922174712000242 ], [ -6.969655761999888, 33.922926581000183 ], [ -6.968740442999945, 33.923253481000074 ], [ -6.968887723999956, 33.92358790899999 ], [ -6.968282783999882, 33.923939969000173 ], [ -6.96818471399996, 33.924234179000166 ], [ -6.967694364999943, 33.923678450000125 ], [ -6.967138635999902, 33.923580380000203 ], [ -6.966648286999941, 33.923122721000084 ], [ -6.96566758899985, 33.922599682000225 ], [ -6.964883029999953, 33.922795821000193 ], [ -6.964098471999876, 33.923122721000084 ], [ -6.963281222999854, 33.923776519000171 ], [ -6.963387723999858, 33.924587909000138 ], [ -6.963379291999956, 33.924855288000174 ], [ -6.963215842999944, 33.925182187000132 ], [ -6.96279087299996, 33.925901366000176 ], [ -6.962104384999918, 33.926783994000232 ], [ -6.962006314999883, 33.927208964000044 ], [ -6.961875554999892, 33.927568553000185 ], [ -6.961614035999958, 33.927830072000063 ], [ -6.96118906699985, 33.927928142000042 ], [ -6.960894856999857, 33.92825504100017 ], [ -6.960535266999955, 33.928745391000234 ], [ -6.960208368999872, 33.929170360000114 ], [ -6.959816088999958, 33.929301120000105 ], [ -6.958639250999909, 33.929562640000086 ], [ -6.958410420999883, 33.93034719799999 ], [ -6.957691241999896, 33.9305760270002 ], [ -6.957135513999958, 33.93122982599999 ], [ -6.95657978499986, 33.931556725000121 ] ] ] ] } }
]
}
